"WDPAID,""NAME"",""REP_AREA"",""STATUS_YR"",""GOV_TYPE"",""MANG_PLAN"",""ISO3"",""REGION"",""AVERAGE_VIEWS"",""DEGAZETTE"",""DOWNGRADE"",""DOWNSIZE"",""wikidata_url"",""wikidata_id"",""AGRILAND"",""POPDENSITY"",""BUILTUP"",""ROAD"",""GPI2020"",""EXTERNALINTERV"",""TOURISM"",""GDP"""
"756,""Aberdare"",765.7,1950,""Federal or national ministry or agency"",""Not Reported"",""KEN"",""East Africa"",35.1787234042553,0,0,0,""https://www.wikidata.org/wiki/ Q319356"",""Q319356"",82.4,261.5,0.2,32,2.395,2.05,2.93,3.88"
"2279,""Abijatta-Shalla"",887,1963,""Federal or national ministry or agency"",""Not Reported"",""ETH"",""East Africa"",14.9003039513678,0,0,0,""https://www.wikidata.org/wiki/ Q321200"",""Q321200"",99.2,420.7,0.2,5.2,2.507,3.95,4.81,4.91"
"875,""Addo-Elephant National Park"",1377.42356731,1931,""Federal or national ministry or agency"",""Not Reported"",""ZAF"",""Austral Africa"",86.3623100303951,2,0,4,""https://www.wikidata.org/wiki/ Q353318"",""Q353318"",NA,NA,NA,NA,2.321,2.15,1.4,4.38"
"301881,""Agulhas National Park"",201.308612853,1999,""Federal or national ministry or agency"",""Not Reported"",""ZAF"",""Austral Africa"",8.69300911854103,0,0,0,""https://www.wikidata.org/wiki/ Q398525"",""Q398525"",14.6,6.7,0.7,16.8,2.321,2.15,1.4,4.38"
"8785,""Ai-Ais Hot Springs"",4354,2002,""Federal or national ministry or agency"",""Not Reported"",""NAM"",""Austral Africa"",5.11707317073171,0,0,0,""https://www.wikidata.org/wiki/ Q394749"",""Q394749"",0,0.4,0,3.9,1.845,4.07,4.51,4.97"
"862,""Akagera"",1121.93,1934,""Federal or national ministry or agency"",""Not Reported"",""RWA"",""East Africa"",24.1641337386018,0,0,1,""https://www.wikidata.org/wiki/ Q116715"",""Q116715"",23.6,81.2,0.1,8.3,1.99,3.51,4.61,4.93"
"72320,""Akanda"",411,2002,""Federal or national ministry or agency"",""Reported & Existent"",""GAB"",""Central Africa"",5.23343465045593,0,0,0,""https://www.wikidata.org/wiki/ Q3105583"",""Q3105583"",0.5,34.6,0.3,4.6,2.096,2.71,4.86,4.14"
"342654,""Alitash"",2665.7,2006,""Federal or national ministry or agency"",""Not Reported"",""ETH"",""East Africa"",NA,0,0,0,""https://www.wikidata.org/wiki/ Q15051136"",""Q15051136"",4.5,46.4,0,3.2,2.507,3.95,4.81,4.91"
"20268,""Altos de Nsork"",700,2000,""Not Reported"",""Reported & Absent"",""GNQ"",""Central Africa"",1.71185410334347,0,0,0,""https://www.wikidata.org/wiki/ Q4736972"",""Q4736972"",0,23.6,0,8.2,1.775,2.98,4.36,4.55"
"758,""Amboseli"",392,1974,""Federal or national ministry or agency"",""Not Reported"",""KEN"",""East Africa"",100.666261398176,0,1,4,""https://www.wikidata.org/wiki/ Q458423"",""Q458423"",5.6,30.7,0,6.9,2.395,2.05,2.93,3.88"
"5021,""Analamazaotra"",26.53355,1970,""Not Reported"",""Not Reported"",""MDG"",""Austral Africa"",NA,0,0,0,""https://www.wikidata.org/wiki/ Q3457626"",""Q3457626"",NA,NA,NA,NA,1.905,2.23,3.51,2.5"
"2303,""Andohahela"",872.0592,1939,""Not Reported"",""Not Reported"",""MDG"",""Austral Africa"",7.81641337386018,0,0,0,""https://www.wikidata.org/wiki/ Q1968746"",""Q1968746"",1.3,31.8,0,8.9,1.905,2.23,3.51,2.5"
"2258,""Andre Felix"",951.93,1960,""Not Reported"",""Not Reported"",""CAF"",""Central Africa"",1.92887537993921,0,0,0,""https://www.wikidata.org/wiki/ Q937596"",""Q937596"",0,0,0,4.5,3.072,4.78,4.98,4.97"
"2308,""Andringitra"",538.17053,1927,""Not Reported"",""Not Reported"",""MDG"",""Austral Africa"",10.8048632218845,0,0,0,""https://www.wikidata.org/wiki/ Q1116933"",""Q1116933"",4.2,45.2,0,7.3,1.905,2.23,3.51,2.5"
"1299,""Ankarafantsika"",1695.32808,1927,""Not Reported"",""Not Reported"",""MDG"",""Austral Africa"",10.7465045592705,0,0,0,""https://www.wikidata.org/wiki/ Q1936476"",""Q1936476"",24.9,123.1,0,12.4,1.905,2.23,3.51,2.5"
"29801,""Arabuko Sokoke"",6,1990,""Federal or national ministry or agency"",""Not Reported"",""KEN"",""East Africa"",14.136170212766,0,0,0,""https://www.wikidata.org/wiki/ Q624443"",""Q624443"",11.3,164.2,0,12.8,2.395,2.05,2.93,3.88"
"925,""Arusha National Park"",111.782167411,1960,""Federal or national ministry or agency"",""Not Reported"",""TZA"",""East Africa"",35.9428571428571,0,0,0,""https://www.wikidata.org/wiki/ Q716801"",""Q716801"",45.9,564,0,16.7,1.854,2.88,4.75,4.92"
"878,""Augrabies Falls National Park"",482.538977696,1966,""Federal or national ministry or agency"",""Not Reported"",""ZAF"",""Austral Africa"",19.9082066869301,0,0,7,""https://www.wikidata.org/wiki/ Q760459"",""Q760459"",2.9,7.9,1.1,17.2,2.321,2.15,1.4,4.38"
"652,""Awash"",590,1969,""Federal or national ministry or agency"",""Not Reported"",""ETH"",""East Africa"",35.4018237082067,0,0,0,""https://www.wikidata.org/wiki/ Q791635"",""Q791635"",11.7,152.6,0.1,11.2,2.507,3.95,4.81,4.91"
"7522,""Azagny National Park"",194,1981,""Government-delegated management"",""Reported & Existent"",""CIV"",""Western Africa"",4.35866261398176,0,0,0,""https://www.wikidata.org/wiki/ Q3091738"",""Q3091738"",1.8,88.4,1,3.6,2.129,4.74,4.92,4.96"
"29069,""Badiar"",382,1985,""Not Reported"",""Not Reported"",""GIN"",""Western Africa"",2.50578210590383,0,0,0,""https://www.wikidata.org/wiki/ Q3364507"",""Q3364507"",21.9,0,0,17.9,2.032,2.49,4.38,4.45"
"2337,""Badingilo"",16000,1986,""Federal or national ministry or agency"",""Reported & Existent"",""SSD"",""East Africa"",7,0,0,0,""https://www.wikidata.org/wiki/ Q2706891"",""Q2706891"",0.4,77.8,0.2,5.2,3.287,4.76,4.96,4.89"
"303698,""Baie de Baly"",1254.05374,1997,""Not Reported"",""Not Reported"",""MDG"",""Austral Africa"",4.85227963525836,0,0,0,""https://www.wikidata.org/wiki/ Q1968753"",""Q1968753"",2.2,45.6,0,8.3,1.905,2.23,3.51,2.5"
"555547998,""Bakossi"",293.2,2007,""Federal or national ministry or agency"",""Reported & Absent"",""CMR"",""Central Africa"",2.07294832826748,0,0,0,""https://www.wikidata.org/wiki/ Q4849511"",""Q4849511"",0.1,36.1,0.3,10.3,2.645,3.81,4.76,4.84"
"2281,""Bale Mountains"",215,1969,""Federal or national ministry or agency"",""Not Reported"",""ETH"",""East Africa"",44.7756838905775,0,0,0,""https://www.wikidata.org/wiki/ Q804881"",""Q804881"",64,90.2,0,5.6,2.507,3.95,4.81,4.91"
"639,""Bamingui-Bangoran"",11191.1,1933,""Not Reported"",""Not Reported"",""CAF"",""Central Africa"",3.69300911854103,0,0,0,""https://www.wikidata.org/wiki/ Q1885849"",""Q1885849"",0.6,2,0,3.2,3.072,4.78,4.98,4.97"
"797,""Banc d'Arguin"",12075,1978,""Not Reported"",""Not Reported"",""MRT"",""Western Africa"",21.4705167173252,0,0,0,""https://www.wikidata.org/wiki/ Q539518"",""Q539518"",0,0.1,0,1.5,2.184,1.88,1,3.71"
"725,""Banco National Park"",34.38,1953,""Government-delegated management"",""Reported & Existent"",""CIV"",""Western Africa"",6.65896656534954,0,0,0,""https://www.wikidata.org/wiki/ Q1858100"",""Q1858100"",1.1,7657.9,38.4,10.6,2.129,4.74,4.92,4.96"
"799,""Banhine"",7250,1973,""Collaborative governance"",""Reported & Existent"",""MOZ"",""Austral Africa"",6.54893617021277,0,0,0,""https://www.wikidata.org/wiki/ Q4855656"",""Q4855656"",1,1.3,0,5.7,2.132,3.86,4.39,4.06"
"868,""Basse-Casamance"",50,1970,""Federal or national ministry or agency"",""Not Reported"",""SEN"",""Western Africa"",3.48296836982968,0,0,0,""https://www.wikidata.org/wiki/ Q1574109"",""Q1574109"",20.1,60.5,0.5,22.5,1.84,3.15,4.67,4.84"
"802,""Bazaruto"",1430,1971,""Collaborative governance"",""Reported & Existent"",""MOZ"",""Austral Africa"",5.20161290322581,0,0,0,""https://www.wikidata.org/wiki/ Q1102054"",""Q1102054"",0,NA,NA,NA,2.132,3.86,4.39,4.06"
"20272,""Befotaka Midongy"",3111.66707,1953,""Not Reported"",""Not Reported"",""MDG"",""Austral Africa"",2.52340425531915,0,0,0,""https://www.wikidata.org/wiki/ Q1636690"",""Q1636690"",1.4,46.3,0,8,1.905,2.23,3.51,2.5"
"303702,""Bemaraha"",2316.31083,1997,""Not Reported"",""Not Reported"",""MDG"",""Austral Africa"",87.2516717325228,0,0,0,""https://www.wikidata.org/wiki/ Q1969107"",""Q1969107"",1.3,24.7,0,8.9,1.905,2.23,3.51,2.5"
"672,""Bia National Park"",78,1974,""Federal or national ministry or agency"",""Reported & Existent"",""GHA"",""Western Africa"",5.24437689969605,0,0,0,""https://www.wikidata.org/wiki/ Q855195"",""Q855195"",0,113.7,0.4,12.5,1.796,1,1,1"
"39872,""Black River Gorges"",65.74,1994,""Federal or national ministry or agency"",""Reported & Existent"",""MUS"",""Austral Africa"",46.5112462006079,0,0,0,""https://www.wikidata.org/wiki/ Q2421766"",""Q2421766"",2.1,192.4,2.8,11,1.54,4.82,4.95,4.92"
"1097,""Blue Lagoon"",455,1973,""Federal or national ministry or agency"",""Not Reported"",""ZMB"",""Austral Africa"",4.75197568389058,0,1,0,""https://www.wikidata.org/wiki/ Q882447"",""Q882447"",34.3,51.4,0,5.5,1.788,3.55,4.69,4.9"
"1371,""Boma"",20000,1986,""Federal or national ministry or agency"",""Reported & Existent"",""SSD"",""East Africa"",10.0322188449848,0,0,0,""https://www.wikidata.org/wiki/ Q891743"",""Q891743"",0.4,18.8,0,7,3.287,4.76,4.96,4.89"
"555512167,""Bong Mountain"",248.12,2003,""Federal or national ministry or agency"",""Not Reported"",""LBR"",""Western Africa"",NA,0,0,0,NA,NA,NA,NA,NA,NA,1.864,3.64,4.72,4.92"
"882,""Bontebok National Park"",34.1566893231,1961,""Federal or national ministry or agency"",""Not Reported"",""ZAF"",""Austral Africa"",11.8376899696049,0,0,2,""https://www.wikidata.org/wiki/ Q892884"",""Q892884"",66.2,52.4,0.4,46.2,2.321,2.15,1.4,4.38"
"606,""Bouba Ndjida"",2200,1968,""Federal or national ministry or agency"",""Reported & Existent"",""CMR"",""Central Africa"",4.87051671732523,0,0,0,""https://www.wikidata.org/wiki/ Q894949"",""Q894949"",9.4,4.3,0,5.3,2.645,3.81,4.76,4.84"
"597,""Boucle de la Pendjari"",2755,1961,""Not Reported"",""Not Reported"",""BEN"",""Western Africa"",28.1057750759878,0,0,0,""https://www.wikidata.org/wiki/ Q1474363"",""Q1474363"",1.3,4,0,1.2,2.178,3.14,4.92,4.87"
"308624,""Boumba Bek"",2382.55,2005,""Federal or national ministry or agency"",""Reported & Existent"",""CMR"",""Central Africa"",2.97506082725061,0,0,0,""https://www.wikidata.org/wiki/ Q895125"",""Q895125"",0,2.9,0,1,2.645,3.81,4.76,4.84"
"342670,""Boé"",1053.37,NA,""Not Reported"",""Not Reported"",""GNB"",""Western Africa"",NA,0,0,0,NA,NA,NA,NA,NA,NA,2.084,3.46,4.98,4.88"
"671,""Bui"",1858.53293,1971,""Federal or national ministry or agency"",""Reported & Absent"",""GHA"",""Western Africa"",6.98966565349544,0,0,0,""https://www.wikidata.org/wiki/ Q1002702"",""Q1002702"",2.2,20.1,0.1,5.9,1.796,1,1,1"
"303692,""Bwabwata"",6277,2007,""Federal or national ministry or agency"",""Not Reported"",""NAM"",""Austral Africa"",15.4115501519757,0,0,0,""https://www.wikidata.org/wiki/ Q3364406"",""Q3364406"",6.8,11.1,0.1,4.3,1.845,4.07,4.51,4.97"
"18437,""Bwindi Impenetrable"",327,1991,""Federal or national ministry or agency"",""Not Reported"",""UGA"",""East Africa"",76.3647416413374,0,0,1,""https://www.wikidata.org/wiki/ Q500397"",""Q500397"",71.4,268.4,0,11.3,2.222,3.95,4.66,4.93"
"607,""Bénoué"",1800,1968,""Federal or national ministry or agency"",""Reported & Existent"",""CMR"",""Central Africa"",5.83282674772036,0,0,0,""https://www.wikidata.org/wiki/ Q1019469"",""Q1019469"",7.5,15.1,0,6.6,2.645,3.81,4.76,4.84"
"4035,""Camdeboo National Park"",186.86167883,2005,""Federal or national ministry or agency"",""Not Reported"",""ZAF"",""Austral Africa"",9.20547112462006,0,0,0,""https://www.wikidata.org/wiki/ Q655377"",""Q655377"",1.8,63.2,0.5,17.7,2.321,2.15,1.4,4.38"
"1242,""Campo-Ma'an"",2640.64,2000,""Federal or national ministry or agency"",""Reported & Existent"",""CMR"",""Central Africa"",3.41094224924012,0,0,0,""https://www.wikidata.org/wiki/ Q1031366"",""Q1031366"",0,17.4,0,7.2,2.645,3.81,4.76,4.84"
"351088,""Cantanhez Forest"",1057.67,2007,""Not Reported"",""Not Reported"",""GNB"",""Western Africa"",1.13726790450928,0,0,0,""https://www.wikidata.org/wiki/ Q5033548"",""Q5033548"",NA,NA,NA,NA,2.084,3.46,4.98,4.88"
"1361,""Cape Cross Seal Reserve"",10,1969,""Federal or national ministry or agency"",""Not Reported"",""NAM"",""Austral Africa"",25.6036474164134,0,0,0,""https://www.wikidata.org/wiki/ Q858128"",""Q858128"",NA,NA,NA,NA,1.845,4.07,4.51,4.97"
"7887,""Central Island"",5,1983,""Federal or national ministry or agency"",""Not Reported"",""KEN"",""East Africa"",13.0346504559271,0,0,0,""https://www.wikidata.org/wiki/ Q1053880"",""Q1053880"",NA,NA,NA,NA,2.395,2.05,2.93,3.88"
"36026,""Cestos-Senkwehn"",832.09,2003,""Federal or national ministry or agency"",""Not Reported"",""LBR"",""Western Africa"",NA,0,0,0,NA,NA,NA,NA,NA,NA,1.864,3.64,4.72,4.92"
"342517,""Chebera Churchura"",1190,2006,""Sub-national ministry or agency"",""Not Reported"",""ETH"",""East Africa"",5.2576,0,0,0,""https://www.wikidata.org/wiki/ Q28223075"",""Q28223075"",17.2,104.5,0,3.2,2.507,3.95,4.81,4.91"
"2532,""Chimanimani"",171.1,1950,""Not Reported"",""Not Reported"",""ZWE"",""Austral Africa"",NA,0,0,0,""https://www.wikidata.org/wiki/ Q18712846"",""Q18712846"",2.5,85.3,0,1.7,2.302,3.79,4.44,4.89"
"1105,""Chizarira"",1910,1975,""Not Reported"",""Not Reported"",""ZWE"",""Austral Africa"",4.37386018237082,0,0,0,""https://www.wikidata.org/wiki/ Q1075091"",""Q1075091"",6.7,2.8,0,16.4,2.302,3.79,4.44,4.89"
"600,""Chobe"",11000,1968,""Federal or national ministry or agency"",""Not Reported"",""BWA"",""Austral Africa"",106.243161094225,0,0,0,""https://www.wikidata.org/wiki/ Q859389"",""Q859389"",0.5,8.7,0,2.1,1.812,2.01,4.56,4.18"
"19563,""Chyulu Hills"",471,1983,""Federal or national ministry or agency"",""Not Reported"",""KEN"",""East Africa"",13.7519756838906,0,0,0,""https://www.wikidata.org/wiki/ Q5118629"",""Q5118629"",14.6,28.2,0,7,2.395,2.05,2.93,3.88"
"7523,""Comoe National Park"",11487.56,1968,""Government-delegated management"",""Reported & Existent"",""CIV"",""Western Africa"",16.3835866261398,0,0,1,""https://www.wikidata.org/wiki/ Q501344"",""Q501344"",3.8,16.4,0,5.6,2.129,4.74,4.92,4.96"
"313401,""Conkouati-Douli"",5049.5,1999,""Federal or national ministry or agency"",""Reported & Existent"",""COG"",""Central Africa"",4.53313069908815,0,0,1,""https://www.wikidata.org/wiki/ Q3015338"",""Q3015338"",1.4,22.5,0,1.8,2.276,3.81,4.48,1"
"20299,""Cross River"",8000,1991,""Federal or national ministry or agency"",""Not Reported"",""NGA"",""Western Africa"",34.9519756838906,0,0,0,""https://www.wikidata.org/wiki/ Q3015318"",""Q3015318"",0,32.4,0,4.3,2.782,3.73,4.65,4.79"
"1362,""Daan Viljoen Game Park"",40,1968,""Federal or national ministry or agency"",""Not Reported"",""NAM"",""Austral Africa"",4.40182370820669,0,0,0,""https://www.wikidata.org/wiki/ Q1156470"",""Q1156470"",0,593.4,1.4,4.9,1.845,4.07,4.51,4.97"
"866,""Delta du Saloum"",760,1976,""Federal or national ministry or agency"",""Reported & Existent"",""SEN"",""Western Africa"",8.91550151975684,0,0,0,""https://www.wikidata.org/wiki/ Q390208"",""Q390208"",3.6,55.2,2,1.9,1.84,3.15,4.67,4.84"
"555547995,""Deng Deng"",682.64,2010,""Federal or national ministry or agency"",""Reported & Absent"",""CMR"",""Central Africa"",NA,0,0,0,""https://www.wikidata.org/wiki/ Q23681074"",""Q23681074"",0.2,5.8,0,3,2.645,3.81,4.76,4.84"
"670,""Digya"",3478.3,1971,""Federal or national ministry or agency"",""Reported & Existent"",""GHA"",""Western Africa"",11.248632218845,0,0,0,""https://www.wikidata.org/wiki/ Q491509"",""Q491509"",0.8,20.8,0,4.2,1.796,1,1,1"
"2336,""Dinder"",10000,1935,""Federal or national ministry or agency"",""Reported & Existent"",""SDN"",""East Africa"",17.9544072948328,0,0,0,""https://www.wikidata.org/wiki/ Q1226290"",""Q1226290"",45.4,36.2,0,9,2.941,4.38,4.8,4.95"
"365023,""Donkoro Chaka"",80,NA,""Sub-national ministry or agency"",""Not Reported"",""ETH"",""East Africa"",NA,0,0,0,NA,NA,NA,NA,NA,NA,2.507,3.95,4.81,4.91"
"555543018,""Dorob"",8176,2010,""Federal or national ministry or agency"",""Not Reported"",""NAM"",""Austral Africa"",7.21398176291793,0,0,0,""https://www.wikidata.org/wiki/ Q1246079"",""Q1246079"",0,43.5,1.1,3.7,1.845,4.07,4.51,4.97"
"1244,""Douala Edéa"",2715.12,2018,""Federal or national ministry or agency"",""Reported & Absent"",""CMR"",""Central Africa"",NA,0,0,0,""https://www.wikidata.org/wiki/ Q1251334"",""Q1251334"",0,NA,NA,NA,2.645,3.81,4.76,4.84"
"33050,""Dulombi"",1770,1991,""Not Reported"",""Not Reported"",""GNB"",""Western Africa"",NA,0,0,0,NA,NA,NA,NA,NA,NA,2.084,3.46,4.98,4.88"
"31458,""Dzanga-Ndoki"",1143.26,1990,""Not Reported"",""Not Reported"",""CAF"",""Central Africa"",12.7714285714286,0,0,0,""https://www.wikidata.org/wiki/ Q3364411"",""Q3364411"",0,0.1,0,0,3.072,4.78,4.98,4.97"
"555548870,""Ebo"",1000,NA,""Federal or national ministry or agency"",""Reported & Absent"",""CMR"",""Central Africa"",1.58394160583942,0,0,0,""https://www.wikidata.org/wiki/ Q5331902"",""Q5331902"",NA,NA,NA,NA,2.645,3.81,4.76,4.84"
"884,""Etosha"",22941,1975,""Federal or national ministry or agency"",""Not Reported"",""NAM"",""Austral Africa"",121.919756838906,1,0,3,""https://www.wikidata.org/wiki/ Q675633"",""Q675633"",1.2,2.2,0,2.4,1.845,4.07,4.51,4.97"
"1241,""Faro"",3300,1980,""Federal or national ministry or agency"",""Reported & Existent"",""CMR"",""Central Africa"",4.01762917933131,0,0,0,""https://www.wikidata.org/wiki/ Q1397016"",""Q1397016"",5.3,26.9,0,5.3,2.645,3.81,4.76,4.84"
"2340,""Fazao-Malfakassa"",1920,1951,""Federal or national ministry or agency"",""Reported & Existent"",""TGO"",""Western Africa"",4.65367647058823,0,0,0,""https://www.wikidata.org/wiki/ Q144029"",""Q144029"",3.7,76.2,0,3.4,2.084,3.14,4.79,4.91"
"2342,""Fosse aux Lions"",16.5,1954,""Federal or national ministry or agency"",""Reported & Absent"",""TGO"",""Western Africa"",2.58297872340426,0,0,0,""https://www.wikidata.org/wiki/ Q19461810"",""Q19461810"",166,3005.2,0.1,14.6,2.084,3.14,4.79,4.91"
"555512165,""Foya"",1646.280467,2003,""Federal or national ministry or agency"",""Not Reported"",""LBR"",""Western Africa"",NA,0,0,0,NA,NA,NA,NA,NA,NA,1.864,3.64,4.72,4.92"
"13704,""Gambella"",4575,1974,""Federal or national ministry or agency"",""Not Reported"",""ETH"",""East Africa"",10.8333333333333,0,0,0,""https://www.wikidata.org/wiki/ Q288545"",""Q288545"",0.9,19.4,0,4.6,2.507,3.95,4.81,4.91"
"1083,""Garamba"",5000,1938,""Not Reported"",""Not Reported"",""COD"",""Central Africa"",27.2601823708207,0,0,0,""https://www.wikidata.org/wiki/ Q308893"",""Q308893"",0.3,1.1,0,8.5,3.109,4.16,4,1.66"
"881,""Garden Route National Park"",1263.8601143,1964,""Federal or national ministry or agency"",""Not Reported"",""ZAF"",""Austral Africa"",59.2699088145897,0,0,2,""https://www.wikidata.org/wiki/ Q428102"",""Q428102"",9.3,67.6,1.2,16.8,2.321,2.15,1.4,4.38"
"7873,""Gashaka-Gumti"",6730,1991,""Federal or national ministry or agency"",""Not Reported"",""NGA"",""Western Africa"",20.8133738601824,0,0,0,""https://www.wikidata.org/wiki/ Q1495137"",""Q1495137"",10.2,50.5,0,4.2,2.782,3.73,4.65,4.79"
"555512168,""Gbi"",884.09458,2003,""Federal or national ministry or agency"",""Not Reported"",""LBR"",""Western Africa"",0.688753799392097,0,0,0,""https://www.wikidata.org/wiki/ Q5559097"",""Q5559097"",NA,NA,NA,NA,1.864,3.64,4.72,4.92"
"7508,""Gemsbok"",26310,1971,""Federal or national ministry or agency"",""Not Reported"",""BWA"",""Austral Africa"",132.716109422492,0,0,0,""https://www.wikidata.org/wiki/ Q859385"",""Q859385"",0,0.1,0,1.1,1.812,2.01,4.56,4.18"
"9171,""Gola Forest National Park"",979.749902,2003,""Federal or national ministry or agency"",""Not Reported"",""LBR"",""Western Africa"",10.1738601823708,0,0,0,""https://www.wikidata.org/wiki/ Q1512159"",""Q1512159"",0,22.4,0,4.7,1.864,3.64,4.72,4.92"
"555542335,""Gola Rainforest National Park"",710.7,2010,""Federal or national ministry or agency"",""Reported & Existent"",""SLE"",""Western Africa"",10.1738601823708,0,0,0,""https://www.wikidata.org/wiki/ Q1512159"",""Q1512159"",0,63.3,0.1,14.8,1.855,3.68,4.99,4.97"
"879,""Golden Gate Highlands National Park"",330.943166453,1963,""Federal or national ministry or agency"",""Not Reported"",""ZAF"",""Austral Africa"",54.063829787234,0,0,3,""https://www.wikidata.org/wiki/ Q654851"",""Q654851"",16.3,207.4,3.1,20,2.321,2.15,1.4,4.38"
"926,""Gombe National Park"",34.4090769987,1968,""Federal or national ministry or agency"",""Not Reported"",""TZA"",""East Africa"",90.9465045592705,0,0,0,""https://www.wikidata.org/wiki/ Q856665"",""Q856665"",7.8,196.1,0.4,4.8,1.854,2.88,4.75,4.92"
"1104,""Gonarezhou"",5053,1975,""Not Reported"",""Not Reported"",""ZWE"",""Austral Africa"",18.5860182370821,0,0,0,""https://www.wikidata.org/wiki/ Q595121"",""Q595121"",7.2,7.1,0,7.8,2.302,3.79,4.44,4.89"
"801,""Gorongosa"",4086,1960,""Collaborative governance"",""Reported & Existent"",""MOZ"",""Austral Africa"",74.941641337386,0,0,3,""https://www.wikidata.org/wiki/ Q113952"",""Q113952"",6,47.7,0,8.3,2.132,3.86,4.39,4.06"
"555512169,""Grand Kru-River Gee"",1351.002683,2003,""Federal or national ministry or agency"",""Not Reported"",""LBR"",""Western Africa"",NA,0,0,0,NA,NA,NA,NA,NA,NA,1.864,3.64,4.72,4.92"
"18002,""Gross Barmen Hot Springs"",1,1968,""Federal or national ministry or agency"",""Not Reported"",""NAM"",""Austral Africa"",2.67720364741641,0,0,0,""https://www.wikidata.org/wiki/ Q1351026"",""Q1351026"",NA,NA,NA,NA,1.845,4.07,4.51,4.97"
"62088,""Gujba"",448,NA,""Federal or national ministry or agency"",""Not Reported"",""NGA"",""Western Africa"",NA,0,0,0,NA,NA,NA,NA,NA,NA,2.782,3.73,4.65,4.79"
"18005,""Hardap Recreation Resort"",243,1968,""Federal or national ministry or agency"",""Not Reported"",""NAM"",""Austral Africa"",1.71776504297994,0,0,0,""https://www.wikidata.org/wiki/ Q1351009"",""Q1351009"",3.2,3.9,0.1,4.6,1.845,4.07,4.51,4.97"
"7506,""Hell's Gate"",68.26,1984,""Federal or national ministry or agency"",""Not Reported"",""KEN"",""East Africa"",122.231610942249,0,0,0,""https://www.wikidata.org/wiki/ Q1603133"",""Q1603133"",29.4,179.2,0.6,5.8,2.395,2.05,2.93,3.88"
"7444,""Hlane Royal National Park"",217.358262,1967,""Joint governance"",""Not Reported"",""SWZ"",""Austral Africa"",8.78419452887538,0,0,0,""https://www.wikidata.org/wiki/ Q9067090"",""Q9067090"",42.2,52,0.2,6.7,1.929,2.1,3.52,2.08"
"1991,""Hwange"",14651,1949,""Not Reported"",""Not Reported"",""ZWE"",""Austral Africa"",92.8170212765957,0,0,0,""https://www.wikidata.org/wiki/ Q1571380"",""Q1571380"",2.9,1.9,0,12.2,2.302,3.79,4.44,4.89"
"20174,""Iles Ehotile National Park"",7.22,1974,""Government-delegated management"",""Reported & Existent"",""CIV"",""Western Africa"",2.57407407407407,0,0,0,""https://www.wikidata.org/wiki/ Q2749744"",""Q2749744"",0,NA,NA,NA,2.129,4.74,4.92,4.96"
"870,""Iles de la Madeleine"",0.45,1976,""Federal or national ministry or agency"",""Reported & Existent"",""SEN"",""Western Africa"",6.59358288770053,0,0,0,""https://www.wikidata.org/wiki/ Q292411"",""Q292411"",NA,NA,NA,NA,1.84,3.15,4.67,4.84"
"2312,""Isalo"",1133.74187,1962,""Not Reported"",""Not Reported"",""MDG"",""Austral Africa"",31.8303951367781,0,0,0,""https://www.wikidata.org/wiki/ Q120414"",""Q120414"",2.5,42.8,0,9.8,1.905,2.23,3.51,2.5"
"1096,""Isangano"",831,1971,""Federal or national ministry or agency"",""Not Reported"",""ZMB"",""Austral Africa"",2.15258358662614,0,1,0,""https://www.wikidata.org/wiki/ Q1673711"",""Q1673711"",6.8,0.7,0,4.4,1.788,3.55,4.69,4.9"
"303873,""Ivindo"",2967,2002,""Federal or national ministry or agency"",""Reported & Existent"",""GAB"",""Central Africa"",6.37325227963526,0,0,0,""https://www.wikidata.org/wiki/ Q9055979"",""Q9055979"",0,5.2,0.1,1.6,2.096,2.71,4.86,4.14"
"350036,""Jozani-Chwaka Bay"",50,2004,""Federal or national ministry or agency"",""Not Reported"",""TZA"",""East Africa"",26.0054711246201,0,0,0,""https://www.wikidata.org/wiki/ Q2549607"",""Q2549607"",3,133.4,0.2,10.8,1.854,2.88,4.75,4.92"
"365024,""Kafta-Shiraro"",1878,2007,""Federal or national ministry or agency"",""Not Reported"",""ETH"",""East Africa"",6.90334346504559,0,0,0,""https://www.wikidata.org/wiki/ Q19376740"",""Q19376740"",42.5,153.9,0,9.2,2.507,3.95,4.81,4.91"
"1085,""Kafue"",22309,1971,""Federal or national ministry or agency"",""Not Reported"",""ZMB"",""Austral Africa"",26.1294832826748,0,1,0,""https://www.wikidata.org/wiki/ Q1721097"",""Q1721097"",5.8,0.4,0,3.2,1.788,3.55,4.69,4.9"
"1082,""Kahuzi-Biega"",6689.37199351,1970,""Not Reported"",""Not Reported"",""COD"",""Central Africa"",16.4413373860182,0,0,0,""https://www.wikidata.org/wiki/ Q457324"",""Q457324"",14.8,96.4,0,6.9,3.109,4.16,4,1.66"
"819,""Kainji Lake"",5380,1979,""Federal or national ministry or agency"",""Not Reported"",""NGA"",""Western Africa"",17.8668693009119,0,0,0,""https://www.wikidata.org/wiki/ Q1473988"",""Q1473988"",47.2,19.8,0,5.9,2.782,3.73,4.65,4.79"
"26460,""Kakum"",210.7629795,1991,""Federal or national ministry or agency"",""Reported & Existent"",""GHA"",""Western Africa"",75.4711246200608,0,0,0,""https://www.wikidata.org/wiki/ Q568693"",""Q568693"",0.5,82.1,0.5,15.8,1.796,1,1,1"
"874,""Kalahari Gemsbok National Park"",9589.55936225,1931,""Federal or national ministry or agency"",""Not Reported"",""ZAF"",""Austral Africa"",132.716109422492,0,0,3,""https://www.wikidata.org/wiki/ Q859385"",""Q859385"",0,0.2,0,7,2.321,2.15,1.4,4.38"
"609,""Kalamaloué"",45,1968,""Federal or national ministry or agency"",""Reported & Absent"",""CMR"",""Central Africa"",NA,0,0,0,NA,NA,NA,NA,NA,NA,2.645,3.81,4.76,4.84"
"7874,""Kamuku"",1211.3,1999,""Federal or national ministry or agency"",""Not Reported"",""NGA"",""Western Africa"",10.1234042553191,0,0,0,""https://www.wikidata.org/wiki/ Q1107175"",""Q1107175"",51.9,27.6,0.1,10.4,2.782,3.73,4.65,4.79"
"876,""Karoo National Park"",822.313769829,1979,""Federal or national ministry or agency"",""Not Reported"",""ZAF"",""Austral Africa"",20.4121580547112,0,0,4,""https://www.wikidata.org/wiki/ Q1734287"",""Q1734287"",0.4,20.6,0.1,15.6,2.321,2.15,1.4,4.38"
"1099,""Kasanka"",466,1971,""Federal or national ministry or agency"",""Not Reported"",""ZMB"",""Austral Africa"",11.5854103343465,0,1,0,""https://www.wikidata.org/wiki/ Q1734819"",""Q1734819"",5.2,0,0,4.3,1.788,3.55,4.69,4.9"
"780,""Kasungu National Park"",2358.623436,1970,""Federal or national ministry or agency"",""Reported & Existent"",""MWI"",""Austral Africa"",7.04012158054711,0,0,0,""https://www.wikidata.org/wiki/ Q1735508"",""Q1735508"",44.9,58.9,0,4.8,1.898,3.15,4.82,4.28"
"921,""Katavi National Park"",4207.57354478,1974,""Federal or national ministry or agency"",""Not Reported"",""TZA"",""East Africa"",16.3234042553191,0,0,0,""https://www.wikidata.org/wiki/ Q1422525"",""Q1422525"",32.2,49.5,0,7,1.854,2.88,4.75,4.92"
"1112,""Kazuma Pan"",313,1975,""Not Reported"",""Not Reported"",""ZWE"",""Austral Africa"",3.32462006079027,0,0,0,""https://www.wikidata.org/wiki/ Q1737562"",""Q1737562"",7.3,5.7,0,11.1,2.302,3.79,4.44,4.89"
"17999,""Khaudum"",3842,2008,""Federal or national ministry or agency"",""Not Reported"",""NAM"",""Austral Africa"",5.19242902208202,0,0,0,""https://www.wikidata.org/wiki/ Q1516690"",""Q1516690"",0.1,0.1,0,3.9,1.845,4.07,4.51,4.97"
"2289,""Kiang West"",236.2141,1987,""Joint governance"",""Reported & Existent"",""GMB"",""Western Africa"",7.01094224924012,0,0,0,""https://www.wikidata.org/wiki/ Q1740765"",""Q1740765"",18.3,44.8,0.1,21.7,1.925,1.88,1,4.12"
"40002,""Kibale"",766,NA,""Federal or national ministry or agency"",""Not Reported"",""UGA"",""East Africa"",23.0772036474164,0,0,1,""https://www.wikidata.org/wiki/ Q1740785"",""Q1740785"",69.7,286.2,0.1,6.5,2.222,3.95,4.66,4.93"
"9161,""Kibira"",400,1934,""Federal or national ministry or agency"",""Reported & Existent"",""BDI"",""East Africa"",8.39635258358663,0,0,0,""https://www.wikidata.org/wiki/ Q3084668"",""Q3084668"",57.7,516.1,0.1,33,2.418,4.34,4.93,4.99"
"958,""Kidepo Valley"",1430,1962,""Federal or national ministry or agency"",""Not Reported"",""UGA"",""East Africa"",19.9240121580547,0,0,0,""https://www.wikidata.org/wiki/ Q1740874"",""Q1740874"",11.1,217.6,0,5.6,2.222,3.95,4.66,4.93"
"922,""Kilimanjaro National Park"",1831.81,1973,""Federal or national ministry or agency"",""Not Reported"",""TZA"",""East Africa"",55.1063829787234,0,0,0,""https://www.wikidata.org/wiki/ Q756790"",""Q756790"",59.3,501.9,0,13.5,1.854,2.88,4.75,4.92"
"146627,""Kimbi-Fungom"",953.8,2015,""Federal or national ministry or agency"",""Reported & Absent"",""CMR"",""Central Africa"",NA,0,0,0,NA,NA,0,6.7,0,2.9,2.645,3.81,4.76,4.84"
"303700,""Kirindy Mite"",2374.03281,1997,""Not Reported"",""Not Reported"",""MDG"",""Austral Africa"",5.77203647416413,0,0,0,""https://www.wikidata.org/wiki/ Q1386661"",""Q1386661"",2.4,6.3,0,9.3,1.905,2.23,3.51,2.5"
"350003,""Kitulo Plateau National Park"",465.4,2005,""Federal or national ministry or agency"",""Not Reported"",""TZA"",""East Africa"",11.1161094224924,0,0,0,""https://www.wikidata.org/wiki/ Q1743959"",""Q1743959"",58.8,126.2,0,9.7,1.854,2.88,4.75,4.92"
"62087,""Kogo"",4055,NA,""Federal or national ministry or agency"",""Not Reported"",""NGA"",""Western Africa"",NA,0,0,0,NA,NA,NA,NA,NA,NA,2.782,3.73,4.65,4.79"
"555547997,""Kom"",678.39,NA,""Federal or national ministry or agency"",""Reported & Absent"",""CMR"",""Central Africa"",NA,0,0,0,NA,NA,NA,NA,NA,NA,2.645,3.81,4.76,4.84"
"2416,""Kora"",1787,1989,""Federal or national ministry or agency"",""Not Reported"",""KEN"",""East Africa"",12.5252279635258,0,0,0,""https://www.wikidata.org/wiki/ Q1784196"",""Q1784196"",1,28,0,5.9,2.395,2.05,2.93,3.88"
"20058,""Korup"",1259,1986,""Federal or national ministry or agency"",""Reported & Existent"",""CMR"",""Central Africa"",12.3677811550152,0,0,1,""https://www.wikidata.org/wiki/ Q1784847"",""Q1784847"",0,4.8,0,6.4,2.645,3.81,4.76,4.84"
"317195,""Kouroufing"",557.7,2002,""Federal or national ministry or agency"",""Reported & Existent"",""MLI"",""Western Africa"",1.55683890577508,0,0,0,""https://www.wikidata.org/wiki/ Q3364460"",""Q3364460"",1.9,11.8,0,5.9,2.7,3.99,4.79,4.95"
"555512166,""Kpo Mountains"",837.090045,2003,""Federal or national ministry or agency"",""Not Reported"",""LBR"",""Western Africa"",NA,0,0,0,NA,NA,NA,NA,NA,NA,1.864,3.64,4.72,4.92"
"873,""Kruger National Park"",19169.1535952,1926,""Federal or national ministry or agency"",""Not Reported"",""ZAF"",""Austral Africa"",639.833434650456,0,0,4,""https://www.wikidata.org/wiki/ Q24451"",""Q24451"",11.1,96.6,2.8,17.2,2.321,2.15,1.4,4.38"
"1084,""Kundelungu"",8236.36043615,1970,""Not Reported"",""Not Reported"",""COD"",""Central Africa"",3.72462006079027,0,0,0,""https://www.wikidata.org/wiki/ Q743112"",""Q743112"",2.7,24.2,0,5.4,3.109,4.16,4,1.66"
"19253,""Kuru Hills"",69.93,1955,""Not Reported"",""Not Reported"",""SLE"",""Western Africa"",NA,0,0,0,NA,NA,NA,NA,NA,NA,1.855,3.68,4.99,4.97"
"68788,""Kyabobo National Park"",222,2003,""Federal or national ministry or agency"",""Reported & Existent"",""GHA"",""Western Africa"",4.35197568389058,0,0,0,""https://www.wikidata.org/wiki/ Q1638856"",""Q1638856"",0.5,27.4,0.1,5.1,1.796,1,1,1"
"2317,""Lake Malawi National Park"",87,1980,""Federal or national ministry or agency"",""Reported & Existent"",""MWI"",""Austral Africa"",14.8237082066869,0,0,0,""https://www.wikidata.org/wiki/ Q1077596"",""Q1077596"",7.8,947.7,0.7,5.6,1.898,3.15,4.82,4.28"
"924,""Lake Manyara National Park"",108.008459788,1960,""Federal or national ministry or agency"",""Not Reported"",""TZA"",""East Africa"",45.2042553191489,0,0,0,""https://www.wikidata.org/wiki/ Q607533"",""Q607533"",40,123.5,0,1.7,1.854,2.88,4.75,4.92"
"19266,""Lake Mape/Mabesi"",75.11,NA,""Not Reported"",""Not Reported"",""SLE"",""Western Africa"",NA,0,0,0,NA,NA,NA,NA,NA,NA,1.855,3.68,4.99,4.97"
"1441,""Lake Mburo"",370,1982,""Federal or national ministry or agency"",""Not Reported"",""UGA"",""East Africa"",15.4401215805471,0,0,2,""https://www.wikidata.org/wiki/ Q591283"",""Q591283"",11.5,153.2,0.1,3.5,2.222,3.95,4.66,4.93"
"762,""Lake Nakuru"",188,1968,""Federal or national ministry or agency"",""Not Reported"",""KEN"",""East Africa"",NA,0,0,0,""https://www.wikidata.org/wiki/ Q849508"",""Q849508"",88.4,620.5,1,26,2.395,2.05,2.93,3.88"
"19255,""Lake Sonfon"",51.8,NA,""Not Reported"",""Not Reported"",""SLE"",""Western Africa"",2.65531914893617,0,0,0,""https://www.wikidata.org/wiki/ Q3577165"",""Q3577165"",NA,NA,NA,NA,1.855,3.68,4.99,4.97"
"869,""Langue de Barbarie"",20,1976,""Federal or national ministry or agency"",""Reported & Existent"",""SEN"",""Western Africa"",6.86686930091185,0,0,0,""https://www.wikidata.org/wiki/ Q969752"",""Q969752"",NA,NA,NA,NA,1.84,3.15,4.67,4.84"
"10737,""Lantoto"",760,1986,""Federal or national ministry or agency"",""Reported & Absent"",""SSD"",""East Africa"",1.80364741641337,0,0,0,""https://www.wikidata.org/wiki/ Q6487628"",""Q6487628"",0.3,22.9,0,11.3,3.287,4.76,4.96,4.89"
"1094,""Lavushi Manda"",1582,1972,""Federal or national ministry or agency"",""Not Reported"",""ZMB"",""Austral Africa"",2.65775075987842,0,1,0,""https://www.wikidata.org/wiki/ Q1264070"",""Q1264070"",1.9,0,0,4.1,1.788,3.55,4.69,4.9"
"2315,""Lengwe National Park"",928.193536,1970,""Federal or national ministry or agency"",""Reported & Existent"",""MWI"",""Austral Africa"",4.39696048632219,0,0,0,""https://www.wikidata.org/wiki/ Q1104628"",""Q1104628"",34.7,101.2,0.1,4.6,1.898,3.15,4.82,4.28"
"20295,""Limpopo"",11233,2001,""Collaborative governance"",""Reported & Existent"",""MOZ"",""Austral Africa"",17.9142857142857,0,0,0,""https://www.wikidata.org/wiki/ Q1968897"",""Q1968897"",13.7,25.1,0.4,7.4,2.132,3.86,4.39,4.06"
"1089,""Liuwa Plain"",3252,1971,""Federal or national ministry or agency"",""Not Reported"",""ZMB"",""Austral Africa"",19.9234042553191,0,1,0,""https://www.wikidata.org/wiki/ Q1471784"",""Q1471784"",0.1,3.2,0,0,1.788,3.55,4.69,4.9"
"2316,""Liwonde National Park"",505.671648,1973,""Government-delegated management"",""Reported & Existent"",""MWI"",""Austral Africa"",21.3428571428571,0,0,0,""https://www.wikidata.org/wiki/ Q2739189"",""Q2739189"",56.1,216.1,0.1,6.3,1.898,3.15,4.82,4.28"
"303874,""Loango"",1510,2002,""Federal or national ministry or agency"",""Reported & Existent"",""GAB"",""Central Africa"",18.4273556231003,0,1,0,""https://www.wikidata.org/wiki/ Q1756690"",""Q1756690"",0.2,4.6,0,2.5,2.096,2.71,4.86,4.14"
"1245,""Lobéké"",2178.54,2001,""Federal or national ministry or agency"",""Reported & Existent"",""CMR"",""Central Africa"",5.40668693009119,0,0,0,""https://www.wikidata.org/wiki/ Q1815584"",""Q1815584"",0,0.1,0,0,2.645,3.81,4.76,4.84"
"1098,""Lochinvar"",406,1971,""Federal or national ministry or agency"",""Not Reported"",""ZMB"",""Austral Africa"",4.4370820668693,0,1,0,""https://www.wikidata.org/wiki/ Q503514"",""Q503514"",53.7,113.2,0,5.4,1.788,3.55,4.69,4.9"
"2311,""Lokobe"",15.10145,1927,""Federal or national ministry or agency"",""Not Reported"",""MDG"",""Austral Africa"",NA,0,0,0,""https://www.wikidata.org/wiki/ Q1609060"",""Q1609060"",1.2,149.7,0.7,6.3,1.905,2.23,3.51,2.5"
"29968,""Loma Mountains"",332.01,1952,""Not Reported"",""Not Reported"",""SLE"",""Western Africa"",7.54893617021277,0,0,0,""https://www.wikidata.org/wiki/ Q1868712"",""Q1868712"",0,26.7,0,23.4,1.855,3.68,4.99,4.97"
"303875,""Lopé"",4942,2002,""Federal or national ministry or agency"",""Reported & Existent"",""GAB"",""Central Africa"",9.22492401215806,0,0,1,""https://www.wikidata.org/wiki/ Q9055976"",""Q9055976"",0.1,2,0,4.6,2.096,2.71,4.86,4.14"
"7962,""Lower Zambezi"",4143,1983,""Federal or national ministry or agency"",""Not Reported"",""ZMB"",""Austral Africa"",11.5878419452888,0,1,0,""https://www.wikidata.org/wiki/ Q503518"",""Q503518"",2.1,11.5,0,5.6,1.788,3.55,4.69,4.9"
"1100,""Luambe"",361,1971,""Federal or national ministry or agency"",""Not Reported"",""ZMB"",""Austral Africa"",2.44072948328267,0,1,0,""https://www.wikidata.org/wiki/ Q503525"",""Q503525"",1.4,2.6,0,2.4,1.788,3.55,4.69,4.9"
"1091,""Lukusuzi"",2646,1971,""Federal or national ministry or agency"",""Not Reported"",""ZMB"",""Austral Africa"",2.46139817629179,0,1,0,""https://www.wikidata.org/wiki/ Q503879"",""Q503879"",16.1,6.4,0,4.6,1.788,3.55,4.69,4.9"
"1095,""Lusenga Plain"",898,1971,""Federal or national ministry or agency"",""Not Reported"",""ZMB"",""Austral Africa"",2.36717325227964,0,1,0,""https://www.wikidata.org/wiki/ Q1877692"",""Q1877692"",4,0.8,0,1.6,1.788,3.55,4.69,4.9"
"555548872,""Ma Mbed Mbed"",181.58,2004,""Federal or national ministry or agency"",""Reported & Absent"",""CMR"",""Central Africa"",NA,0,0,0,NA,NA,NA,NA,NA,NA,2.645,3.81,4.76,4.84"
"2277,""Mago"",1942,1971,""Sub-national ministry or agency"",""Not Reported"",""ETH"",""East Africa"",12.8565349544073,0,0,0,""https://www.wikidata.org/wiki/ Q1651644"",""Q1651644"",3.2,91.5,0,1.6,2.507,3.95,4.81,4.91"
"7521,""Mahale Mts.National Park"",1465.01753828,1980,""Federal or national ministry or agency"",""Not Reported"",""TZA"",""East Africa"",12.8857142857143,0,0,0,""https://www.wikidata.org/wiki/ Q1478367"",""Q1478367"",3.4,26.4,0,7.4,1.854,2.88,4.75,4.92"
"1080,""Maiko"",10885.7771182,1970,""Not Reported"",""Not Reported"",""COD"",""Central Africa"",6.45045592705167,0,0,0,""https://www.wikidata.org/wiki/ Q428123"",""Q428123"",0,1.6,0,3.5,3.109,4.16,4,1.66"
"1224,""Makgadikgadi Pans"",4902,1992,""Federal or national ministry or agency"",""Not Reported"",""BWA"",""Austral Africa"",NA,0,0,0,NA,NA,0.4,0.1,0,5.8,1.812,2.01,4.56,4.18"
"19726,""Malka Mari"",876,1989,""Federal or national ministry or agency"",""Not Reported"",""KEN"",""East Africa"",4.72036474164134,0,0,0,""https://www.wikidata.org/wiki/ Q19597810"",""Q19597810"",0,98.6,0,4.4,2.395,2.05,2.93,3.88"
"2531,""Mana Pools"",2196,1975,""Not Reported"",""Not Reported"",""ZWE"",""Austral Africa"",21.512462006079,0,0,0,""https://www.wikidata.org/wiki/ Q693254"",""Q693254"",1.1,1.8,0,12.2,2.302,3.79,4.44,4.89"
"642,""Manda"",1140,1969,""Not Reported"",""Not Reported"",""TCD"",""Central Africa"",4.16109422492401,0,0,0,""https://www.wikidata.org/wiki/ Q1109041"",""Q1109041"",14.1,6.4,0,7.7,2.549,3.99,4.98,4.95"
"317125,""Mangetti"",420,2008,""Federal or national ministry or agency"",""Not Reported"",""NAM"",""Austral Africa"",4.81094224924012,0,0,0,""https://www.wikidata.org/wiki/ Q602768"",""Q602768"",2.8,3.8,0,3.9,1.845,4.07,4.51,4.97"
"2256,""Manovo-Gounda-Saint Floris"",18908.68,1933,""Not Reported"",""Not Reported"",""CAF"",""Central Africa"",6.29240121580547,0,0,0,""https://www.wikidata.org/wiki/ Q503835"",""Q503835"",0.6,4.6,0,2.3,3.072,4.78,4.98,4.97"
"26070,""Mantadia"",330.07213,1989,""Not Reported"",""Not Reported"",""MDG"",""Austral Africa"",26.8012158054711,0,0,0,""https://www.wikidata.org/wiki/ Q2519690"",""Q2519690"",0.1,14.8,0,12.4,1.905,2.23,3.51,2.5"
"555548873,""Manyange na Elombo-Campo"",1137,2007,""Federal or national ministry or agency"",""Reported & Absent"",""CMR"",""Central Africa"",NA,0,0,0,NA,NA,NA,NA,NA,NA,2.645,3.81,4.76,4.84"
"308687,""Mapungupwe National Park"",152.365226299,1998,""Federal or national ministry or agency"",""Not Reported"",""ZAF"",""Austral Africa"",30.5586626139818,0,0,0,""https://www.wikidata.org/wiki/ Q1892156"",""Q1892156"",15.8,5.6,0,33,2.321,2.15,1.4,4.38"
"722,""Marahoue National Park"",1010,1968,""Government-delegated management"",""Reported & Absent"",""CIV"",""Western Africa"",6.56656534954407,0,0,0,""https://www.wikidata.org/wiki/ Q1668658"",""Q1668658"",2.5,181,0.9,9.4,2.129,4.74,4.92,4.96"
"116257,""Marakele National Park"",586.18356413,1994,""Joint governance"",""Not Reported"",""ZAF"",""Austral Africa"",12.9592705167173,0,1,1,""https://www.wikidata.org/wiki/ Q1892280"",""Q1892280"",1.7,10.1,0.1,11.8,2.321,2.15,1.4,4.38"
"555542456,""Margibi Mangrove"",238.129766,2003,""Federal or national ministry or agency"",""Not Reported"",""LBR"",""Western Africa"",NA,0,0,0,NA,NA,NA,NA,NA,NA,1.864,3.64,4.72,4.92"
"2305,""Marojejy"",752.67436,1952,""Not Reported"",""Not Reported"",""MDG"",""Austral Africa"",23.0079027355623,0,0,0,""https://www.wikidata.org/wiki/ Q2485097"",""Q2485097"",4.8,95.4,0.1,5.5,1.905,2.23,3.51,2.5"
"19565,""Marsabit"",145,NA,""Federal or national ministry or agency"",""Not Reported"",""KEN"",""East Africa"",6.29908814589666,0,0,0,""https://www.wikidata.org/wiki/ Q1516724"",""Q1516724"",NA,NA,NA,NA,2.395,2.05,2.93,3.88"
"303695,""Masoala"",3100.94724,1997,""Non-profit organisations"",""Not Reported"",""MDG"",""Austral Africa"",17.8851063829787,0,0,0,""https://www.wikidata.org/wiki/ Q964116"",""Q964116"",0.8,35.5,0,1.1,1.905,2.23,3.51,2.5"
"1110,""Matopos"",424,1926,""Not Reported"",""Not Reported"",""ZWE"",""Austral Africa"",56.6571428571429,0,0,0,""https://www.wikidata.org/wiki/ Q1778838"",""Q1778838"",14.2,21.4,0,12.7,2.302,3.79,4.44,4.89"
"1107,""Matusadona"",1407,1975,""Not Reported"",""Not Reported"",""ZWE"",""Austral Africa"",6.59878419452887,0,0,0,""https://www.wikidata.org/wiki/ Q1375934"",""Q1375934"",1.1,36.5,0,3.8,2.302,3.79,4.44,4.89"
"301850,""Mayumba"",965,2002,""Federal or national ministry or agency"",""Reported & Existent"",""GAB"",""Central Africa"",3.19817629179331,0,0,0,""https://www.wikidata.org/wiki/ Q3102654"",""Q3102654"",0.1,0.4,0,5.5,2.096,2.71,4.86,4.14"
"20166,""Mbam et Djerem"",4165.12,2000,""Federal or national ministry or agency"",""Reported & Existent"",""CMR"",""Central Africa"",2.73373860182371,0,0,0,""https://www.wikidata.org/wiki/ Q918211"",""Q918211"",0,0.1,0,3.6,2.645,3.81,4.76,4.84"
"317281,""Mbaéré-Bodingué"",872,2007,""Not Reported"",""Reported & Existent"",""CAF"",""Central Africa"",0.930699088145897,0,0,0,""https://www.wikidata.org/wiki/ Q6799652"",""Q6799652"",NA,NA,NA,NA,3.072,4.78,4.98,4.97"
"555548000,""Mefou"",10.44,2000,""Federal or national ministry or agency"",""Reported & Absent"",""CMR"",""Central Africa"",NA,0,0,0,NA,NA,NA,NA,NA,NA,2.645,3.81,4.76,4.84"
"755,""Meru"",870,1966,""Federal or national ministry or agency"",""Not Reported"",""KEN"",""East Africa"",18.3562310030395,0,0,2,""https://www.wikidata.org/wiki/ Q1755551"",""Q1755551"",63.7,146.4,0,9.8,2.395,2.05,2.93,3.88"
"313109,""Mgahinga Gorilla"",38,1930,""Federal or national ministry or agency"",""Not Reported"",""UGA"",""East Africa"",16.0085106382979,0,0,2,""https://www.wikidata.org/wiki/ Q636655"",""Q636655"",96.1,694.4,0.3,5.8,2.222,3.95,4.66,4.93"
"354012,""Mikea"",2367.36907,2007,""Not Reported"",""Not Reported"",""MDG"",""Austral Africa"",NA,0,0,0,""https://www.wikidata.org/wiki/ Q27576375"",""Q27576375"",NA,NA,NA,NA,1.905,2.23,3.51,2.5"
"919,""Mikumi National Park"",3233.87572209,1964,""Federal or national ministry or agency"",""Not Reported"",""TZA"",""East Africa"",42.9993920972644,0,0,0,""https://www.wikidata.org/wiki/ Q1124728"",""Q1124728"",24.3,70,0,5.1,1.854,2.88,4.75,4.92"
"72324,""Minkebe"",7535,2002,""Federal or national ministry or agency"",""Reported & Existent"",""GAB"",""Central Africa"",5.71367781155015,0,0,0,""https://www.wikidata.org/wiki/ Q1961377"",""Q1961377"",0,1.3,0,0.1,2.096,2.71,4.86,4.14"
"1402,""Mkomazi National Park"",3445.65418877,1951,""Federal or national ministry or agency"",""Not Reported"",""TZA"",""East Africa"",9.32644376899696,0,1,0,""https://www.wikidata.org/wiki/ Q2671889"",""Q2671889"",15.4,57.5,0,7.2,1.854,2.88,4.75,4.92"
"669,""Mole"",4575.5,1971,""Federal or national ministry or agency"",""Reported & Existent"",""GHA"",""Western Africa"",40.0559270516717,0,0,0,""https://www.wikidata.org/wiki/ Q1585600"",""Q1585600"",3.3,9.6,0,5.4,1.796,1,1,1"
"555547994,""Mont Cameroun"",581.78,2009,""Federal or national ministry or agency"",""Reported & Absent"",""CMR"",""Central Africa"",NA,0,0,0,NA,NA,6.9,363.5,0.8,5.3,2.645,3.81,4.76,4.84"
"724,""Mont Peko National Park"",340,1968,""Government-delegated management"",""Reported & Absent"",""CIV"",""Western Africa"",2.20668693009119,0,0,0,""https://www.wikidata.org/wiki/ Q370370"",""Q370370"",0.1,163.9,0.6,6.8,2.129,4.74,4.92,4.96"
"723,""Mont Sangbe National Park"",975.54,1976,""Government-delegated management"",""Reported & Absent"",""CIV"",""Western Africa"",2.47173252279635,0,0,0,""https://www.wikidata.org/wiki/ Q3364520"",""Q3364520"",0,15.5,0,16.5,2.129,4.74,4.92,4.96"
"2314,""Montagne d'Ambre"",586.69745,1958,""Not Reported"",""Not Reported"",""MDG"",""Austral Africa"",7.58536585365854,0,0,0,""https://www.wikidata.org/wiki/ Q1968934"",""Q1968934"",10.4,12.2,0,4.9,1.905,2.23,3.51,2.5"
"20267,""Monte Alén"",2000,1990,""Not Reported"",""Not Reported"",""GNQ"",""Central Africa"",5.56474164133739,0,0,0,""https://www.wikidata.org/wiki/ Q6904640"",""Q6904640"",0,17.7,0.1,7.7,1.775,2.98,4.36,4.55"
"303872,""Monts Birougou"",683,2002,""Federal or national ministry or agency"",""Reported & Existent"",""GAB"",""Central Africa"",1.98844984802432,0,0,0,""https://www.wikidata.org/wiki/ Q662606"",""Q662606"",0,0,0,2.6,2.096,2.71,4.86,4.14"
"306237,""Monts de Cristal"",1192,2002,""Federal or national ministry or agency"",""Reported & Existent"",""GAB"",""Central Africa"",4.4516717325228,0,0,0,""https://www.wikidata.org/wiki/ Q5191298"",""Q5191298"",0,2,0,1.9,2.096,2.71,4.86,4.14"
"6937,""Morne Seychellois National Park"",31.29472012247,1979,""Federal or national ministry or agency"",""Not Reported"",""SYC"",""Austral Africa"",NA,0,0,0,NA,NA,NA,NA,NA,NA,NA,NA,NA,NA"
"2347,""Mosi oa tunya"",70,1971,""Federal or national ministry or agency"",""Not Reported"",""ZMB"",""Austral Africa"",36.2249240121581,0,1,0,""https://www.wikidata.org/wiki/ Q1323548"",""Q1323548"",7.3,729.2,2.8,20.2,1.788,3.55,4.69,4.9"
"303877,""Moukalaba-Doudou"",4458,2002,""Federal or national ministry or agency"",""Reported & Existent"",""GAB"",""Central Africa"",2.50577507598784,0,0,0,""https://www.wikidata.org/wiki/ Q6918943"",""Q6918943"",0,2.6,0,5.1,2.096,2.71,4.86,4.14"
"28175,""Mount Elgon"",1110,1951,""Federal or national ministry or agency"",""Not Reported"",""UGA"",""East Africa"",47.2462006079027,0,0,6,""https://www.wikidata.org/wiki/ Q1273335"",""Q1273335"",88.9,803.6,0.1,6.5,2.222,3.95,4.66,4.93"
"877,""Mountain Zebra National Park"",203.686633019,1937,""Federal or national ministry or agency"",""Not Reported"",""ZAF"",""Austral Africa"",15.3714285714286,0,0,0,""https://www.wikidata.org/wiki/ Q206508"",""Q206508"",5.6,43.8,0.4,24.9,2.321,2.15,1.4,4.38"
"610,""Mozogo Gokoro"",14,1968,""Federal or national ministry or agency"",""Reported & Absent"",""CMR"",""Central Africa"",NA,0,0,0,NA,NA,NA,NA,NA,NA,2.645,3.81,4.76,4.84"
"555547993,""Mpem et Djim"",974.8,2004,""Federal or national ministry or agency"",""Reported & Absent"",""CMR"",""Central Africa"",NA,0,0,0,""https://www.wikidata.org/wiki/ Q26266820"",""Q26266820"",0,0.7,0,3.7,2.645,3.81,4.76,4.84"
"760,""Mt. Elgon"",169,1968,""Federal or national ministry or agency"",""Not Reported"",""KEN"",""East Africa"",47.2462006079027,0,0,0,""https://www.wikidata.org/wiki/ Q1273335"",""Q1273335"",64.2,323.8,0,16.4,2.395,2.05,2.93,3.88"
"757,""Mt. Kenya"",715,1968,""Federal or national ministry or agency"",""Not Reported"",""KEN"",""East Africa"",22.8109422492401,0,0,0,""https://www.wikidata.org/wiki/ Q1639468"",""Q1639468"",94.4,188.6,0.1,17.2,2.395,2.05,2.93,3.88"
"19562,""Mt. Longonot"",52,1983,""Federal or national ministry or agency"",""Not Reported"",""KEN"",""East Africa"",NA,0,0,1,NA,NA,30.9,101.8,0.3,9.8,2.395,2.05,2.93,3.88"
"30051,""Mudumu"",716,1990,""Federal or national ministry or agency"",""Not Reported"",""NAM"",""Austral Africa"",7.9355623100304,0,0,0,""https://www.wikidata.org/wiki/ Q265132"",""Q265132"",0,1,0,1.2,1.845,4.07,4.51,4.97"
"956,""Murchison Falls"",3877,1952,""Federal or national ministry or agency"",""Not Reported"",""UGA"",""East Africa"",44.9586626139818,0,0,0,""https://www.wikidata.org/wiki/ Q1893242"",""Q1893242"",45.7,98,0,5.5,2.222,3.95,4.66,4.93"
"303878,""Mwagné"",1167,2002,""Federal or national ministry or agency"",""Reported & Existent"",""GAB"",""Central Africa"",0.618037135278515,0,0,0,""https://www.wikidata.org/wiki/ Q9055981"",""Q9055981"",0,0,0,0.3,2.096,2.71,4.86,4.14"
"1090,""Mweru Wantipa"",3161,1971,""Federal or national ministry or agency"",""Not Reported"",""ZMB"",""Austral Africa"",2.22066869300912,0,0,0,""https://www.wikidata.org/wiki/ Q649651"",""Q649651"",15.3,83.8,0.2,3,1.788,3.55,4.69,4.9"
"761,""Nairobi"",117,1946,""Federal or national ministry or agency"",""Not Reported"",""KEN"",""East Africa"",121.36717325228,0,0,0,""https://www.wikidata.org/wiki/ Q739993"",""Q739993"",14.8,3400.5,7.5,15,2.395,2.05,2.93,3.88"
"308685,""Namaqua National Park"",1368.18401157,2001,""Federal or national ministry or agency"",""Not Reported"",""ZAF"",""Austral Africa"",11.0480243161094,0,0,0,""https://www.wikidata.org/wiki/ Q499499"",""Q499499"",1.4,0.6,0,19.4,2.321,2.15,1.4,4.38"
"883,""Namib-Naukluft"",50766,1986,""Federal or national ministry or agency"",""Not Reported"",""NAM"",""Austral Africa"",60.4054711246201,0,0,0,""https://www.wikidata.org/wiki/ Q1773441"",""Q1773441"",0,0.4,0,3.1,1.845,4.07,4.51,4.97"
"2309,""Namoroka"",379.46173,1927,""Not Reported"",""Not Reported"",""MDG"",""Austral Africa"",0.542579075425791,0,0,0,""https://www.wikidata.org/wiki/ Q1351221"",""Q1351221"",2.4,0,0,9.9,1.905,2.23,3.51,2.5"
"350,""National Park Bicuar"",7900,1964,""Not Reported"",""Not Reported"",""AGO"",""Austral Africa"",2.81176470588235,0,0,0,""https://www.wikidata.org/wiki/ Q3123455"",""Q3123455"",25.3,23.9,0,5.9,1.989,2.74,4.95,4.79"
"349,""National Park Cameia"",14450,1938,""Not Reported"",""Not Reported"",""AGO"",""Austral Africa"",6.55683890577508,0,0,0,""https://www.wikidata.org/wiki/ Q3123444"",""Q3123444"",1.1,8.5,0,5.5,1.989,2.74,4.95,4.79"
"351,""National Park Cangandala"",630,1970,""Not Reported"",""Not Reported"",""AGO"",""Austral Africa"",4.27781155015198,0,0,0,""https://www.wikidata.org/wiki/ Q3123440"",""Q3123440"",0.7,0.9,0,5.2,1.989,2.74,4.95,4.79"
"347,""National Park Iona"",15150,1964,""Not Reported"",""Not Reported"",""AGO"",""Austral Africa"",8.13252279635258,0,0,0,""https://www.wikidata.org/wiki/ Q3123422"",""Q3123422"",0.1,3.8,0,3,1.989,2.74,4.95,4.79"
"4493,""National Park Luengue-Luiana"",22610,1966,""Not Reported"",""Not Reported"",""AGO"",""Austral Africa"",NA,0,0,0,""https://www.wikidata.org/wiki/ Q6699917"",""Q6699917"",0.3,1.2,0,3.9,1.989,2.74,4.95,4.79"
"5081,""National Park Mavinga"",5950,1966,""Not Reported"",""Not Reported"",""AGO"",""Austral Africa"",NA,0,0,0,""https://www.wikidata.org/wiki/ Q6673574"",""Q6673574"",0.4,0.8,0,4.5,1.989,2.74,4.95,4.79"
"2249,""National Park Mupa"",6600,1964,""Not Reported"",""Not Reported"",""AGO"",""Austral Africa"",2.91246200607903,0,0,0,""https://www.wikidata.org/wiki/ Q3123450"",""Q3123450"",7,16.7,0,4.3,1.989,2.74,4.95,4.79"
"348,""National Park Quiçãma"",9960,1957,""Not Reported"",""Not Reported"",""AGO"",""Austral Africa"",10.2182370820669,0,0,0,""https://www.wikidata.org/wiki/ Q3179197"",""Q3179197"",4.3,9.9,0.2,3.7,1.989,2.74,4.95,4.79"
"30048,""Naute Recreation Resort"",235,1988,""Federal or national ministry or agency"",""Not Reported"",""NAM"",""Austral Africa"",NA,0,0,0,NA,NA,0.3,0,0,1.5,1.845,4.07,4.51,4.97"
"12344,""Ndere Island"",4.2,1986,""Federal or national ministry or agency"",""Not Reported"",""KEN"",""East Africa"",6.47659574468085,0,0,0,""https://www.wikidata.org/wiki/ Q476142"",""Q476142"",NA,NA,NA,NA,2.395,2.05,2.93,3.88"
"308634,""Ndongere"",2344.64,2005,""Federal or national ministry or agency"",""Reported & Existent"",""CMR"",""Central Africa"",NA,0,0,0,NA,NA,NA,NA,NA,NA,2.645,3.81,4.76,4.84"
"2278,""Nech-sar"",514,1966,""Federal or national ministry or agency"",""Not Reported"",""ETH"",""East Africa"",19.8310030395137,0,0,0,""https://www.wikidata.org/wiki/ Q1270310"",""Q1270310"",20.7,227.3,0.2,7.9,2.507,3.95,4.81,4.91"
"20175,""Nimba West"",104.820124,2003,""Federal or national ministry or agency"",""Not Reported"",""LBR"",""Western Africa"",1.4145896656535,0,0,0,""https://www.wikidata.org/wiki/ Q7037582"",""Q7037582"",NA,NA,NA,NA,1.864,3.64,4.72,4.92"
"904,""Nimule"",200,1954,""Federal or national ministry or agency"",""Reported & Absent"",""SSD"",""East Africa"",2.64072948328267,0,0,0,""https://www.wikidata.org/wiki/ Q1992720"",""Q1992720"",8.4,781.1,0.1,4.8,3.287,4.76,4.96,4.89"
"5173,""Nini-Suhien"",160,1976,""Federal or national ministry or agency"",""Reported & Existent"",""GHA"",""Western Africa"",2.96899696048632,0,0,0,""https://www.wikidata.org/wiki/ Q556596"",""Q556596"",0,57.6,0.1,11.4,1.796,1,1,1"
"865,""Niokolo Koba"",9130,1954,""Federal or national ministry or agency"",""Reported & Existent"",""SEN"",""Western Africa"",24.3848024316109,0,0,0,""https://www.wikidata.org/wiki/ Q679891"",""Q679891"",7.2,27.1,0,14.3,1.84,3.15,4.67,4.84"
"30052,""Nkasa Rupara"",338,1990,""Federal or national ministry or agency"",""Not Reported"",""NAM"",""Austral Africa"",5.37811550151976,0,0,0,""https://www.wikidata.org/wiki/ Q1392554"",""Q1392554"",0.1,2.2,0,0,1.845,4.07,4.51,4.97"
"30674,""Nki"",3093.62,2005,""Federal or national ministry or agency"",""Reported & Absent"",""CMR"",""Central Africa"",5.21094224924012,0,0,0,""https://www.wikidata.org/wiki/ Q1544357"",""Q1544357"",0,0,0,0.7,2.645,3.81,4.76,4.84"
"1088,""North Luangwa"",4712,1971,""Federal or national ministry or agency"",""Not Reported"",""ZMB"",""Austral Africa"",7.43525835866261,0,1,0,""https://www.wikidata.org/wiki/ Q1998450"",""Q1998450"",1.5,0.6,0,3.3,1.788,3.55,4.69,4.9"
"5039,""Nosy Mangabe"",90.47074,1965,""Non-profit organisations"",""Not Reported"",""MDG"",""Austral Africa"",8.19209726443769,0,0,0,""https://www.wikidata.org/wiki/ Q2001725"",""Q2001725"",NA,NA,NA,NA,1.905,2.23,3.51,2.5"
"72332,""Nouabalé-Ndoki"",4238.7,1993,""Collaborative governance"",""Reported & Existent"",""COG"",""Central Africa"",12.5568389057751,0,0,0,""https://www.wikidata.org/wiki/ Q3015170"",""Q3015170"",0,0,0,0,2.276,3.81,4.48,1"
"1092,""Nsumbu"",2026,1985,""Federal or national ministry or agency"",""Not Reported"",""ZMB"",""Austral Africa"",3.88571428571429,0,2,1,""https://www.wikidata.org/wiki/ Q1417669"",""Q1417669"",0.9,10.3,0,2.1,1.788,3.55,4.69,4.9"
"354010,""Ntokou-Pikounda"",4272,2013,""Not Reported"",""Reported & Absent"",""COG"",""Central Africa"",1.71732522796353,0,0,0,""https://www.wikidata.org/wiki/ Q15262888"",""Q15262888"",0,0.1,0,0.2,2.276,3.81,4.48,1"
"2290,""Nuimi"",0,1986,""Joint governance"",""Reported & Existent"",""GMB"",""Western Africa"",3.29118541033435,0,0,0,""https://www.wikidata.org/wiki/ Q922736"",""Q922736"",52,345,3.3,24.5,1.925,1.88,1,4.12"
"601,""Nxai Pan"",2576,1971,""Federal or national ministry or agency"",""Not Reported"",""BWA"",""Austral Africa"",9.30516717325228,0,0,0,""https://www.wikidata.org/wiki/ Q859377"",""Q859377"",0.1,0,0,4.6,1.812,2.01,4.56,4.18"
"1111,""Nyanga"",330,1950,""Not Reported"",""Not Reported"",""ZWE"",""Austral Africa"",15.6085106382979,0,0,0,""https://www.wikidata.org/wiki/ Q478677"",""Q478677"",20.7,15.6,0.1,17.9,2.302,3.79,4.44,4.89"
"1102,""Nyika"",84,1971,""Federal or national ministry or agency"",""Not Reported"",""ZMB"",""Austral Africa"",2.35258358662614,0,0,0,""https://www.wikidata.org/wiki/ Q5965566"",""Q5965566"",NA,NA,NA,NA,1.788,3.55,4.69,4.9"
"779,""Nyika National Park"",3092.32096,1965,""Federal or national ministry or agency"",""Reported & Existent"",""MWI"",""Austral Africa"",10.6176291793313,0,1,0,""https://www.wikidata.org/wiki/ Q1567460"",""Q1567460"",27.2,91.3,0,6.7,1.898,3.15,4.82,4.28"
"9148,""Nyungwe"",1019,1933,""Federal or national ministry or agency"",""Not Reported"",""RWA"",""East Africa"",27.6176291793313,0,0,0,""https://www.wikidata.org/wiki/ Q1356828"",""Q1356828"",57.3,437.9,0.1,10.4,1.99,3.51,4.61,4.93"
"643,""Odzala Kokoua"",13546,1935,""Collaborative governance"",""Reported & Existent"",""COG"",""Central Africa"",4.73617021276596,0,0,0,""https://www.wikidata.org/wiki/ Q263883"",""Q263883"",0,1.1,0,2.7,2.276,3.81,4.48,1"
"867,""Oiseaux du Djoudj"",160,1971,""Federal or national ministry or agency"",""Reported & Existent"",""SEN"",""Western Africa"",10.0838905775076,0,0,0,""https://www.wikidata.org/wiki/ Q733676"",""Q733676"",32.3,4,0.1,2,1.84,3.15,4.67,4.84"
"764,""Ol Donyo Sabuk"",18,1967,""Federal or national ministry or agency"",""Not Reported"",""KEN"",""East Africa"",20.3762917933131,0,0,0,""https://www.wikidata.org/wiki/ Q3695222"",""Q3695222"",196.4,280.3,0,16.2,2.395,2.05,2.93,3.88"
"26625,""Old Oyo"",2530,1991,""Federal or national ministry or agency"",""Not Reported"",""NGA"",""Western Africa"",15.9762917933131,0,0,0,""https://www.wikidata.org/wiki/ Q3294859"",""Q3294859"",7,31.9,0,3,2.782,3.73,4.65,4.79"
"2280,""Omo"",457.4,1959,""Federal or national ministry or agency"",""Not Reported"",""ETH"",""East Africa"",18.0936170212766,0,0,0,""https://www.wikidata.org/wiki/ Q1305538"",""Q1305538"",5.9,21.4,0,2.2,2.507,3.95,4.81,4.91"
"33047,""Orango"",1582.35,2000,""Not Reported"",""Not Reported"",""GNB"",""Western Africa"",2.84184914841849,0,0,0,""https://www.wikidata.org/wiki/ Q7099832"",""Q7099832"",0,NA,NA,NA,2.084,3.46,4.98,4.88"
"2339,""Oti-Kéran"",1636.4,1977,""Federal or national ministry or agency"",""Reported & Absent"",""TGO"",""Western Africa"",5.45835866261398,0,0,0,""https://www.wikidata.org/wiki/ Q246121"",""Q246121"",100.5,101.1,0,8.8,2.084,3.14,4.79,4.91"
"7417,""Outamba"",738.15,1995,""Not Reported"",""Not Reported"",""SLE"",""Western Africa"",5.30212765957447,0,0,0,""https://www.wikidata.org/wiki/ Q724189"",""Q724189"",0.6,4.6,0,10.1,1.855,3.68,4.99,4.97"
"555512069,""Parc Marin des Mangroves"",216.192529149,1992,""Not Reported"",""Not Reported"",""COD"",""Central Africa"",4.2887537993921,0,0,0,""https://www.wikidata.org/wiki/ Q1164634"",""Q1164634"",2.9,59.2,0.4,5.9,3.109,4.16,4,1.66"
"313046,""Parc National de Mohéli"",643.62398438,2010,""Collaborative governance"",""Reported & Existent"",""COM"",""Austral Africa"",NA,0,0,0,""https://www.wikidata.org/wiki/ Q3364399"",""Q3364399"",NA,NA,NA,NA,NA,NA,NA,NA"
"818,""Parc National du W du Niger"",2200,1954,""Federal or national ministry or agency"",""Reported & Existent"",""NER"",""Western Africa"",85.1963525835866,0,0,0,""https://www.wikidata.org/wiki/ Q726863"",""Q726863"",37,7.5,0,7.2,2.558,1,4.06,1"
"20264,""Pico de Basilé"",330,2000,""Not Reported"",""Not Reported"",""GNQ"",""Central Africa"",2.23182957393484,0,0,0,""https://www.wikidata.org/wiki/ Q6063070"",""Q6063070"",0.4,240.9,0.7,15.2,1.775,2.98,4.36,4.55"
"306235,""Plateaux Batéké"",2042,2002,""Federal or national ministry or agency"",""Reported & Existent"",""GAB"",""Central Africa"",4.50881458966565,0,0,0,""https://www.wikidata.org/wiki/ Q3695605"",""Q3695605"",0,1,0,1.8,2.096,2.71,4.86,4.14"
"303879,""Pongara"",960,2002,""Federal or national ministry or agency"",""Reported & Existent"",""GAB"",""Central Africa"",3.54285714285714,0,0,0,""https://www.wikidata.org/wiki/ Q7227798"",""Q7227798"",0,67.8,0,3.3,2.096,2.71,4.86,4.14"
"18001,""Popa Game Park"",0.5,1989,""Federal or national ministry or agency"",""Not Reported"",""NAM"",""Austral Africa"",NA,0,0,0,""https://www.wikidata.org/wiki/ Q110184735"",""Q110184735"",NA,NA,NA,NA,1.845,4.07,4.51,4.97"
"6938,""Praslin National Park"",3.2537135,1979,""Federal or national ministry or agency"",""Not Reported"",""SYC"",""Austral Africa"",2.15683890577508,0,0,0,""https://www.wikidata.org/wiki/ Q283855"",""Q283855"",NA,NA,NA,NA,NA,NA,NA,NA"
"29421,""Previously called Mafou Classified Forest"",524,NA,""Not Reported"",""Not Reported"",""GIN"",""Western Africa"",NA,0,0,0,NA,NA,0.3,15.9,0,9.4,2.032,2.49,4.38,4.45"
"1049,""Pô dit Kaboré Tambi"",1555,1976,""Not Reported"",""Not Reported"",""BFA"",""Western Africa"",2.64376899696049,0,0,0,""https://www.wikidata.org/wiki/ Q389707"",""Q389707"",47.5,46.1,0,6,2.241,4.12,4.97,4.92"
"957,""Queen Elizabeth"",2056,1952,""Federal or national ministry or agency"",""Not Reported"",""UGA"",""East Africa"",55.8358662613982,0,0,0,""https://www.wikidata.org/wiki/ Q530084"",""Q530084"",56.7,396.7,0.6,7.8,2.222,3.95,4.66,4.93"
"9035,""Quirimbas"",9.13,1971,""Federal or national ministry or agency"",""Not Reported"",""MOZ"",""Austral Africa"",7.41580547112462,0,0,0,""https://www.wikidata.org/wiki/ Q1546990"",""Q1546990"",1.4,28.4,0.1,5.1,2.132,3.86,4.39,4.06"
"20287,""Ranomafana"",728.26567,1991,""Not Reported"",""Not Reported"",""MDG"",""Austral Africa"",30.4796352583587,0,0,0,""https://www.wikidata.org/wiki/ Q1498242"",""Q1498242"",3.4,96.4,0,7.8,1.905,2.23,3.51,2.5"
"30851,""Richtersveld National Park"",1702.80309182,1991,""Federal or national ministry or agency"",""Not Reported"",""ZAF"",""Austral Africa"",NA,0,0,0,""https://www.wikidata.org/wiki/ Q394755"",""Q394755"",0.9,3.4,0,8.9,2.321,2.15,1.4,4.38"
"2288,""River Gambia"",12.79,1976,""Joint governance"",""Reported & Existent"",""GMB"",""Western Africa"",4.98723404255319,0,0,0,""https://www.wikidata.org/wiki/ Q492185"",""Q492185"",NA,NA,NA,NA,1.925,1.88,1,4.12"
"917,""Ruaha National Park"",14506.6930768,1964,""Federal or national ministry or agency"",""Not Reported"",""TZA"",""East Africa"",44.1215805471125,0,0,0,""https://www.wikidata.org/wiki/ Q656363"",""Q656363"",16.6,15,0,3.8,1.854,2.88,4.75,4.92"
"923,""Rubondo Island National Park"",210.823310085,1977,""Federal or national ministry or agency"",""Not Reported"",""TZA"",""East Africa"",10.5617021276596,0,0,0,""https://www.wikidata.org/wiki/ Q1782797"",""Q1782797"",6.8,102.1,0.3,0.8,1.854,2.88,4.75,4.92"
"2296,""Ruma"",120,1983,""Federal or national ministry or agency"",""Not Reported"",""KEN"",""East Africa"",9.15379939209726,0,0,0,""https://www.wikidata.org/wiki/ Q1549127"",""Q1549127"",188.3,232,0.1,26.1,2.395,2.05,2.93,3.88"
"9162,""Rusizi"",90,1980,""Federal or national ministry or agency"",""Reported & Existent"",""BDI"",""East Africa"",5.27537993920973,0,0,0,""https://www.wikidata.org/wiki/ Q3084675"",""Q3084675"",107.4,1113.2,3.6,42.7,2.418,4.34,4.93,4.99"
"9160,""Ruvubu"",508,1980,""Federal or national ministry or agency"",""Reported & Existent"",""BDI"",""East Africa"",4.12158054711246,0,0,0,""https://www.wikidata.org/wiki/ Q3695993"",""Q3695993"",43.3,354,0,37.4,2.418,4.34,4.93,4.99"
"18438,""Rwenzori Mountains"",995,1991,""Federal or national ministry or agency"",""Not Reported"",""UGA"",""East Africa"",22.345896656535,0,1,1,""https://www.wikidata.org/wiki/ Q838928"",""Q838928"",49.5,734,0.3,5.6,2.222,3.95,4.66,4.93"
"7434,""Saadani National Park"",1062,1969,""Federal or national ministry or agency"",""Not Reported"",""TZA"",""East Africa"",14.6255319148936,0,0,0,""https://www.wikidata.org/wiki/ Q2032704"",""Q2032704"",1.6,27.2,0.1,6.4,1.854,2.88,4.75,4.92"
"352254,""Sahamalaza Iles Radama"",1120.16945,2005,""Not Reported"",""Not Reported"",""MDG"",""Austral Africa"",1.36,0,0,0,""https://www.wikidata.org/wiki/ Q28402604"",""Q28402604"",NA,NA,NA,NA,1.905,2.23,3.51,2.5"
"2597,""Saiwa Swamp"",2,1974,""Federal or national ministry or agency"",""Not Reported"",""KEN"",""East Africa"",5.73738601823708,0,0,0,""https://www.wikidata.org/wiki/ Q1636810"",""Q1636810"",NA,NA,NA,NA,2.395,2.05,2.93,3.88"
"36455,""Sambisa"",1139.6,NA,""Federal or national ministry or agency"",""Not Reported"",""NGA"",""Western Africa"",134.439513677812,0,0,0,""https://www.wikidata.org/wiki/ Q15059687"",""Q15059687"",NA,NA,NA,NA,2.782,3.73,4.65,4.79"
"7409,""Sapo National Park"",1803.63,1983,""Federal or national ministry or agency"",""Not Reported"",""LBR"",""Western Africa"",17.536170212766,0,0,0,""https://www.wikidata.org/wiki/ Q1969043"",""Q1969043"",0,17,0,7.4,1.864,3.64,4.72,4.92"
"7447,""Sehlabathebe"",69.5201,1970,""Federal or national ministry or agency"",""Not Reported"",""LSO"",""Austral Africa"",11.1945288753799,0,0,0,""https://www.wikidata.org/wiki/ Q284817"",""Q284817"",14.2,21.1,0,10.6,2.088,4.47,4.53,4.41"
"40042,""Semuliki"",220,1993,""Federal or national ministry or agency"",""Not Reported"",""UGA"",""East Africa"",8.53860182370821,0,0,0,""https://www.wikidata.org/wiki/ Q1429741"",""Q1429741"",7.5,337.7,0.3,7,2.222,3.95,4.66,4.93"
"916,""Serengeti National Park"",13039.4880963,1951,""Federal or national ministry or agency"",""Not Reported"",""TZA"",""East Africa"",396.007902735562,0,0,2,""https://www.wikidata.org/wiki/ Q11812902"",""Q11812902"",72,130.7,0.1,6.2,1.854,2.88,4.75,4.92"
"1372,""Shambe"",620,1985,""Federal or national ministry or agency"",""Reported & Absent"",""SSD"",""East Africa"",2.77568389057751,0,0,0,""https://www.wikidata.org/wiki/ Q6590002"",""Q6590002"",4.8,15.4,0,10.5,3.287,4.76,4.96,4.89"
"754,""Sibiloi"",1570,1973,""Federal or national ministry or agency"",""Not Reported"",""KEN"",""East Africa"",8.17933130699088,0,0,0,""https://www.wikidata.org/wiki/ Q1380559"",""Q1380559"",1,3.4,0,6.1,2.395,2.05,2.93,3.88"
"653,""Simien Mountains"",412,1959,""Federal or national ministry or agency"",""Not Reported"",""ETH"",""East Africa"",49.5647416413374,0,0,0,""https://www.wikidata.org/wiki/ Q504315"",""Q504315"",77,612.5,0,16.8,2.507,3.95,4.81,4.91"
"1087,""Sioma Ngwezi"",4491,1972,""Not Reported"",""Not Reported"",""ZMB"",""Austral Africa"",4.31671732522796,0,1,0,""https://www.wikidata.org/wiki/ Q503530"",""Q503530"",0.6,0.9,0,9.1,1.788,3.55,4.69,4.9"
"885,""Skeleton Coast Park"",16820,1973,""Federal or national ministry or agency"",""Not Reported"",""NAM"",""Austral Africa"",16.2449848024316,0,0,0,""https://www.wikidata.org/wiki/ Q3695317"",""Q3695317"",0,0,0,0.3,1.845,4.07,4.51,4.97"
"7888,""South Island"",150.5,1983,""Federal or national ministry or agency"",""Not Reported"",""KEN"",""East Africa"",2.57933130699088,0,0,0,""https://www.wikidata.org/wiki/ Q2304265"",""Q2304265"",0,0,0,1.1,2.395,2.05,2.93,3.88"
"1086,""South Luangwa"",8704,1971,""Federal or national ministry or agency"",""Not Reported"",""ZMB"",""Austral Africa"",34.2699088145897,0,1,0,""https://www.wikidata.org/wiki/ Q1973215"",""Q1973215"",3.6,1.3,0,1.2,1.788,3.55,4.69,4.9"
"903,""Southern"",22800,1939,""Federal or national ministry or agency"",""Reported & Absent"",""SSD"",""East Africa"",4.30395136778116,0,0,0,""https://www.wikidata.org/wiki/ Q3232660"",""Q3232660"",0,3,0,6.4,3.287,4.76,4.96,4.89"
"300408,""Table Mountain National Park"",221.119007585,1998,""Federal or national ministry or agency"",""Not Reported"",""ZAF"",""Austral Africa"",71.5246200607903,0,0,4,""https://www.wikidata.org/wiki/ Q1818952"",""Q1818952"",5.4,1718.1,52.4,39.2,2.321,2.15,1.4,4.38"
"555547996,""Takamanda"",675.9,2008,""Federal or national ministry or agency"",""Reported & Existent"",""CMR"",""Central Africa"",2.08267477203647,0,0,0,""https://www.wikidata.org/wiki/ Q522250"",""Q522250"",0.1,23.6,0,3,2.645,3.81,4.76,4.84"
"555547524,""Tambi"",0,2003,""Joint governance"",""Reported & Existent"",""GMB"",""Western Africa"",NA,0,0,0,NA,NA,18.3,1506.5,28.2,13.8,1.925,1.88,1,4.12"
"32816,""Tankwa-Karoo National Park"",1421.85583249,1986,""Federal or national ministry or agency"",""Not Reported"",""ZAF"",""Austral Africa"",22.331914893617,0,0,0,""https://www.wikidata.org/wiki/ Q1476888"",""Q1476888"",0.3,0.5,0,16,2.321,2.15,1.4,4.38"
"920,""Tarangire National Park"",2615.79672202,1970,""Federal or national ministry or agency"",""Not Reported"",""TZA"",""East Africa"",67.4449848024316,0,0,0,""https://www.wikidata.org/wiki/ Q1432744"",""Q1432744"",72.2,63,0,4.5,1.854,2.88,4.75,4.92"
"721,""Taï National Park"",5081.86,1972,""Government-delegated management"",""Reported & Existent"",""CIV"",""Western Africa"",25.2382978723404,0,0,1,""https://www.wikidata.org/wiki/ Q328577"",""Q328577"",0.2,78.8,0.3,2.4,2.129,4.74,4.92,4.96"
"555548871,""Tchabal Mbabo"",1052.51,2008,""Federal or national ministry or agency"",""Reported & Absent"",""CMR"",""Central Africa"",NA,0,0,0,NA,NA,NA,NA,NA,NA,2.645,3.81,4.76,4.84"
"303691,""Tsau // Khaeb (Sperrgebiet)"",21812,2008,""Federal or national ministry or agency"",""Not Reported"",""NAM"",""Austral Africa"",NA,0,0,0,""https://www.wikidata.org/wiki/ Q1933532"",""Q1933532"",0.1,3,0.1,3.9,1.845,4.07,4.51,4.97"
"752,""Tsavo East"",11747,1948,""Federal or national ministry or agency"",""Not Reported"",""KEN"",""East Africa"",75.9057750759878,0,0,0,""https://www.wikidata.org/wiki/ Q1368818"",""Q1368818"",5.3,30,0,6.8,2.395,2.05,2.93,3.88"
"19564,""Tsavo West"",9065,1948,""Federal or national ministry or agency"",""Not Reported"",""KEN"",""East Africa"",30.0796352583587,0,0,0,""https://www.wikidata.org/wiki/ Q1602738"",""Q1602738"",13.1,31.3,0,10.4,2.395,2.05,2.93,3.88"
"2307,""Tsimanampesotse"",2629.58652,1927,""Not Reported"",""Not Reported"",""MDG"",""Austral Africa"",4.36656534954407,0,0,0,""https://www.wikidata.org/wiki/ Q1340410"",""Q1340410"",4.7,17,0,3,1.905,2.23,3.51,2.5"
"19297,""Udzungwa Mountain"",2088.69,1992,""Federal or national ministry or agency"",""Not Reported"",""TZA"",""East Africa"",15.9343465045593,0,0,0,""https://www.wikidata.org/wiki/ Q1294175"",""Q1294175"",29.2,110.5,0,6.1,1.854,2.88,4.75,4.92"
"1079,""Upemba"",13673.6465606,1939,""Not Reported"",""Not Reported"",""COD"",""Central Africa"",7.98419452887538,0,0,0,""https://www.wikidata.org/wiki/ Q263406"",""Q263406"",0.9,29,0,4,3.109,4.16,4,1.66"
"308637,""Vallée du Mbéré"",740.96,2004,""Federal or national ministry or agency"",""Reported & Absent"",""CMR"",""Central Africa"",0.838235294117647,0,0,0,""https://www.wikidata.org/wiki/ Q1573021"",""Q1573021"",1.5,2.5,0,4,2.645,3.81,4.76,4.84"
"342656,""Varela"",86.04,NA,""Not Reported"",""Not Reported"",""GNB"",""Western Africa"",NA,0,0,0,NA,NA,NA,NA,NA,NA,2.084,3.46,4.98,4.88"
"1993,""Victoria Falls"",23.4,1952,""Not Reported"",""Not Reported"",""ZWE"",""Austral Africa"",19.3629179331307,0,0,0,""https://www.wikidata.org/wiki/ Q1640800"",""Q1640800"",5.9,472,1.6,11.2,2.302,3.79,4.44,4.89"
"166889,""Virunga"",7768.92767857,1925,""Not Reported"",""Not Reported"",""COD"",""Central Africa"",158.727659574468,0,0,0,""https://www.wikidata.org/wiki/ Q223589"",""Q223589"",45.4,695.2,0.7,8.7,3.109,4.16,4,1.66"
"863,""Volcans"",160,1929,""Federal or national ministry or agency"",""Not Reported"",""RWA"",""East Africa"",60.5531914893617,0,0,1,""https://www.wikidata.org/wiki/ Q932736"",""Q932736"",89.7,852.7,0.8,4.7,1.99,3.51,4.61,4.93"
"18004,""Von Bach Recreation Resort"",41,1972,""Federal or national ministry or agency"",""Not Reported"",""NAM"",""Austral Africa"",NA,0,0,0,NA,NA,0.2,65.1,0.3,5.5,1.845,4.07,4.51,4.97"
"12201,""W (Benin)"",5020,1954,""Not Reported"",""Not Reported"",""BEN"",""Western Africa"",85.1963525835866,0,0,0,""https://www.wikidata.org/wiki/ Q726863"",""Q726863"",55.8,17.2,0,2.7,2.178,3.14,4.92,4.87"
"1048,""W du Burkina Faso"",3500,1954,""Not Reported"",""Reported & Existent"",""BFA"",""Western Africa"",85.1963525835866,0,0,0,""https://www.wikidata.org/wiki/ Q726863"",""Q726863"",45.4,21,0,5.4,2.241,4.12,4.97,4.92"
"303880,""Waka"",1061,2002,""Federal or national ministry or agency"",""Reported & Existent"",""GAB"",""Central Africa"",2.1063829787234,0,0,0,""https://www.wikidata.org/wiki/ Q1101416"",""Q1101416"",0,0.5,0,6.4,2.096,2.71,4.86,4.14"
"887,""Waterberg Plateau Park"",396,1990,""Federal or national ministry or agency"",""Not Reported"",""NAM"",""Austral Africa"",7.01337386018237,0,0,0,""https://www.wikidata.org/wiki/ Q1691293"",""Q1691293"",0.4,0.9,0,3.2,1.845,4.07,4.51,4.97"
"608,""Waza"",1700,1968,""Federal or national ministry or agency"",""Reported & Existent"",""CMR"",""Central Africa"",21.7933130699088,0,0,0,""https://www.wikidata.org/wiki/ Q1751924"",""Q1751924"",21.1,31.2,0,8.2,2.645,3.81,4.76,4.84"
"17368,""West Coast National Park"",365.662628225,1985,""Federal or national ministry or agency"",""Not Reported"",""ZAF"",""Austral Africa"",24.4978723404255,0,0,1,""https://www.wikidata.org/wiki/ Q1760813"",""Q1760813"",30.4,33,1.3,18,2.321,2.15,1.4,4.38"
"1093,""West Lunga"",1781,1971,""Federal or national ministry or agency"",""Not Reported"",""ZMB"",""Austral Africa"",2.91550151975684,0,1,0,""https://www.wikidata.org/wiki/ Q2564119"",""Q2564119"",7,0,0,0,1.788,3.55,4.69,4.9"
"19249,""Western Area Peninsula Forest"",183.371,2012,""Not Reported"",""Not Reported"",""SLE"",""Western Africa"",NA,0,0,0,""https://www.wikidata.org/wiki/ Q256104"",""Q256104"",0.4,207,8.9,7.6,1.855,3.68,4.99,4.97"
"317193,""Wongo"",534.99,2002,""Federal or national ministry or agency"",""Reported & Existent"",""MLI"",""Western Africa"",3.60364741641337,0,0,0,""https://www.wikidata.org/wiki/ Q3364486"",""Q3364486"",0.8,13.6,0,3.5,2.7,3.99,4.79,4.95"
"2276,""Yangudi Rassa"",4731,1969,""Federal or national ministry or agency"",""Not Reported"",""ETH"",""East Africa"",12.8954407294833,0,0,0,""https://www.wikidata.org/wiki/ Q591775"",""Q591775"",1.2,4.9,0,1.1,2.507,3.95,4.81,4.91"
"354013,""Zahamena"",692.49351,2002,""Not Reported"",""Not Reported"",""MDG"",""Austral Africa"",20.9240121580547,0,1,1,""https://www.wikidata.org/wiki/ Q2071200"",""Q2071200"",NA,NA,NA,NA,1.905,2.23,3.51,2.5"
"641,""Zakouma"",3000,1963,""Not Reported"",""Not Reported"",""TCD"",""Central Africa"",20.0729483282675,0,0,0,""https://www.wikidata.org/wiki/ Q1561524"",""Q1561524"",1,8.8,0,2.7,2.549,3.99,4.98,4.95"
"2530,""Zambezi"",560.1,1979,""Not Reported"",""Not Reported"",""ZWE"",""Austral Africa"",7.95927051671732,0,0,0,""https://www.wikidata.org/wiki/ Q24235830"",""Q24235830"",4.7,319.5,1.5,13,2.302,3.79,4.44,4.89"
"800,""Zinave"",4000,1973,""Collaborative governance"",""Reported & Existent"",""MOZ"",""Austral Africa"",6.02431610942249,0,0,0,""https://www.wikidata.org/wiki/ Q8072261"",""Q8072261"",1.6,0.5,0,5.5,2.132,3.86,4.39,4.06"
"20273,""Zombitse Vohibasia"",806.72113,1997,""Not Reported"",""Not Reported"",""MDG"",""Austral Africa"",3.9629179331307,0,0,0,""https://www.wikidata.org/wiki/ Q2762585"",""Q2762585"",8.6,19.7,0,11.6,1.905,2.23,3.51,2.5"
