Date,River,River Status,Time in,Time out,Pot,Male,Female,Male Carapace Length (cm),Male Carapace Length 2 (cm),Female Carapace Length (cm),Female Carapace Length 2 (cm),Comments
21/11/2018,Piyai Besar,Closed,0747,1359,1,,,,,,,
21/11/2018,Piyai Besar,Closed,0753,1410,2,,,,,,,
21/11/2018,Piyai Besar,Closed,0757,1412,3,,,,,,,
21/11/2018,Piyai Besar,Closed,0801,1414,4,1,,12.2,,,,
21/11/2018,Piyai Besar,Closed,0807,1422,5,,,,,,,
21/11/2018,Piyai Besar,Closed,0837,1401,6,,,,,,,
22/11/2018,Piyai Kecil,Closed,0740,1303,1,,,,,,,
22/11/2018,Piyai Kecil,Closed,0740,1303,2,,,,,,,
22/11/2018,Piyai Kecil,Closed,0746,1307,3,,,,,,,
22/11/2018,Piyai Kecil,Closed,0757,1314,4,,,,,,,
22/11/2018,Piyai Kecil,Closed,0800,1317,5,,,,,,,
22/11/2018,Piyai Kecil,Closed,0804,1321,6,,,,,,,
22/11/2018,Piyai Kecil,Closed,0807,1324,7,,,,,,,
23/11/2018,Panjang Kecil,Closed,0757,1405,1,,,,,,,
23/11/2018,Panjang Kecil,Closed,0759,1408,2,,,,,,,
23/11/2018,Panjang Kecil,Closed,0801,1410,3,1,,5.1,,,,
23/11/2018,Panjang Kecil,Closed,0803,1413,4,,,,,,,
23/11/2018,Panjang Kecil,Closed,0805,1416,5,1,,5,,,,
23/11/2018,Panjang Kecil,Closed,0805,1416,6,,,,,,,
23/11/2018,Panjang Kecil,Closed,0806,1419,7,,,,,,,
23/11/2018,Panjang Kecil,Closed,0811,1424,8,1,,6,,,,
24/11/2018,Panjang Besar,Open,0758,1124,1,,,,,,,
24/11/2018,Panjang Besar,Open,0804,1131,2,,,,,,,
24/11/2018,Panjang Besar,Open,0806,1134,3,1,,10,,,,
24/11/2018,Panjang Besar,Open,0808,1138,4,,,,,,,
24/11/2018,Panjang Besar,Open,0810,1141,5,,,,,,,
24/11/2018,Panjang Besar,Open,0810,1141,6,,,,,,,
24/11/2018,Panjang Besar,Open,0812,1144,7,,,,,,,
24/11/2018,Panjang Besar,Open,0817,1147,8,,,,,,,
25/11/2018,Gundi Besar,Open,0600,1100,1,,1,,,14,,
25/11/2018,Gundi Besar,Open,0600,1100,2,1,,14,,,,
25/11/2018,Gundi Besar,Open,0600,1100,3,1,,12.2,,,,
25/11/2018,Gundi Besar,Open,0600,1100,4,1,,13,,,,
25/11/2018,Gundi Besar,Open,0600,1100,5,,1,,,12.4,,
25/11/2018,Gundi Besar,Open,0600,1100,6,,1,,,13.2,,
25/11/2018,Gundi Besar,Open,0600,1100,7,,1,,,11.2,,
25/11/2018,Gundi Besar,Open,0600,1100,8,1,,11.4,,,,
25/11/2018,Gundi Besar,Open,0600,1100,9,1,,11,,,,
25/11/2018,Gundi Besar,Open,0600,1100,10,,1,,,13.4,,
25/11/2018,Gundi Besar,Open,0600,1100,11,,1,,,12.3,,
25/11/2018,Gundi Besar,Open,0600,1100,12,,,,,,,
25/11/2018,Gundi Besar,Open,0600,1100,13,,,,,,,
25/11/2018,Gundi Besar,Open,0600,1100,14,,,12,,,,
25/11/2018,Gundi Besar,Open,0600,1100,15,,,,,,,
25/11/2018,Gundi Besar,Open,0600,1100,16,,,,,,,
25/11/2018,Gundi Besar,Open,0600,1100,17,,,,,,,
25/11/2018,Gundi Besar,Open,0600,1100,18,,,,,,,
25/11/2018,Gundi Besar,Open,0600,1100,19,,,,,,,
25/11/2018,Gundi Besar,Open,0600,1100,20,,,,,,,
25/11/2018,Gundi Besar,Open,0600,1100,21,,,,,,,
25/11/2018,Gundi Besar,Open,0600,1100,22,,,8,,,,
25/11/2018,Gundi Besar,Open,0600,1100,23,,,,,,,
25/11/2018,Gundi Besar,Open,0600,1100,24,1,,13.8,,,,
25/11/2018,Gundi Besar,Open,0600,1100,25,,1,,,11,,
25/11/2018,Gundi Besar,Open,0600,1100,26,,1,,,11,,
25/11/2018,Gundi Besar,Open,0600,1100,27,1,,12.4,,,,
25/11/2018,Gundi Besar,Open,0600,1100,28,,,,,,,
25/11/2018,Gundi Besar,Open,0600,1100,29,,,,,,,
25/11/2018,Gundi Besar,Open,0600,1100,30,1,,10.8,,,,
25/11/2018,Gundi Besar,Open,0600,1100,31,1,,12.8,,,,
25/11/2018,Gundi Besar,Open,0600,1100,32,,,,,,,
25/11/2018,Gundi Besar,Open,0600,1100,33,,1,,,10.4,,
25/11/2018,Gundi Besar,Open,0600,1100,34,,2,,,10.8,12.2,
25/11/2018,Gundi Besar,Open,0600,1100,35,1,,11.8,,,,
25/11/2018,Gundi Besar,Open,0600,1100,36,,2,,,11,13.4,
25/11/2018,Gundi Besar,Open,0600,1100,37,1,,8,,,,
25/11/2018,Gundi Besar,Open,0600,1100,38,,1,,,11,,
25/11/2018,Gundi Kecil,Open,0600,1100,1,1,,12.4,,,,
25/11/2018,Gundi Kecil,Open,0600,1100,2,,1,,,10.8,,
25/11/2018,Gundi Kecil,Open,0600,1100,3,1,,13.8,,,,
25/11/2018,Gundi Kecil,Open,0600,1100,4,1,,10.8,,,,
25/11/2018,Gundi Kecil,Open,0600,1100,5,,1,,,10.4,,
25/11/2018,Gundi Kecil,Open,0600,1100,6,,1,,,10.2,,
25/11/2018,Gundi Kecil,Open,0600,1100,7,1,,11.8,,,,
25/11/2018,Gundi Kecil,Open,0600,1100,8,,1,,,10.4,,
25/11/2018,Gundi Kecil,Open,0600,1100,9,1,,13,,,,
25/11/2018,Gundi Kecil,Open,0600,1100,10,1,,8,,,,
25/11/2018,Gundi Kecil,Open,0600,1100,11,1,,8,,,,
25/11/2018,Gundi Kecil,Open,0600,1100,12,,,,,,,
25/11/2018,Gundi Kecil,Open,0600,1100,13,,,,,,,
25/11/2018,Gundi Kecil,Open,0600,1100,14,,,,,,,
25/11/2018,Gundi Kecil,Open,0600,1100,15,,,,,,,
25/11/2018,Gundi Kecil,Open,0600,1100,16,,,,,,,
25/11/2018,Gundi Kecil,Open,0600,1100,17,,,,,,,
25/11/2018,Gundi Kecil,Open,0600,1100,18,,,,,,,
25/11/2018,Gundi Kecil,Open,0600,1100,19,,,,,,,
25/11/2018,Gundi Kecil,Open,0600,1100,20,,,,,,,
25/11/2018,Gundi Kecil,Open,0600,1100,21,,,,,,,
25/11/2018,Gundi Kecil,Open,0600,1100,22,,,,,,,
25/11/2018,Gundi Kecil,Open,0600,1100,23,,,,,,,
25/11/2018,Gundi Kecil,Open,0600,1100,24,,,,,,,
25/11/2018,Gundi Kecil,Open,0600,1100,25,,,,,,,
25/11/2018,Gundi Kecil,Open,0600,1100,26,,,,,,,
25/11/2018,Gundi Kecil,Open,0600,1100,27,,,,,,,
25/11/2018,Gundi Kecil,Open,0600,1100,28,,,,,,,
25/11/2018,Gundi Kecil,Open,0600,1100,29,,,,,,,
25/11/2018,Gundi Kecil,Open,0600,1100,30,,,,,,,
25/11/2018,Gundi Kecil,Open,0600,1100,31,,,,,,,
25/11/2018,Gundi Kecil,Open,0600,1100,32,,,,,,,
25/11/2018,Gundi Kecil,Open,0600,1100,33,,,,,,,
25/11/2018,Gundi Kecil,Open,0600,1100,34,,,,,,,
25/11/2018,Gundi Kecil,Open,0600,1100,35,,,,,,,
25/11/2018,Gundi Kecil,Open,0600,1100,36,,,,,,,
25/11/2018,Gundi Kecil,Open,0600,1100,37,,,,,,,
25/11/2018,Gundi Kecil,Open,0600,1100,38,,,,,,,
25/11/2018,Gundi Kecil,Open,0600,1100,39,,,,,,,
25/11/2018,Gundi Kecil,Open,0600,1100,40,,,,,,,
25/11/2018,Gundi Kecil,Open,0600,1100,41,,,,,,,
25/11/2018,Gundi Kecil,Open,0600,1100,42,,,,,,,
25/11/2018,Gundi Kecil,Open,0600,1100,43,,,,,,,
25/11/2018,Gundi Kecil,Open,0600,1100,44,,,,,,,
25/11/2018,Gundi Kecil,Open,0600,1100,45,,,,,,,
25/11/2018,Gundi Kecil,Open,0600,1100,46,,,,,,,
25/11/2018,Gundi Kecil,Open,0600,1100,47,,,,,,,
25/11/2018,Gundi Kecil,Open,0600,1100,48,,,,,,,
25/11/2018,Gundi Kecil,Open,0600,1100,49,,,,,,,
25/11/2018,Gundi Kecil,Open,0600,1100,50,,,,,,,
25/11/2018,Gundi Kecil,Open,0600,1100,51,,,,,,,
25/11/2018,Gundi Kecil,Open,0600,1100,52,,,,,,,
25/11/2018,Gundi Kecil,Open,0600,1100,53,,,,,,,
25/11/2018,Gundi Kecil,Open,0600,1100,54,,,,,,,
25/11/2018,Gundi Kecil,Open,0600,1100,55,,,,,,,
25/11/2018,Gundi Kecil,Open,0600,1100,56,,,,,,,
25/11/2018,Gundi Kecil,Open,0600,1100,57,,,,,,,
25/11/2018,Gundi Kecil,Open,0600,1100,58,,,,,,,
25/11/2018,Gundi Kecil,Open,0600,1100,59,,,,,,,
25/11/2018,Gundi Kecil,Open,0600,1100,60,,,,,,,
25/11/2018,Gundi Kecil,Open,0600,1100,61,,,,,,,
25/11/2018,Gundi Kecil,Open,0600,1100,62,,,,,,,
25/11/2018,Gundi Kecil,Open,0600,1100,63,,,,,,,
25/11/2018,Gundi Kecil,Open,0600,1100,64,,,,,,,
25/11/2018,Gundi Kecil,Open,0600,1100,65,,,,,,,
25/11/2018,Gundi Kecil,Open,0600,1100,66,,,,,,,
25/11/2018,Gundi Kecil,Open,0600,1100,67,,,,,,,
25/11/2018,Gundi Kecil,Open,0600,1100,68,,,,,,,
25/11/2018,Gundi Kecil,Open,0600,1100,69,,,,,,,
25/11/2018,Gundi Kecil,Open,0600,1100,70,,,,,,,
25/11/2018,Gundi Kecil,Open,0600,1100,71,,,,,,,
25/11/2018,Gundi Kecil,Open,0600,1100,72,,,,,,,
25/11/2018,Gundi Kecil,Open,0600,1100,73,,,,,,,
25/11/2018,Gundi Kecil,Open,0600,1100,74,,,,,,,
25/11/2018,Gundi Kecil,Open,0600,1100,75,,,,,,,
25/11/2018,Gundi Kecil,Open,0600,1100,76,,,,,,,
25/11/2018,Gundi Kecil,Open,0600,1100,77,,,,,,,
25/11/2018,Gundi Kecil,Open,0600,1100,78,,,,,,,
25/11/2018,Gundi Kecil,Open,0600,1100,79,,,,,,,
25/11/2018,Gundi Kecil,Open,0600,1100,80,,,,,,,
25/11/2018,Gundi Kecil,Open,0600,1100,81,,,,,,,
25/11/2018,Gundi Kecil,Open,0600,1100,82,,,,,,,
25/11/2018,Gundi Kecil,Open,0600,1100,83,,,,,,,
25/11/2018,Gundi Kecil,Open,0600,1100,84,,,,,,,
25/11/2018,Gundi Kecil,Open,0600,1100,85,,,,,,,
25/11/2018,Gundi Kecil,Open,0600,1100,86,,,,,,,
25/11/2018,Gundi Kecil,Open,0600,1100,87,,,,,,,
25/11/2018,Gundi Kecil,Open,0740,1041,1,,,,,,,
25/11/2018,Gundi Kecil,Open,0746,1045,2,,,,,,,
25/11/2018,Gundi Kecil,Open,0746,1045,3,,,,,,,
25/11/2018,Gundi Kecil,Open,0754,1051,4,,,,,,,
25/11/2018,Gundi Kecil,Open,0756,1052,5,,,,,,,
25/11/2018,Gundi Kecil,Open,0758,1054,6,,,,,,,
25/11/2018,Gundi Kecil,Open,0759,1055,7,,,,,,,
25/11/2018,Gundi Kecil,Open,1103,1300,8,,,,,,,
25/11/2018,Gundi Kecil,Open,1104,1300,9,,,,,,,
25/11/2018,Gundi Kecil,Open,1107,1305,10,,,,,,,
25/11/2018,Gundi Kecil,Open,1109,1307,11,,,,,,,
25/11/2018,Gundi Kecil,Open,1115,1309,12,,,,,,,
26/11/2018,Gundi Besar,Open,0600,1100,1,,1,,,11.3,,
26/11/2018,Gundi Besar,Open,0600,1100,2,,1,,,11,,
26/11/2018,Gundi Besar,Open,0600,1100,3,,1,,,10.4,,
26/11/2018,Gundi Besar,Open,0600,1100,4,,1,,,9,,
26/11/2018,Gundi Besar,Open,0600,1100,5,1,,13.2,,,,
26/11/2018,Gundi Besar,Open,0600,1100,6,,,,,,,
26/11/2018,Gundi Besar,Open,0600,1100,7,,,,,,,
26/11/2018,Gundi Besar,Open,0600,1100,8,,,,,,,
26/11/2018,Gundi Besar,Open,0600,1100,9,,,,,,,
26/11/2018,Gundi Besar,Open,0600,1100,10,,,,,,,
26/11/2018,Gundi Besar,Open,0600,1100,11,,,,,,,
26/11/2018,Gundi Besar,Open,0600,1100,12,,,,,,,
26/11/2018,Gundi Besar,Open,0600,1100,13,,,,,,,
26/11/2018,Gundi Besar,Open,0600,1100,14,,,,,,,
26/11/2018,Gundi Besar,Open,0600,1100,15,,,,,,,
26/11/2018,Gundi Besar,Open,0600,1100,16,,,,,,,
26/11/2018,Gundi Besar,Open,0600,1100,17,,,,,,,
26/11/2018,Gundi Besar,Open,0600,1100,18,,,,,,,
26/11/2018,Gundi Besar,Open,0600,1100,19,,,,,,,
26/11/2018,Gundi Besar,Open,0600,1100,20,,,,,,,
26/11/2018,Gundi Besar,Open,0600,1100,21,,,,,,,
26/11/2018,Gundi Besar,Open,0600,1100,22,,,,,,,
26/11/2018,Gundi Besar,Open,0600,1100,23,,,,,,,
26/11/2018,Gundi Besar,Open,0600,1100,24,,,,,,,
26/11/2018,Gundi Besar,Open,0600,1100,25,,,,,,,
26/11/2018,Gundi Besar,Open,0600,1100,26,,,,,,,
26/11/2018,Gundi Besar,Open,0600,1100,27,,,,,,,
26/11/2018,Gundi Besar,Open,0600,1100,28,,,,,,,
26/11/2018,Gundi Besar,Open,0600,1100,29,,,,,,,
26/11/2018,Gundi Besar,Open,0600,1100,30,,,,,,,
26/11/2018,Gundi Besar,Open,0600,1100,31,,,,,,,
26/11/2018,Gundi Besar,Open,0600,1100,32,,,,,,,
26/11/2018,Gundi Besar,Open,0600,1100,33,,,,,,,
26/11/2018,Gundi Besar,Open,0600,1100,34,,,,,,,
26/11/2018,Gundi Besar,Open,0600,1100,35,,,,,,,
26/11/2018,Gundi Besar,Open,0600,1100,36,,,,,,,
26/11/2018,Gundi Besar,Open,0600,1100,37,,,,,,,
26/11/2018,Gundi Besar,Open,0600,1100,38,,,,,,,
26/11/2018,Gundi Besar,Open,0600,1100,39,,,,,,,
26/11/2018,Gundi Besar,Open,0600,1100,40,,,,,,,
26/11/2018,Gundi Besar,Open,0600,1100,41,,,,,,,
26/11/2018,Gundi Besar,Open,0600,1100,42,,,,,,,
26/11/2018,Gundi Besar,Open,0600,1100,43,,,,,,,
26/11/2018,Gundi Besar,Open,0600,1100,44,,,,,,,
26/11/2018,Gundi Besar,Open,0600,1100,45,,,,,,,
26/11/2018,Gundi Besar,Open,0600,1100,46,,,,,,,
26/11/2018,Gundi Besar,Open,0600,1100,47,,,,,,,
26/11/2018,Gundi Besar,Open,0600,1100,48,,,,,,,
26/11/2018,Gundi Besar,Open,0600,1100,49,,,,,,,
26/11/2018,Gundi Besar,Open,0600,1100,50,,,,,,,
26/11/2018,Gundi Besar,Open,0600,1100,51,,,,,,,
26/11/2018,Gundi Besar,Open,0600,1100,52,,,,,,,
26/11/2018,Gundi Besar,Open,0600,1100,53,,,,,,,
26/11/2018,Gundi Besar,Open,0600,1100,54,,,,,,,
26/11/2018,Gundi Besar,Open,0600,1100,55,,,,,,,
26/11/2018,Seruat Kanan,Open,0600,1100,1,1,,14,,,,
26/11/2018,Seruat Kanan,Open,0600,1100,2,1,,12,,,,
26/11/2018,Seruat Kanan,Open,0600,1100,3,1,,14,,,,
26/11/2018,Seruat Kanan,Open,0600,1100,4,1,,13.2,,,,
26/11/2018,Seruat Kanan,Open,0600,1100,5,1,,12.2,,,,
26/11/2018,Seruat Kanan,Open,0600,1100,6,1,,11.8,,,,
26/11/2018,Seruat Kanan,Open,0600,1100,7,1,,11.4,,,,
26/11/2018,Seruat Kanan,Open,0600,1100,8,1,,14.4,,,,
26/11/2018,Seruat Kanan,Open,0600,1100,9,1,,14.2,,,,
26/11/2018,Seruat Kanan,Open,0600,1100,10,1,,12,,,,
26/11/2018,Seruat Kanan,Open,0600,1100,11,,1,,,12.8,,
26/11/2018,Seruat Kanan,Open,0600,1100,12,,1,,,12,,
26/11/2018,Seruat Kanan,Open,0600,1100,13,,1,,,12.2,,
26/11/2018,Seruat Kanan,Open,0600,1100,14,,1,,,11.8,,
26/11/2018,Seruat Kanan,Open,0600,1100,15,,1,,,11.2,,
26/11/2018,Seruat Kanan,Open,0600,1100,16,,1,,,11,,
26/11/2018,Seruat Kanan,Open,0600,1100,17,,1,,,9.8,,
26/11/2018,Seruat Kanan,Open,0600,1100,18,,1,,,9.8,,
26/11/2018,Seruat Kanan,Open,0600,1100,19,,1,,,11,,
26/11/2018,Seruat Kanan,Open,0600,1100,20,,,,,,,
26/11/2018,Seruat Kanan,Open,0600,1100,21,,,,,,,
26/11/2018,Seruat Kanan,Open,0600,1100,22,,,,,,,
26/11/2018,Seruat Kanan,Open,0600,1100,23,,,,,,,
26/11/2018,Seruat Kanan,Open,0600,1100,24,,,,,,,
26/11/2018,Seruat Kanan,Open,0600,1100,25,,,,,,,
26/11/2018,Seruat Kanan,Open,0600,1100,26,,,,,,,
26/11/2018,Seruat Kanan,Open,0600,1100,27,,,,,,,
26/11/2018,Seruat Kanan,Open,0600,1100,28,,,,,,,
26/11/2018,Seruat Kanan,Open,0600,1100,29,,,,,,,
26/11/2018,Seruat Kanan,Open,0600,1100,30,,,,,,,
26/11/2018,Seruat Kanan,Open,0600,1100,31,,,,,,,
26/11/2018,Seruat Kanan,Open,0600,1100,32,,,,,,,
26/11/2018,Seruat Kanan,Open,0600,1100,33,,,,,,,
26/11/2018,Seruat Kanan,Open,0600,1100,34,,,,,,,
26/11/2018,Seruat Kanan,Open,0600,1100,35,,,,,,,
26/11/2018,Seruat Kanan,Open,0600,1100,36,,,,,,,
26/11/2018,Seruat Kanan,Open,0600,1100,37,,,,,,,
26/11/2018,Seruat Kanan,Open,0600,1100,38,,,,,,,
26/11/2018,Seruat Kanan,Open,0600,1100,39,,,,,,,
26/11/2018,Seruat Kanan,Open,0600,1100,40,,,,,,,
26/11/2018,Seruat Kanan,Open,0600,1100,41,,,,,,,
26/11/2018,Seruat Kanan,Open,0600,1100,42,,,,,,,
26/11/2018,Seruat Kanan,Open,0600,1100,43,,,,,,,
26/11/2018,Seruat Kanan,Open,0600,1100,44,,,,,,,
26/11/2018,Seruat Kanan,Open,0600,1100,45,,,,,,,
26/11/2018,Seruat Kanan,Open,0600,1100,46,,,,,,,
26/11/2018,Seruat Kanan,Open,0600,1100,47,,,,,,,
26/11/2018,Seruat Kanan,Open,0600,1100,48,,,,,,,
26/11/2018,Seruat Kanan,Open,0600,1100,49,,,,,,,
26/11/2018,Seruat Kanan,Open,0600,1100,50,,,,,,,
26/11/2018,Seruat Kanan,Open,0600,1100,51,,,,,,,
26/11/2018,Seruat Kanan,Open,0600,1100,52,,,,,,,
26/11/2018,Seruat Kanan,Open,0600,1100,53,,,,,,,
26/11/2018,Seruat Kanan,Open,0600,1100,54,,,,,,,
26/11/2018,Seruat Kanan,Open,0600,1100,55,,,,,,,
26/11/2018,Seruat Kanan,Open,0600,1100,56,,,,,,,
26/11/2018,Seruat Kanan,Open,0600,1100,57,,,,,,,
26/11/2018,Seruat Kanan,Open,0600,1100,58,,,,,,,
26/11/2018,Seruat Kanan,Open,0600,1100,59,,,,,,,
26/11/2018,Seruat Kanan,Open,0600,1100,60,,,,,,,
26/11/2018,Seruat Kanan,Open,0600,1100,61,,,,,,,
26/11/2018,Seruat Kanan,Open,0600,1100,62,,,,,,,
26/11/2018,Seruat Kanan,Open,0600,1100,63,,,,,,,
26/11/2018,Seruat Kanan,Open,0600,1100,64,,,,,,,
26/11/2018,Seruat Kanan,Open,0600,1100,65,,,,,,,
26/11/2018,Piyai Besar,Closed,0800,1200,1,,,,,,,
26/11/2018,Piyai Besar,Closed,0800,1200,2,,,,,,,
26/11/2018,Piyai Besar,Closed,0800,1200,3,,,,,,,
26/11/2018,Piyai Besar,Closed,0800,1200,4,,,,,,,
26/11/2018,Piyai Besar,Closed,0800,1200,5,,,,,,,
26/11/2018,Piyai Besar,Closed,0800,1200,6,,,,,,,
26/11/2018,Piyai Besar,Closed,0800,1200,7,,,,,,,
26/11/2018,Piyai Besar,Closed,0800,1200,8,,,,,,,
26/11/2018,Piyai Besar,Closed,0800,1200,9,,,,,,,
26/11/2018,Piyai Besar,Closed,0800,1200,10,,,,,,,
26/11/2018,Piyai Besar,Closed,0800,1200,11,,,,,,,
26/11/2018,Piyai Besar,Closed,0800,1200,12,,,,,,,
26/11/2018,Piyai Besar,Closed,0800,1200,13,,,,,,,
26/11/2018,Piyai Besar,Closed,0800,1200,14,,,,,,,
26/11/2018,Piyai Besar,Closed,0800,1200,15,,,,,,,
26/11/2018,Piyai Besar,Closed,0800,1200,16,,,,,,,
26/11/2018,Piyai Kecil,Closed,0800,1200,1,,,,,,,
26/11/2018,Piyai Kecil,Closed,0800,1200,2,,,,,,,
26/11/2018,Piyai Kecil,Closed,0800,1200,3,1,,12,,,,
26/11/2018,Piyai Kecil,Closed,0800,1200,4,,,,,,,
26/11/2018,Piyai Kecil,Closed,0800,1200,5,,,,,,,
26/11/2018,Piyai Kecil,Closed,0800,1200,6,,,,,,,
26/11/2018,Piyai Kecil,Closed,0800,1200,7,,,,,,,
26/11/2018,Piyai Kecil,Closed,0800,1200,8,,,,,,,
26/11/2018,Piyai Kecil,Closed,0800,1200,9,,,,,,,
26/11/2018,Piyai Kecil,Closed,0800,1200,10,,,,,,,
26/11/2018,Piyai Kecil,Closed,0800,1200,11,2,,7,6.4,,,
26/11/2018,Piyai Kecil,Closed,0800,1200,12,,,,,,,
26/11/2018,Piyai Kecil,Closed,0800,1200,13,,,,,,,
26/11/2018,Piyai Kecil,Closed,0800,1200,14,,,,,,,
26/11/2018,Piyai Kecil,Closed,0800,1200,15,,,,,,,
26/11/2018,Piyai Kecil,Closed,0800,1200,16,,,,,,,
26/11/2018,Piyai Kecil,Closed,0800,1200,17,,,,,,,
27/11/2018,Panjang Besar,Open,0700,1200,1,1,,12.8,,,,
27/11/2018,Panjang Besar,Open,0700,1200,2,1,,11.4,,,,
27/11/2018,Panjang Besar,Open,0700,1200,3,,,,,,,
27/11/2018,Panjang Besar,Open,0700,1200,4,,,,,,,
27/11/2018,Panjang Besar,Open,0700,1200,5,,,,,,,
27/11/2018,Panjang Besar,Open,0700,1200,6,,,,,,,
27/11/2018,Panjang Besar,Open,0700,1200,7,,,,,,,
27/11/2018,Panjang Besar,Open,0700,1200,8,,,,,,,
27/11/2018,Panjang Besar,Open,0700,1200,9,,,,,,,
27/11/2018,Panjang Besar,Open,0700,1200,10,,,,,,,
27/11/2018,Panjang Besar,Open,0700,1200,11,,,,,,,
27/11/2018,Panjang Besar,Open,0700,1200,12,,,,,,,
27/11/2018,Panjang Besar,Open,0700,1200,13,,,,,,,
27/11/2018,Panjang Besar,Open,0700,1200,14,,,,,,,
27/11/2018,Panjang Besar,Open,0700,1200,15,,,,,,,
27/11/2018,Panjang Besar,Open,0700,1200,16,,,,,,,
27/11/2018,Panjang Besar,Open,0700,1200,17,,,,,,,
27/11/2018,Panjang Besar,Open,0700,1200,18,,,,,,,
27/11/2018,Panjang Besar,Open,0700,1200,19,,,,,,,
27/11/2018,Panjang Besar,Open,0700,1200,20,,,,,,,
27/11/2018,Panjang Kecil,Closed,0700,1200,1,1,,7,,,,
27/11/2018,Panjang Kecil,Closed,0700,1200,2,,,,,,,
27/11/2018,Panjang Kecil,Closed,0700,1200,3,,,,,,,
27/11/2018,Panjang Kecil,Closed,0700,1200,4,,,,,,,
27/11/2018,Panjang Kecil,Closed,0700,1200,5,,,,,,,
27/11/2018,Panjang Kecil,Closed,0700,1200,6,,,,,,,
27/11/2018,Panjang Kecil,Closed,0700,1200,7,,,,,,,
27/11/2018,Panjang Kecil,Closed,0700,1200,8,,,,,,,
27/11/2018,Panjang Kecil,Closed,0700,1200,9,,,,,,,
27/11/2018,Panjang Kecil,Closed,0700,1200,10,,,,,,,
27/11/2018,Panjang Kecil,Closed,0700,1200,11,,,,,,,
27/11/2018,Panjang Kecil,Closed,0700,1200,12,,,,,,,
27/11/2018,Panjang Kecil,Closed,0700,1200,13,,,,,,,
27/11/2018,Panjang Kecil,Closed,0700,1200,14,,,,,,,
27/11/2018,Panjang Kecil,Closed,0700,1200,15,,,,,,,
27/11/2018,Panjang Kecil,Closed,0700,1200,16,,,,,,,
27/11/2018,Panjang Kecil,Closed,0700,1200,17,,,,,,,
27/11/2018,Panjang Kecil,Closed,0700,1200,18,,,,,,,
27/11/2018,Panjang Kecil,Closed,0700,1200,19,,,,,,,
27/11/2018,Panjang Kecil,Closed,0700,1200,20,,,,,,,
7/02/2019,Panjang Kecil,Closed,600,1030,1,,,,,,,
7/02/2019,Panjang Kecil,Closed,600,1030,2,,,,,,,Horseshoe crab
7/02/2019,Panjang Kecil,Closed,600,1030,3,,,,,,,
7/02/2019,Panjang Kecil,Closed,600,1030,4,,,,,,,
7/02/2019,Panjang Kecil,Closed,600,1030,5,1,,14.3,,,,
7/02/2019,Panjang Kecil,Closed,600,1030,6,,,,,,,
7/02/2019,Panjang Kecil,Closed,600,1030,7,,,,,,,
7/02/2019,Panjang Kecil,Closed,600,1030,8,,,,,,,Nugget crab
7/02/2019,Panjang Kecil,Closed,600,1030,9,,,,,,,
7/02/2019,Panjang Kecil,Closed,600,1030,10,1,,14.8,,,,
7/02/2019,Panjang Kecil,Closed,600,1030,11,,,,,,,
7/02/2019,Panjang Kecil,Closed,600,1030,12,,,,,,,
7/02/2019,Panjang Kecil,Closed,600,1030,13,,,,,,,
7/02/2019,Panjang Kecil,Closed,600,1030,14,,,,,,,
7/02/2019,Panjang Kecil,Closed,600,1030,15,,,,,,,
7/02/2019,Panjang Kecil,Closed,600,1030,16,,,,,,,
7/02/2019,Panjang Kecil,Closed,600,1030,17,,,,,,,
7/02/2019,Panjang Kecil,Closed,600,1030,18,,,,,,,
7/02/2019,Panjang Kecil,Closed,600,1030,19,,,,,,,
7/02/2019,Panjang Kecil,Closed,600,1030,20,,,,,,,
7/02/2019,Panjang Kecil,Closed,600,1030,21,,1,,,11.8,,Nugget crab
7/02/2019,Panjang Kecil,Closed,600,1030,22,,,,,,,Horseshoe crab
7/02/2019,Panjang Besar,Open,600,1030,1,,,,,,,
7/02/2019,Panjang Besar,Open,600,1030,2,,,,,,,
7/02/2019,Panjang Besar,Open,600,1030,3,,,,,,,
7/02/2019,Panjang Besar,Open,600,1030,4,,,,,,,
7/02/2019,Panjang Besar,Open,600,1030,5,,,,,,,
7/02/2019,Panjang Besar,Open,600,1030,6,,,,,,,
7/02/2019,Panjang Besar,Open,600,1030,7,,,,,,,
7/02/2019,Panjang Besar,Open,600,1030,8,,,,,,,
7/02/2019,Panjang Besar,Open,600,1030,9,,,,,,,
7/02/2019,Panjang Besar,Open,600,1030,10,,,,,,,
7/02/2019,Panjang Besar,Open,600,1030,11,,,,,,,
7/02/2019,Panjang Besar,Open,600,1030,12,,,,,,,
7/02/2019,Panjang Besar,Open,600,1030,13,,,,,,,
7/02/2019,Panjang Besar,Open,600,1030,14,,,,,,,Horseshoe crab
7/02/2019,Panjang Besar,Open,600,1030,15,,,,,,,
7/02/2019,Panjang Besar,Open,600,1030,16,,,,,,,
7/02/2019,Panjang Besar,Open,600,1030,17,,,,,,,
7/02/2019,Panjang Besar,Open,600,1030,18,,,,,,,
7/02/2019,Panjang Besar,Open,600,1030,19,,,,,,,Horseshoe crab
7/02/2019,Panjang Besar,Open,600,1030,20,,,,,,,
7/02/2019,Panjang Besar,Open,600,1030,21,,,,,,,Nugget crab
7/02/2019,Panjang Besar,Open,600,1030,22,,,,,,,
8/02/2019,Piyai Besar,Closed,700,1200,1,1,,13.8,,,,2x horseshoe crab
8/02/2019,Piyai Besar,Closed,700,1200,2,,1,,,15.2,,Horseshoe crab
8/02/2019,Piyai Besar,Closed,700,1200,3,1,,13.4,,,,
8/02/2019,Piyai Besar,Closed,700,1200,4,,,,,,,Horseshoe crab
8/02/2019,Piyai Besar,Closed,700,1200,5,,,,,,,2x prawn
8/02/2019,Piyai Besar,Closed,700,1200,6,,,,,,,2x prawn
8/02/2019,Piyai Besar,Closed,700,1200,7,,,,,,,
8/02/2019,Piyai Besar,Closed,700,1200,8,,,,,,,
8/02/2019,Piyai Besar,Closed,700,1200,9,,,,,,,
8/02/2019,Piyai Besar,Closed,700,1200,10,,,,,,,
8/02/2019,Piyai Besar,Closed,700,1200,11,,,,,,,
8/02/2019,Piyai Besar,Closed,700,1200,12,,,,,,,
8/02/2019,Piyai Besar,Closed,700,1200,13,,,,,,,
8/02/2019,Piyai Besar,Closed,700,1200,14,,,,,,,
8/02/2019,Piyai Besar,Closed,700,1200,15,,,,,,,
8/02/2019,Piyai Besar,Closed,700,1200,16,,,,,,,
8/02/2019,Piyai Besar,Closed,700,1200,17,,,,,,,
8/02/2019,Piyai Besar,Closed,700,1200,18,,,,,,,Nugget crab
8/02/2019,Piyai Besar,Closed,700,1200,19,,,,,,,
8/02/2019,Piyai Besar,Closed,700,1200,20,,,,,,,2x prawn
8/02/2019,Piyai Besar,Closed,700,1200,21,,,,,,,Nugget crab
8/02/2019,Piyai Besar,Closed,700,1200,22,,,,,,,
8/02/2019,Piyai Besar,Closed,700,1200,23,,,,,,,
8/02/2019,Piyai Besar,Closed,700,1200,24,,,,,,,
8/02/2019,Piyai Besar,Closed,700,1200,25,,,,,,,
8/02/2019,Piyai Besar,Closed,700,1200,26,,,,,,,
8/02/2019,Piyai Besar,Closed,700,1200,27,,,,,,,
8/02/2019,Piyai Besar,Closed,700,1200,28,,,,,,,
8/02/2019,Piyai Besar,Closed,700,1200,29,,,,,,,
8/02/2019,Piyai Besar,Closed,700,1200,30,,,,,,,
8/02/2019,Piyai Besar,Closed,700,1200,31,,,,,,,
8/02/2019,Piyai Besar,Closed,700,1200,32,,,,,,,
8/02/2019,Piyai Besar,Closed,700,1200,33,,,,,,,
8/02/2019,Piyai Besar,Closed,700,1200,34,,,,,,,
8/02/2019,Piyai Besar,Closed,700,1200,35,,,,,,,
8/02/2019,Piyai Kecil,Closed,700,1200,1,,,,,,,
8/02/2019,Piyai Kecil,Closed,700,1200,2,1,,15.4,,,,Massive
8/02/2019,Piyai Kecil,Closed,700,1200,3,,,,,,,
8/02/2019,Piyai Kecil,Closed,700,1200,4,,,,,,,
8/02/2019,Piyai Kecil,Closed,700,1200,5,,,,,,,Gastropods & nugget crab
8/02/2019,Piyai Kecil,Closed,700,1200,6,,,,,,,
8/02/2019,Piyai Kecil,Closed,700,1200,7,,,,,,,2x gastropods
9/02/2019,Gundi Besar,Open,100,1100,1,1,,10,,,,
9/02/2019,Gundi Besar,Open,100,1100,2,1,,11,,,,
9/02/2019,Gundi Besar,Open,100,1100,3,1,,16.8,,,,
9/02/2019,Gundi Besar,Open,100,1100,4,1,,13.9,,,,
9/02/2019,Gundi Besar,Open,100,1100,5,,,,,,,
9/02/2019,Gundi Besar,Open,100,1100,6,,,,,,,
9/02/2019,Gundi Besar,Open,100,1100,7,,,,,,,
9/02/2019,Gundi Besar,Open,100,1100,8,,,,,,,
9/02/2019,Gundi Besar,Open,100,1100,9,,,,,,,
9/02/2019,Gundi Besar,Open,100,1100,10,,,,,,,
9/02/2019,Gundi Besar,Open,100,1100,11,,,,,,,
9/02/2019,Gundi Besar,Open,100,1100,12,,,,,,,
9/02/2019,Gundi Besar,Open,100,1100,13,,,,,,,
9/02/2019,Gundi Besar,Open,100,1100,14,,,,,,,
9/02/2019,Gundi Besar,Open,100,1100,15,,,,,,,
9/02/2019,Gundi Besar,Open,100,1100,16,,,,,,,
9/02/2019,Gundi Besar,Open,100,1100,17,,,,,,,
9/02/2019,Gundi Besar,Open,100,1100,18,,,,,,,
9/02/2019,Gundi Besar,Open,100,1100,19,,,,,,,
9/02/2019,Gundi Besar,Open,100,1100,20,,,,,,,
9/02/2019,Gundi Besar,Open,100,1100,21,,,,,,,
9/02/2019,Gundi Besar,Open,100,1100,22,,,,,,,
9/02/2019,Gundi Besar,Open,100,1100,23,,,,,,,
9/02/2019,Gundi Besar,Open,100,1100,24,,,,,,,
9/02/2019,Gundi Besar,Open,100,1100,25,,,,,,,
9/02/2019,Gundi Besar,Open,100,1100,26,,,,,,,
9/02/2019,Gundi Besar,Open,100,1100,27,,,,,,,
9/02/2019,Gundi Besar,Open,100,1100,28,,,,,,,
9/02/2019,Gundi Besar,Open,100,1100,29,,,,,,,
9/02/2019,Gundi Besar,Open,100,1100,30,,,,,,,
9/02/2019,Gundi Besar,Open,100,1100,31,,,,,,,
9/02/2019,Gundi Besar,Open,100,1100,32,,,,,,,
9/02/2019,Gundi Besar,Open,100,1100,33,,,,,,,
9/02/2019,Gundi Besar,Open,100,1100,34,,,,,,,
9/02/2019,Gundi Besar,Open,100,1100,35,,,,,,,
9/02/2019,Gundi Besar,Open,100,1100,36,,,,,,,
9/02/2019,Gundi Besar,Open,100,1100,37,,,,,,,
9/02/2019,Gundi Besar,Open,100,1100,38,,,,,,,
9/02/2019,Gundi Besar,Open,100,1100,39,,,,,,,
9/02/2019,Gundi Besar,Open,100,1100,40,,,,,,,
9/02/2019,Gundi Besar,Open,100,1100,41,,,,,,,
9/02/2019,Gundi Besar,Open,100,1100,42,,,,,,,
9/02/2019,Gundi Besar,Open,100,1100,43,,,,,,,
9/02/2019,Gundi Besar,Open,100,1100,44,,,,,,,
9/02/2019,Gundi Besar,Open,100,1100,45,,,,,,,
9/02/2019,Gundi Besar,Open,100,1100,46,,,,,,,
9/02/2019,Gundi Besar,Open,100,1100,47,,,,,,,
9/02/2019,Gundi Besar,Open,100,1100,48,,,,,,,
9/02/2019,Gundi Besar,Open,100,1100,49,,,,,,,
9/02/2019,Gundi Besar,Open,100,1100,50,,,,,,,
9/02/2019,Gundi Besar,Open,100,1100,51,,,,,,,
9/02/2019,Gundi Besar,Open,100,1100,52,,,,,,,
9/02/2019,Gundi Besar,Open,100,1100,53,,,,,,,
9/02/2019,Gundi Besar,Open,100,1100,54,,,,,,,
9/02/2019,Gundi Besar,Open,100,1100,55,,,,,,,
9/02/2019,Gundi Besar,Open,100,1100,56,,,,,,,
9/02/2019,Gundi Besar,Open,100,1100,57,,,,,,,
9/02/2019,Gundi Besar,Open,100,1100,58,,,,,,,
9/02/2019,Gundi Besar,Open,100,1100,59,,,,,,,
9/02/2019,Gundi Besar,Open,100,1100,60,,,,,,,
9/02/2019,Gundi Besar,Open,100,1100,61,,,,,,,
9/02/2019,Gundi Besar,Open,100,1100,62,,,,,,,
9/02/2019,Gundi Besar,Open,100,1100,63,,,,,,,
9/02/2019,Gundi Besar,Open,100,1100,64,,,,,,,
9/02/2019,Gundi Besar,Open,100,1100,65,,,,,,,
9/02/2019,Gundi Besar,Open,100,1100,66,,,,,,,
9/02/2019,Gundi Besar,Open,100,1100,67,,,,,,,
9/02/2019,Gundi Besar,Open,100,1100,68,,,,,,,
9/02/2019,Gundi Besar,Open,100,1100,69,,,,,,,
9/02/2019,Gundi Besar,Open,100,1100,70,,,,,,,
9/02/2019,Gundi Besar,Open,100,1100,71,,,,,,,
9/02/2019,Gundi Besar,Open,100,1100,72,,,,,,,
9/02/2019,Gundi Besar,Open,100,1100,73,,,,,,,
9/02/2019,Gundi Besar,Open,100,1100,74,,,,,,,
9/02/2019,Gundi Besar,Open,100,1100,75,,,,,,,
9/02/2019,Gundi Besar,Open,100,1100,76,,,,,,,
9/02/2019,Gundi Besar,Open,100,1100,77,,,,,,,
9/02/2019,Gundi Besar,Open,100,1100,78,,,,,,,
9/02/2019,Gundi Besar,Open,100,1100,79,,,,,,,
9/02/2019,Gundi Kecil,Open,100,1100,1,,1,,,14.2,,
9/02/2019,Gundi Kecil,Open,100,1100,2,1,,8,,,,
9/02/2019,Gundi Kecil,Open,100,1100,3,,1,,,12,,
9/02/2019,Gundi Kecil,Open,100,1100,4,1,,10.3,,,,
9/02/2019,Gundi Kecil,Open,100,1100,5,1,,4.1,,,,
9/02/2019,Gundi Kecil,Open,100,1100,6,1,,12.1,,,,
9/02/2019,Gundi Kecil,Open,100,1100,7,1,,10.2,,,,
9/02/2019,Gundi Kecil,Open,100,1100,8,,1,,,14.2,,
9/02/2019,Gundi Kecil,Open,100,1100,9,,1,,,16,, 
9/02/2019,Gundi Kecil,Open,100,1100,10,1,,11.2,,,,
9/02/2019,Gundi Kecil,Open,100,1100,11,,,,,,,
9/02/2019,Gundi Kecil,Open,100,1100,12,,,,,,,
9/02/2019,Gundi Kecil,Open,100,1100,13,,,,,,,
9/02/2019,Gundi Kecil,Open,100,1100,14,,,,,,,
9/02/2019,Gundi Kecil,Open,100,1100,15,,,,,,,
9/02/2019,Gundi Kecil,Open,100,1100,16,,,,,,,
9/02/2019,Gundi Kecil,Open,100,1100,17,,,,,,,
9/02/2019,Gundi Kecil,Open,100,1100,18,,,,,,,
9/02/2019,Gundi Kecil,Open,100,1100,19,,,,,,,
9/02/2019,Gundi Kecil,Open,100,1100,20,,,,,,,
9/02/2019,Gundi Kecil,Open,100,1100,21,,,,,,,
9/02/2019,Gundi Kecil,Open,100,1100,22,,,,,,,
9/02/2019,Gundi Kecil,Open,100,1100,23,,,,,,,
9/02/2019,Gundi Kecil,Open,100,1100,24,,,,,,,
9/02/2019,Gundi Kecil,Open,100,1100,25,,,,,,,
9/02/2019,Gundi Kecil,Open,100,1100,26,,,,,,,
9/02/2019,Gundi Kecil,Open,100,1100,27,,,,,,,
9/02/2019,Gundi Kecil,Open,100,1100,28,,,,,,,
9/02/2019,Gundi Kecil,Open,100,1100,29,,,,,,,
9/02/2019,Gundi Kecil,Open,100,1100,30,,,,,,,
9/02/2019,Gundi Kecil,Open,100,1100,31,,,,,,,
9/02/2019,Gundi Kecil,Open,,,1,1,,14,,,,unsure on soak time
9/02/2019,Gundi Kecil,Open,,,2,,1,,,13,,
9/02/2019,Gundi Kecil,Open,,,3,,1,,,13,,
9/02/2019,Gundi Kecil,Open,,,4,,1,,,14,,
9/02/2019,Gundi Kecil,Open,,,5,,1,,,11,,
9/02/2019,Gundi Kecil,Open,,,6,1,,12,,,,
9/02/2019,Gundi Kecil,Open,,,7,1,,11,,,,
9/02/2019,Gundi Kecil,Open,,,8,1,,13,,,,
9/02/2019,Gundi Kecil,Open,,,9,1,,10.2,,,,
9/02/2019,Gundi Kecil,Open,,,10,,1,,,14,,
9/02/2019,Gundi Kecil,Open,,,11,,1,,,13,,
9/02/2019,Gundi Kecil,Open,,,12,1,,11.8,,,,
9/02/2019,Gundi Kecil,Open,,,13,1,,12,,,,
9/02/2019,Gundi Kecil,Open,,,14,,1,,,12,,
9/02/2019,Gundi Kecil,Open,,,15,1,,9.8,,,,
9/02/2019,Gundi Kecil,Open,,,16,1,,10,,,,
9/02/2019,Gundi Kecil,Open,,,17,,,,,,,
9/02/2019,Gundi Kecil,Open,,,18,,,,,,,
9/02/2019,Gundi Kecil,Open,,,19,,,,,,,
9/02/2019,Gundi Kecil,Open,,,20,,,,,,,
9/02/2019,Gundi Kecil,Open,,,21,,,,,,,
9/02/2019,Gundi Kecil,Open,,,22,,,,,,,
9/02/2019,Gundi Kecil,Open,,,23,,,,,,,
9/02/2019,Gundi Kecil,Open,,,24,,,,,,,
9/02/2019,Gundi Kecil,Open,,,25,,,,,,,
9/02/2019,Gundi Kecil,Open,,,26,,,,,,,
9/02/2019,Gundi Kecil,Open,,,27,,,,,,,
9/02/2019,Gundi Kecil,Open,,,28,,,,,,,
9/02/2019,Gundi Kecil,Open,,,29,,,,,,,
9/02/2019,Gundi Kecil,Open,,,30,,,,,,,
9/02/2019,Gundi Kecil,Open,,,31,,,,,,,
9/02/2019,Gundi Kecil,Open,,,32,,,,,,,
9/02/2019,Gundi Kecil,Open,,,33,,,,,,,
9/02/2019,Gundi Kecil,Open,,,34,,,,,,,
9/02/2019,Gundi Kecil,Open,,,35,,,,,,,
9/02/2019,Gundi Kecil,Open,,,36,,,,,,,
9/02/2019,Gundi Kecil,Open,,,37,,,,,,,
9/02/2019,Gundi Kecil,Open,,,38,,,,,,,
9/02/2019,Gundi Kecil,Open,,,39,,,,,,,
9/02/2019,Gundi Kecil,Open,,,40,,,,,,,
9/02/2019,Gundi Kecil,Open,,,41,,,,,,,
9/02/2019,Gundi Kecil,Open,,,42,,,,,,,
9/02/2019,Gundi Kecil,Open,,,43,,,,,,,
9/02/2019,Gundi Kecil,Open,,,44,,,,,,,
9/02/2019,Gundi Kecil,Open,,,45,,,,,,,
9/02/2019,Gundi Kecil,Open,,,46,,,,,,,
9/02/2019,Gundi Kecil,Open,,,47,,,,,,,
9/02/2019,Gundi Kecil,Open,,,48,,,,,,,
9/02/2019,Gundi Kecil,Open,,,49,,,,,,,
9/02/2019,Gundi Kecil,Open,,,50,,,,,,,
9/02/2019,Gundi Kecil,Open,,,51,,,,,,,
9/02/2019,Gundi Kecil,Open,,,52,,,,,,,
9/02/2019,Gundi Kecil,Open,,,53,,,,,,,
9/02/2019,Gundi Kecil,Open,,,54,,,,,,,
9/02/2019,Gundi Kecil,Open,,,55,,,,,,,
9/02/2019,Gundi Kecil,Open,,,56,,,,,,,
9/02/2019,Gundi Kecil,Open,,,57,,,,,,,
9/02/2019,Gundi Kecil,Open,,,58,,,,,,,
9/02/2019,Gundi Kecil,Open,,,59,,,,,,,
9/02/2019,Gundi Kecil,Open,,,60,,,,,,,
9/02/2019,Gundi Kecil,Open,,,61,,,,,,,
9/02/2019,Gundi Kecil,Open,,,62,,,,,,,
9/02/2019,Gundi Kecil,Open,,,63,,,,,,,
9/02/2019,Gundi Kecil,Open,,,64,,,,,,,
9/02/2019,Gundi Kecil,Open,,,65,,,,,,,
9/02/2019,Gundi Kecil,Open,,,66,,,,,,,
10/02/2019,Piyai Besar,Closed,5:00pm,11:00 AM,1,,,,,,,
10/02/2019,Piyai Besar,Closed,5:00pm,11:00 AM,2,,,,,,,
10/02/2019,Piyai Besar,Closed,5:00pm,11:00 AM,3,,,,,,,
10/02/2019,Piyai Besar,Closed,5:00pm,11:00 AM,4,,,,,,,
10/02/2019,Piyai Besar,Closed,5:00pm,11:00 AM,5,,,,,,,
10/02/2019,Piyai Besar,Closed,5:00pm,11:00 AM,6,,,,,,,
10/02/2019,Piyai Besar,Closed,5:00pm,11:00 AM,7,,,,,,,
10/02/2019,Piyai Besar,Closed,5:00pm,11:00 AM,8,,,,,,,
10/02/2019,Piyai Besar,Closed,5:00pm,11:00 AM,9,1,,15.4,,,,
10/02/2019,Piyai Besar,Closed,5:00pm,11:00 AM,10,,,,,,,
10/02/2019,Piyai Besar,Closed,5:00pm,11:00 AM,11,1,,16.8,,,,
10/02/2019,Piyai Besar,Closed,5:00pm,11:00 AM,12,,,,,,,
10/02/2019,Piyai Besar,Closed,5:00pm,11:00 AM,13,,,,,,,nug
10/02/2019,Piyai Besar,Closed,5:00pm,11:00 AM,14,,,,,,,
10/02/2019,Piyai Besar,Closed,5:00pm,11:00 AM,15,,,,,,,Horseshoe crab
10/02/2019,Piyai Besar,Closed,5:00pm,11:00 AM,16,,,,,,,
10/02/2019,Piyai Besar,Closed,5:00pm,11:00 AM,17,,,,,,,
10/02/2019,Piyai Besar,Closed,5:00pm,11:00 AM,18,,,,,,,
10/02/2019,Piyai Besar,Closed,5:00pm,11:00 AM,19,,,,,,,
10/02/2019,Piyai Besar,Closed,5:00pm,11:00 AM,20,,,,,,,
10/02/2019,Piyai Besar,Closed,5:00pm,11:00 AM,21,,,,,,,weird ass fish
10/02/2019,Panjang Kecil,Closed,5:00pm,11:00 AM,1,,,,,,,nug
10/02/2019,Panjang Kecil,Closed,5:00pm,11:00 AM,2,,,,,,,
10/02/2019,Panjang Kecil,Closed,5:00pm,11:00 AM,3,,,,,,,prawn
10/02/2019,Panjang Kecil,Closed,5:00pm,11:00 AM,4,,,,,,,
10/02/2019,Panjang Kecil,Closed,5:00pm,11:00 AM,5,,,,,,,
10/02/2019,Panjang Kecil,Closed,5:00pm,11:00 AM,6,,,,,,,prawn
10/02/2019,Panjang Kecil,Closed,5:00pm,11:00 AM,7,,,,,,,prawn
10/02/2019,Panjang Kecil,Closed,5:00pm,11:00 AM,8,,,,,,,nug
10/02/2019,Panjang Kecil,Closed,5:00pm,11:00 AM,9,,,,,,,
10/02/2019,Panjang Kecil,Closed,5:00pm,11:00 AM,10,,,,,,,nug + gast
10/02/2019,Panjang Kecil,Closed,5:00pm,11:00 AM,11,,,,,,,
10/02/2019,Panjang Kecil,Closed,5:00pm,11:00 AM,12,,,,,,,
10/02/2019,Panjang Kecil,Closed,5:00pm,11:00 AM,13,,,,,,,
10/02/2019,Panjang Kecil,Closed,5:00pm,11:00 AM,14,1,,15,,,,
10/02/2019,Panjang Kecil,Closed,5:00pm,11:00 AM,15,,,,,,,nugget
10/02/2019,Panjang Kecil,Closed,5:00pm,11:00 AM,16,,,,,,,nugget
10/02/2019,Panjang Kecil,Closed,5:00pm,11:00 AM,17,,,,,,,
10/02/2019,Panjang Kecil,Closed,5:00pm,11:00 AM,18,,,,,,,
10/02/2019,Panjang Kecil,Closed,5:00pm,11:00 AM,19,,,,,,,
10/02/2019,Panjang Kecil,Closed,5:00pm,11:00 AM,20,,,,,,,nug
10/02/2019,Panjang Kecil,Closed,5:00pm,11:00 AM,21,,,,,,,prawn
10/02/2019,Piyai Kecil,Closed,5:00pm,11:00 AM,1,,,,,,,
10/02/2019,Piyai Kecil,Closed,5:00pm,11:00 AM,2,,,,,,,
10/02/2019,Piyai Kecil,Closed,5:00pm,11:00 AM,3,,,,,,,
10/02/2019,Piyai Kecil,Closed,5:00pm,11:00 AM,4,,,,,,,fish
10/02/2019,Piyai Kecil,Closed,5:00pm,11:00 AM,5,,,,,,,gastropod
10/02/2019,Piyai Kecil,Closed,5:00pm,11:00 AM,6,,,,,,,
10/02/2019,Piyai Kecil,Closed,5:00pm,11:00 AM,7,1,,14.4,,,,
10/02/2019,Piyai Kecil,Closed,5:00pm,11:00 AM,8,,,,,,,
10/02/2019,Piyai Kecil,Closed,5:00pm,11:00 AM,9,1,,15,,,,
10/02/2019,Piyai Kecil,Closed,5:00pm,11:00 AM,10,,,,,,,
10/02/2019,Piyai Kecil,Closed,5:00pm,11:00 AM,11,,,,,,,
10/02/2019,Piyai Kecil,Closed,5:00pm,11:00 AM,12,,,,,,,prawn + gastropod
10/02/2019,Piyai Kecil,Closed,5:00pm,11:00 AM,13,,,,,,,
10/02/2019,Piyai Kecil,Closed,5:00pm,11:00 AM,14,,,,,,,nug
10/02/2019,Piyai Kecil,Closed,5:00pm,11:00 AM,15,,,,,,,nug
10/02/2019,Piyai Kecil,Closed,5:00pm,11:00 AM,16,,,,,,,
10/02/2019,Piyai Kecil,Closed,5:00pm,11:00 AM,17,,,,,,,
10/02/2019,Piyai Kecil,Closed,5:00pm,11:00 AM,18,,,,,,,
10/02/2019,Piyai Kecil,Closed,5:00pm,11:00 AM,19,,,,,,,gast
10/02/2019,Piyai Kecil,Closed,5:00pm,11:00 AM,20,,,,,,,nug + prawn
10/02/2019,Sumpit Besar,Open,5:00pm,11:00 AM,1,,,,,,,
10/02/2019,Sumpit Besar,Open,5:00pm,11:00 AM,2,,,,,,,
10/02/2019,Sumpit Besar,Open,5:00pm,11:00 AM,3,,,,,,,
10/02/2019,Sumpit Besar,Open,5:00pm,11:00 AM,4,,,,,,,nugget
10/02/2019,Sumpit Besar,Open,5:00pm,11:00 AM,5,,,,,,,
10/02/2019,Sumpit Besar,Open,5:00pm,11:00 AM,6,,,,,,,
10/02/2019,Sumpit Besar,Open,5:00pm,11:00 AM,7,,,,,,,
10/02/2019,Sumpit Besar,Open,5:00pm,11:00 AM,8,,,,,,,
10/02/2019,Sumpit Besar,Open,5:00pm,11:00 AM,9,,,,,,,
10/02/2019,Sumpit Besar,Open,5:00pm,11:00 AM,10,,,,,,,nug
10/02/2019,Sumpit Besar,Open,5:00pm,11:00 AM,11,,,,,,,nug
10/02/2019,Sumpit Besar,Open,5:00pm,11:00 AM,12,,,,,,,
10/02/2019,Sumpit Besar,Open,5:00pm,11:00 AM,13,,,,,,,
10/02/2019,Sumpit Besar,Open,5:00pm,11:00 AM,14,,,,,,,
10/02/2019,Sumpit Besar,Open,5:00pm,11:00 AM,15,,,,,,,
10/02/2019,Sumpit Besar,Open,5:00pm,11:00 AM,16,,,,,,,
10/02/2019,Sumpit Besar,Open,5:00pm,11:00 AM,17,,,,,,,2 shrimp
10/02/2019,Sumpit Besar,Open,5:00pm,11:00 AM,18,1,,11,,,,
10/02/2019,Sumpit Besar,Open,5:00pm,11:00 AM,19,,,,,,,3 shrimp
10/02/2019,Sumpit Besar,Open,5:00pm,11:00 AM,20,,,,,,,
10/02/2019,Sumpit Besar,Open,5:00pm,11:00 AM,21,,,,,,,
10/02/2019,Sumpit Kecil,Open,5:00pm,11:00 AM,1,,,,,,,
10/02/2019,Sumpit Kecil,Open,5:00pm,11:00 AM,2,,,,,,,fish
10/02/2019,Sumpit Kecil,Open,5:00pm,11:00 AM,3,,,,,,,
10/02/2019,Sumpit Kecil,Open,5:00pm,11:00 AM,4,,,,,,,
10/02/2019,Sumpit Kecil,Open,5:00pm,11:00 AM,5,,,,,,,
10/02/2019,Sumpit Kecil,Open,5:00pm,11:00 AM,6,,,,,,,
10/02/2019,Sumpit Kecil,Open,5:00pm,11:00 AM,7,,,,,,,
10/02/2019,Sumpit Kecil,Open,5:00pm,11:00 AM,8,,,,,,,
10/02/2019,Sumpit Kecil,Open,5:00pm,11:00 AM,9,,,,,,,
10/02/2019,Sumpit Kecil,Open,5:00pm,11:00 AM,10,,,,,,,
10/02/2019,Sumpit Kecil,Open,5:00pm,11:00 AM,11,,,,,,,
10/02/2019,Sumpit Kecil,Open,5:00pm,11:00 AM,12,,,,,,,
10/02/2019,Sumpit Kecil,Open,5:00pm,11:00 AM,13,,,,,,,
10/02/2019,Sumpit Kecil,Open,5:00pm,11:00 AM,14,,,,,,,
10/02/2019,Sumpit Kecil,Open,5:00pm,11:00 AM,15,,,,,,,
10/02/2019,Sumpit Kecil,Open,5:00pm,11:00 AM,16,,,,,,,
10/02/2019,Sumpit Kecil,Open,5:00pm,11:00 AM,17,,,,,,,
10/02/2019,Sumpit Kecil,Open,5:00pm,11:00 AM,18,,,,,,,
10/02/2019,Sumpit Kecil,Open,5:00pm,11:00 AM,19,,,,,,,
10/02/2019,Sumpit Kecil,Open,5:00pm,11:00 AM,20,,,,,,,
