month,site,management,survey_point,vegetation_height,floral_species_richness,floral_percentage_cover,air_temperature,wind_speed,bumblebee_species_richness,bumblebee_abundance,butterfly_species_richness,butterfly_abundance,hoverfly_abundance,moth_abundance,hq_habitat_1km,hq_habitat_500m,wlf_density_1km,wlf_density_500m
july,A,cut,1,23,0,0,22.5,1.4,0,0,3,5,0,6,54.4,34.7,0.00913823,0.010767858
july,A,cut,2,58,0,0,20,3.5,0,0,4,7,0,3,54.4,34.7,0.00913823,0.010767858
july,A,cut,3,80,0,0,22.6,2.9,0,0,2,4,0,2,54.4,34.7,0.00913823,0.010767858
july,A,cut,4,1,0,0,23.6,2.6,0,0,2,4,0,0,54.4,34.7,0.00913823,0.010767858
july,A,cut,5,31,0,0,23.9,3.9,1,1,3,10,0,2,54.4,34.7,0.00913823,0.010767858
july,A,cut,6,45,0,0,23.1,1.2,1,1,2,4,3,3,54.4,34.7,0.00913823,0.010767858
july,A,cut,7,65,0,0,25.8,0.8,0,0,4,6,0,3,54.4,34.7,0.00913823,0.010767858
july,A,cut,8,54,1,5,22,0.9,3,3,1,1,0,1,54.4,34.7,0.00913823,0.010767858
july,A,cut,9,60,0,0,21.9,3.8,0,0,5,7,0,0,54.4,34.7,0.00913823,0.010767858
july,A,cut,10,67,0,0,21.9,3.2,1,1,1,3,0,2,54.4,34.7,0.00913823,0.010767858
july,B,cut,11,50,0,0,35.8,0,0,0,5,13,0,0,99.5,100,0.01049109,0.009029056
july,B,cut,12,82,0,0,35.2,0,0,0,3,7,0,0,99.5,100,0.01049109,0.009029056
july,B,cut,13,18,0,0,34.8,0,0,0,1,4,0,0,99.5,100,0.01049109,0.009029056
july,B,cut,14,52,2,2,34.3,1,0,0,3,10,0,0,99.5,100,0.01049109,0.009029056
july,B,cut,15,75,0,0,34.9,0,0,0,2,7,0,1,99.5,100,0.01049109,0.009029056
july,B,cut,16,40,0,0,34.1,0,0,0,1,5,0,0,99.5,100,0.01049109,0.009029056
july,B,cut,17,50,0,0,33.4,0,0,0,3,7,0,1,99.5,100,0.01049109,0.009029056
july,B,cut,18,10,0,0,32.2,1.3,0,0,3,5,0,1,99.5,100,0.01049109,0.009029056
july,B,cut,19,10,0,0,33.4,0,0,0,2,6,0,0,99.5,100,0.01049109,0.009029056
july,B,cut,20,30,0,0,33.2,0,0,0,3,10,0,0,99.5,100,0.01049109,0.009029056
july,C,cut,21,25,2,16,24.9,0,2,3,3,10,1,1,49,22,0.00713116,0.009509214
july,C,cut,22,75,2,40,24.7,2.5,2,2,3,15,0,0,49,22,0.00713116,0.009509214
july,C,cut,23,60,2,6,23.1,1.1,2,2,3,5,0,1,49,22,0.00713116,0.009509214
july,C,cut,24,60,2,30,23.6,1.1,0,0,3,11,1,0,49,22,0.00713116,0.009509214
july,C,cut,25,32,4,20,22.7,1.3,2,3,1,5,3,0,49,22,0.00713116,0.009509214
july,C,cut,26,85,2,10,24.4,1.7,1,2,3,6,0,0,49,22,0.00713116,0.009509214
july,C,cut,27,90,3,40,23.7,0,1,7,2,6,0,0,49,22,0.00713116,0.009509214
july,C,cut,28,60,1,5,26.7,1.5,3,4,2,12,1,0,49,22,0.00713116,0.009509214
july,C,cut,29,90,3,55,24.4,2.2,3,8,2,8,1,1,49,22,0.00713116,0.009509214
july,C,cut,30,40,4,26,23.5,3.1,2,6,1,6,0,1,49,22,0.00713116,0.009509214
july,D,cut,31,8,0,0,23.8,2.2,0,0,3,5,0,0,38.4,42.7,0.00736901,0.009526737
july,D,cut,32,6,2,2,22.6,1.4,1,1,2,3,1,1,38.4,42.7,0.00736901,0.009526737
july,D,cut,33,17,0,0,23.7,0,0,0,3,3,0,5,38.4,42.7,0.00736901,0.009526737
july,D,cut,34,12,0,0,22.4,2.4,0,0,1,1,0,8,38.4,42.7,0.00736901,0.009526737
july,D,cut,35,11,1,50,25.5,1.5,0,0,3,7,0,1,38.4,42.7,0.00736901,0.009526737
july,D,cut,36,4,0,0,23.5,2.9,0,0,2,3,0,1,38.4,42.7,0.00736901,0.009526737
july,D,cut,37,5,0,0,25.1,1.4,3,5,4,7,0,0,38.4,42.7,0.00736901,0.009526737
july,D,cut,38,9,0,0,25.9,1.5,0,0,1,1,0,0,38.4,42.7,0.00736901,0.009526737
july,D,cut,39,20,0,0,27.6,1.4,0,0,3,4,0,0,38.4,42.7,0.00736901,0.009526737
july,D,cut,40,28,0,0,26.7,1,0,0,1,5,0,0,38.4,42.7,0.00736901,0.009526737
july,E,cut,41,77,1,15,20.3,0.9,0,0,3,7,0,0,36.1,28.8,0.01246919,0.012015911
july,E,cut,42,65,1,10,19.7,0.9,0,0,2,6,1,2,36.1,28.8,0.01246919,0.012015911
july,E,cut,43,36,2,34,18.2,1.6,3,8,0,0,1,3,36.1,28.8,0.01246919,0.012015911
july,E,cut,44,48,1,99,18.9,2.3,1,1,2,2,0,4,36.1,28.8,0.01246919,0.012015911
july,E,cut,45,3,2,20,18.7,1.7,2,6,3,3,0,3,36.1,28.8,0.01246919,0.012015911
july,E,cut,46,34,1,25,18.4,2.7,2,2,1,1,0,1,36.1,28.8,0.01246919,0.012015911
july,E,cut,47,56,1,56,18.7,1.2,2,4,1,2,1,2,36.1,28.8,0.01246919,0.012015911
july,E,cut,48,66,0,0,18.3,2.2,2,2,1,1,0,2,36.1,28.8,0.01246919,0.012015911
july,E,cut,49,64,2,40,18.5,1.6,3,10,1,1,2,3,36.1,28.8,0.01246919,0.012015911
july,E,cut,50,42,2,10,18.9,0.8,4,11,1,1,0,3,36.1,28.8,0.01246919,0.012015911
july,F,cut,51,100,2,20,24.8,0,0,0,5,24,0,0,49.8,42.3,0.00853738,0.008240911
july,F,cut,52,8,3,55,26.9,0.9,0,0,7,23,2,0,49.8,42.3,0.00853738,0.008240911
july,F,cut,53,7,3,12,28.5,0,0,0,5,25,1,0,49.8,42.3,0.00853738,0.008240911
july,F,cut,54,3,1,5,29.7,0,0,0,6,19,0,0,49.8,42.3,0.00853738,0.008240911
july,F,cut,55,100,0,0,30.1,0,0,0,4,18,1,2,49.8,42.3,0.00853738,0.008240911
july,F,cut,56,2,1,5,31.7,0,0,0,6,20,4,2,49.8,42.3,0.00853738,0.008240911
july,F,cut,57,16,3,30,29,0.8,1,1,5,27,0,0,49.8,42.3,0.00853738,0.008240911
july,F,cut,58,140,1,15,31.6,1.2,0,0,5,19,1,0,49.8,42.3,0.00853738,0.008240911
july,F,cut,59,90,2,35,31.1,0,0,0,6,17,0,0,49.8,42.3,0.00853738,0.008240911
july,F,cut,60,54,3,50,31.2,1.1,0,0,5,19,0,0,49.8,42.3,0.00853738,0.008240911
july,G,grazing,61,1,0,0,31.8,2,0,0,0,0,0,0,90.9,99.4,0.01264476,0.012737767
july,G,grazing,62,7,0,0,33.2,1.6,0,0,2,4,0,0,90.9,99.4,0.01264476,0.012737767
july,G,grazing,63,2,0,0,31.8,0,0,0,2,3,0,1,90.9,99.4,0.01264476,0.012737767
july,G,grazing,64,3,0,0,32.8,1.3,0,0,1,2,0,1,90.9,99.4,0.01264476,0.012737767
july,G,grazing,65,2,0,0,32.1,2.2,0,0,2,2,0,1,90.9,99.4,0.01264476,0.012737767
july,G,grazing,66,3,0,0,31.2,1.4,0,0,2,2,0,1,90.9,99.4,0.01264476,0.012737767
july,G,grazing,67,2,0,0,31.6,1.3,0,0,2,3,0,0,90.9,99.4,0.01264476,0.012737767
july,G,grazing,68,2,0,0,32.3,0,0,0,3,5,0,0,90.9,99.4,0.01264476,0.012737767
july,G,grazing,69,2,0,0,31.1,1.7,0,0,1,2,0,0,90.9,99.4,0.01264476,0.012737767
july,G,grazing,70,2,0,0,31.4,3.1,0,0,2,2,0,0,90.9,99.4,0.01264476,0.012737767
july,H,cut,71,72,0,0,23.1,0,0,0,0,0,1,6,18.3,31,0.00902662,0.009075512
july,H,cut,72,62,1,34,21.4,4.3,1,2,1,1,0,1,18.3,31,0.00902662,0.009075512
july,H,cut,73,51,0,0,22.8,2.4,0,0,1,1,0,2,18.3,31,0.00902662,0.009075512
july,H,cut,74,57,0,0,21.3,0,0,0,0,0,0,4,18.3,31,0.00902662,0.009075512
july,H,cut,75,37,1,2,23.2,0.7,0,0,1,1,0,0,18.3,31,0.00902662,0.009075512
july,H,cut,76,47,1,5,22.6,1.5,0,0,2,2,0,2,18.3,31,0.00902662,0.009075512
july,H,cut,77,78,0,0,23.7,1.1,0,0,2,2,0,0,18.3,31,0.00902662,0.009075512
july,H,cut,78,64,0,0,23.3,1.3,0,0,2,2,0,4,18.3,31,0.00902662,0.009075512
july,H,cut,79,44,0,0,24.5,2.4,0,0,3,3,0,0,18.3,31,0.00902662,0.009075512
july,H,cut,80,32,2,2,24.1,3.2,0,0,3,3,0,0,18.3,31,0.00902662,0.009075512
july,I,grazing,81,3,2,2,25.6,3,0,0,1,1,0,0,57.7,51.5,0.01299173,0.010969038
july,I,grazing,82,3,1,1,25.6,0.7,0,0,1,1,0,0,57.7,51.5,0.01299173,0.010969038
july,I,grazing,83,2,1,1,27,2.4,0,0,1,1,1,0,57.7,51.5,0.01299173,0.010969038
july,I,grazing,84,1,2,2,26.6,1.8,0,0,1,1,0,0,57.7,51.5,0.01299173,0.010969038
july,I,grazing,85,1,1,1,26.8,2.1,0,0,0,0,0,0,57.7,51.5,0.01299173,0.010969038
july,I,grazing,86,2,0,0,26.9,1.1,0,0,0,0,0,1,57.7,51.5,0.01299173,0.010969038
july,I,grazing,87,2,0,0,30.3,0,0,0,0,0,0,0,57.7,51.5,0.01299173,0.010969038
july,I,grazing,88,1,0,0,29.6,0.7,0,0,0,0,0,0,57.7,51.5,0.01299173,0.010969038
july,I,grazing,89,3,1,2,29.9,0,0,0,2,3,0,1,57.7,51.5,0.01299173,0.010969038
july,I,grazing,90,1,1,1,26.6,0,0,0,0,0,0,0,57.7,51.5,0.01299173,0.010969038
july,K,cut,91,2,3,20,27.9,0,0,0,4,7,5,0,11.8,2.5,0.0057951,0.006909139
july,K,cut,92,2,0,0,28.6,0,0,0,3,11,2,0,11.8,2.5,0.0057951,0.006909139
july,K,cut,93,5,2,6,30,0,0,0,2,5,2,0,11.8,2.5,0.0057951,0.006909139
july,K,cut,94,8,2,11,30,1.6,0,0,4,6,5,0,11.8,2.5,0.0057951,0.006909139
july,K,cut,95,4,0,0,31.3,0.9,0,0,1,4,1,0,11.8,2.5,0.0057951,0.006909139
july,K,cut,96,3,0,0,30.5,0,0,0,2,2,0,0,11.8,2.5,0.0057951,0.006909139
july,K,cut,97,1,1,5,31.5,0,0,0,3,3,1,0,11.8,2.5,0.0057951,0.006909139
july,K,cut,98,3,2,3,32.3,0,1,1,3,3,0,0,11.8,2.5,0.0057951,0.006909139
july,K,cut,99,2,5,32,30.4,3.4,1,1,6,13,2,0,11.8,2.5,0.0057951,0.006909139
july,K,cut,100,3,3,26,30.1,2.6,0,0,3,3,5,0,11.8,2.5,0.0057951,0.006909139
july,L,cut,101,1,0,0,28.6,2.5,0,0,1,2,0,1,79.7,72.8,0.00951243,0.008258403
july,L,cut,102,5,0,0,29,3,0,0,2,4,0,2,79.7,72.8,0.00951243,0.008258403
july,L,cut,103,3,0,0,27.7,3.6,0,0,1,7,0,1,79.7,72.8,0.00951243,0.008258403
july,L,cut,104,5,0,0,28.5,1.5,0,0,1,6,0,4,79.7,72.8,0.00951243,0.008258403
july,L,cut,105,12,0,0,29,3.4,0,0,2,3,0,5,79.7,72.8,0.00951243,0.008258403
july,L,cut,106,3,0,0,27.8,2.5,0,0,1,1,0,0,79.7,72.8,0.00951243,0.008258403
july,L,cut,107,2,0,0,27.9,3.5,0,0,1,2,0,0,79.7,72.8,0.00951243,0.008258403
july,L,cut,108,6,0,0,27.3,4.8,0,0,1,4,0,0,79.7,72.8,0.00951243,0.008258403
july,L,cut,109,2,0,0,27.1,4.1,0,0,1,7,0,1,79.7,72.8,0.00951243,0.008258403
july,L,cut,110,1,0,0,27.9,1,0,0,1,8,0,0,79.7,72.8,0.00951243,0.008258403
july,M,cut,111,7,0,0,25.6,1.2,1,1,1,1,3,0,86.9,84.4,0.00925967,0.009409142
july,M,cut,112,3,0,0,26.2,0.7,0,0,2,2,0,1,86.9,84.4,0.00925967,0.009409142
july,M,cut,113,3,0,0,26,0.6,0,0,1,3,0,0,86.9,84.4,0.00925967,0.009409142
july,M,cut,114,22,0,0,25.3,0.6,0,0,3,6,1,0,86.9,84.4,0.00925967,0.009409142
july,M,cut,115,70,0,0,24.1,0.6,0,0,2,6,0,0,86.9,84.4,0.00925967,0.009409142
july,M,cut,116,50,2,55,25.5,0.4,0,0,4,18,0,0,86.9,84.4,0.00925967,0.009409142
july,M,cut,117,35,0,0,27.4,0.9,0,0,4,9,0,0,86.9,84.4,0.00925967,0.009409142
july,M,cut,118,2,0,0,26,1.3,0,0,1,2,0,0,86.9,84.4,0.00925967,0.009409142
july,M,cut,119,3,1,25,26.3,1.7,1,1,1,1,0,0,86.9,84.4,0.00925967,0.009409142
july,M,cut,120,5,1,5,27,2.3,0,0,1,2,0,0,86.9,84.4,0.00925967,0.009409142
july,N,cut,121,100,1,20,25.4,1.9,1,1,4,7,0,0,95.1,81,0.01053808,0.011447154
july,N,cut,122,80,3,36,24.2,0.8,1,1,3,9,3,1,95.1,81,0.01053808,0.011447154
july,N,cut,123,50,2,60,24.3,2,3,3,1,5,4,0,95.1,81,0.01053808,0.011447154
july,N,cut,124,120,2,43,24.4,2.6,2,2,2,6,2,0,95.1,81,0.01053808,0.011447154
july,N,cut,125,100,2,4,25.7,1.1,0,0,3,12,1,0,95.1,81,0.01053808,0.011447154
july,N,cut,126,80,3,14,26.2,1.2,1,1,3,7,0,2,95.1,81,0.01053808,0.011447154
july,N,cut,127,60,2,91,25.7,2.2,1,2,3,12,1,0,95.1,81,0.01053808,0.011447154
july,N,cut,128,40,3,32,25.2,1,2,4,5,13,2,0,95.1,81,0.01053808,0.011447154
july,N,cut,129,50,2,17,25.8,1.2,1,1,3,7,0,0,95.1,81,0.01053808,0.011447154
july,N,cut,130,36,2,15,25.5,0.8,0,0,1,4,1,0,95.1,81,0.01053808,0.011447154
july,O,cut,131,3,0,0,28.3,0,0,0,1,2,2,0,99.1,96.7,0.01291239,0.013358868
july,O,cut,132,22,0,0,29.1,0.9,0,0,1,4,0,0,99.1,96.7,0.01291239,0.013358868
july,O,cut,133,2,0,0,30.7,0,0,0,1,2,0,0,99.1,96.7,0.01291239,0.013358868
july,O,cut,134,11,0,0,28.4,0.8,0,0,0,0,0,0,99.1,96.7,0.01291239,0.013358868
july,O,cut,135,5,0,0,30.6,1.6,0,0,2,2,0,0,99.1,96.7,0.01291239,0.013358868
july,O,cut,136,7,0,0,30.8,0,1,1,1,1,0,1,99.1,96.7,0.01291239,0.013358868
july,O,cut,137,6,0,0,30.9,0.8,0,0,1,1,0,0,99.1,96.7,0.01291239,0.013358868
july,O,cut,138,2,0,0,31,1.3,0,0,0,0,0,0,99.1,96.7,0.01291239,0.013358868
july,O,cut,139,4,0,0,30.6,1.1,0,0,0,0,0,0,99.1,96.7,0.01291239,0.013358868
july,O,cut,140,1,0,0,30.8,0,0,0,1,1,0,0,99.1,96.7,0.01291239,0.013358868
august,A,cut,1,46,0,0,17.6,1.3,0,0,0,0,0,0,54.4,34.7,0.00913823,0.010767858
august,A,cut,2,40,0,0,16.8,2.9,0,0,0,0,0,0,54.4,34.7,0.00913823,0.010767858
august,A,cut,3,37,0,0,18,0,0,0,0,0,1,0,54.4,34.7,0.00913823,0.010767858
august,A,cut,4,53,1,1,16.1,1.1,0,0,0,0,0,0,54.4,34.7,0.00913823,0.010767858
august,A,cut,5,59,0,0,16.4,1.7,2,2,0,0,1,0,54.4,34.7,0.00913823,0.010767858
august,A,cut,6,62,1,1,17.8,0.9,0,0,0,0,0,0,54.4,34.7,0.00913823,0.010767858
august,A,cut,7,66,0,0,16.1,4.3,0,0,0,0,1,0,54.4,34.7,0.00913823,0.010767858
august,A,cut,8,74,0,0,16.5,2.3,0,0,0,0,0,0,54.4,34.7,0.00913823,0.010767858
august,A,cut,9,36,0,0,20.7,1.4,0,0,1,1,1,0,54.4,34.7,0.00913823,0.010767858
august,A,cut,10,38,0,0,19.9,1.6,0,0,0,0,0,0,54.4,34.7,0.00913823,0.010767858
august,B,cut,11,64,0,0,16.8,3.6,0,0,1,1,0,2,99.5,100,0.01049109,0.009029056
august,B,cut,12,21,0,0,15.8,2.1,0,0,0,0,0,1,99.5,100,0.01049109,0.009029056
august,B,cut,13,39,0,0,15.8,2.1,0,0,0,0,0,1,99.5,100,0.01049109,0.009029056
august,B,cut,14,36,1,2,17.8,3.2,0,0,0,0,1,0,99.5,100,0.01049109,0.009029056
august,B,cut,15,18,0,0,19.6,2.6,0,0,1,1,0,1,99.5,100,0.01049109,0.009029056
august,B,cut,16,32,1,1,19.4,1.8,0,0,1,1,1,1,99.5,100,0.01049109,0.009029056
august,B,cut,17,2,0,0,17.4,4.2,0,0,1,1,0,0,99.5,100,0.01049109,0.009029056
august,B,cut,18,37,0,0,17.7,1.3,0,0,0,0,0,1,99.5,100,0.01049109,0.009029056
august,B,cut,19,52,0,0,18.1,4.4,0,0,1,1,0,2,99.5,100,0.01049109,0.009029056
august,B,cut,20,28,0,0,19.1,4.6,0,0,0,0,0,0,99.5,100,0.01049109,0.009029056
august,C,cut,21,10,0,0,17.9,3.1,1,1,1,1,0,0,49,22,0.00713116,0.009509214
august,C,cut,22,11,1,50,18.9,0,0,0,0,0,0,0,49,22,0.00713116,0.009509214
august,C,cut,23,9,1,10,19.5,2.2,0,0,1,2,0,1,49,22,0.00713116,0.009509214
august,C,cut,24,74,3,5,20.9,1.7,3,5,1,1,2,1,49,22,0.00713116,0.009509214
august,C,cut,25,40,3,16,20.7,0.7,1,1,0,0,4,0,49,22,0.00713116,0.009509214
august,C,cut,26,65,2,35,20.4,2.6,1,2,2,2,0,0,49,22,0.00713116,0.009509214
august,C,cut,27,93,2,40,20.4,3.8,2,5,0,0,2,0,49,22,0.00713116,0.009509214
august,C,cut,28,110,1,1,21.3,1.9,1,1,2,2,4,0,49,22,0.00713116,0.009509214
august,C,cut,29,84,3,16,21.1,3.6,1,1,1,1,5,0,49,22,0.00713116,0.009509214
august,C,cut,30,70,2,3,21.2,1.9,0,0,2,2,1,3,49,22,0.00713116,0.009509214
august,D,cut,31,22,0,0,16.9,2.2,0,0,0,0,3,1,38.4,42.7,0.00736901,0.009526737
august,D,cut,32,27,1,1,17.4,0.9,0,0,0,0,2,0,38.4,42.7,0.00736901,0.009526737
august,D,cut,33,43,0,0,18.3,0,0,0,0,0,0,0,38.4,42.7,0.00736901,0.009526737
august,D,cut,34,34,1,10,17.4,0,0,0,0,0,4,0,38.4,42.7,0.00736901,0.009526737
august,D,cut,35,25,1,20,18.5,2.4,0,0,0,0,0,0,38.4,42.7,0.00736901,0.009526737
august,D,cut,36,21,0,0,18.8,1.1,0,0,0,0,1,0,38.4,42.7,0.00736901,0.009526737
august,D,cut,37,24,0,0,17.5,2.3,1,2,0,0,2,0,38.4,42.7,0.00736901,0.009526737
august,D,cut,38,30,0,0,19,1.6,0,0,0,0,0,0,38.4,42.7,0.00736901,0.009526737
august,D,cut,39,15,0,0,19.1,0,0,0,0,0,0,0,38.4,42.7,0.00736901,0.009526737
august,D,cut,40,17,1,1,17.7,0,0,0,0,0,1,0,38.4,42.7,0.00736901,0.009526737
august,E,cut,41,38,1,10,15.7,2.2,0,0,0,0,0,0,36.1,28.8,0.01246919,0.012015911
august,E,cut,42,70,0,0,16,2.6,0,0,0,0,0,0,36.1,28.8,0.01246919,0.012015911
august,E,cut,43,36,1,60,16.3,3.9,1,1,0,0,0,0,36.1,28.8,0.01246919,0.012015911
august,E,cut,44,46,0,0,16.3,2.3,0,0,0,0,0,0,36.1,28.8,0.01246919,0.012015911
august,E,cut,45,62,3,40,15.6,3.5,1,1,0,0,0,0,36.1,28.8,0.01246919,0.012015911
august,E,cut,46,54,0,0,16.5,1.8,1,1,0,0,0,0,36.1,28.8,0.01246919,0.012015911
august,E,cut,47,22,1,40,16.8,2.6,1,2,0,0,0,0,36.1,28.8,0.01246919,0.012015911
august,E,cut,48,48,0,0,17.4,0.8,0,0,0,0,0,0,36.1,28.8,0.01246919,0.012015911
august,E,cut,49,29,3,35,18.3,0,1,4,1,1,2,0,36.1,28.8,0.01246919,0.012015911
august,E,cut,50,15,1,90,17.5,0.7,0,0,0,0,0,0,36.1,28.8,0.01246919,0.012015911
august,F,cut,51,65,1,1,25.3,4,0,0,1,2,1,1,49.8,42.3,0.00853738,0.008240911
august,F,cut,52,11,1,1,24.1,3.3,0,0,1,1,1,0,49.8,42.3,0.00853738,0.008240911
august,F,cut,53,16,0,0,23.7,3.1,0,0,1,1,0,0,49.8,42.3,0.00853738,0.008240911
august,F,cut,54,61,2,16,23.5,4.5,0,0,1,1,0,0,49.8,42.3,0.00853738,0.008240911
august,F,cut,55,33,1,10,24.3,3.8,1,1,0,0,0,0,49.8,42.3,0.00853738,0.008240911
august,F,cut,56,72,2,7,24.8,2.1,0,0,2,2,0,0,49.8,42.3,0.00853738,0.008240911
august,F,cut,57,21,2,12,28.1,1.4,0,0,3,4,1,0,49.8,42.3,0.00853738,0.008240911
august,F,cut,58,88,2,5,26.9,2.8,0,0,3,4,0,0,49.8,42.3,0.00853738,0.008240911
august,F,cut,59,46,2,3,24.2,1.4,0,0,2,4,1,1,49.8,42.3,0.00853738,0.008240911
august,F,cut,60,54,2,11,24.8,1.4,0,0,1,3,0,0,49.8,42.3,0.00853738,0.008240911
august,G,grazing,61,0,1,1,21.9,3.3,0,0,0,0,0,0,90.9,99.4,0.01264476,0.012737767
august,G,grazing,62,0,0,0,21.7,0,0,0,0,0,0,0,90.9,99.4,0.01264476,0.012737767
august,G,grazing,63,1,0,0,24.2,0,0,0,0,0,0,0,90.9,99.4,0.01264476,0.012737767
august,G,grazing,64,4,0,0,23.5,0,0,0,0,0,0,0,90.9,99.4,0.01264476,0.012737767
august,G,grazing,65,1,0,0,24.2,0,0,0,0,0,0,0,90.9,99.4,0.01264476,0.012737767
august,G,grazing,66,2,0,0,24.3,0,0,0,0,0,0,0,90.9,99.4,0.01264476,0.012737767
august,G,grazing,67,5,0,0,23.2,0,0,0,0,0,0,0,90.9,99.4,0.01264476,0.012737767
august,G,grazing,68,2,0,0,23.8,0,0,0,0,0,0,0,90.9,99.4,0.01264476,0.012737767
august,G,grazing,69,5,1,1,22.3,1.3,0,0,0,0,0,0,90.9,99.4,0.01264476,0.012737767
august,G,grazing,70,3,1,1,22.7,1.1,0,0,0,0,0,0,90.9,99.4,0.01264476,0.012737767
august,H,cut,71,64,0,0,16.4,2.8,0,0,0,0,2,0,18.3,31,0.00902662,0.009075512
august,H,cut,72,57,1,5,17.9,4.1,0,0,0,0,0,0,18.3,31,0.00902662,0.009075512
august,H,cut,73,59,0,0,17.6,0.8,0,0,0,0,0,0,18.3,31,0.00902662,0.009075512
august,H,cut,74,56,0,0,17.7,1.9,0,0,0,0,0,0,18.3,31,0.00902662,0.009075512
august,H,cut,75,19,1,10,17.8,1.4,1,2,0,0,0,0,18.3,31,0.00902662,0.009075512
august,H,cut,76,22,1,1,18.2,0,0,0,0,0,0,0,18.3,31,0.00902662,0.009075512
august,H,cut,77,62,0,0,17.8,2.8,1,1,0,0,0,0,18.3,31,0.00902662,0.009075512
august,H,cut,78,63,1,1,18.7,1.5,0,0,0,0,0,0,18.3,31,0.00902662,0.009075512
august,H,cut,79,60,0,0,19.1,0.9,0,0,0,0,2,0,18.3,31,0.00902662,0.009075512
august,H,cut,80,54,1,2,19.8,0.8,0,0,0,0,1,0,18.3,31,0.00902662,0.009075512
august,I,grazing,81,5,1,1,16.5,1.3,0,0,0,0,0,0,57.7,51.5,0.01299173,0.010969038
august,I,grazing,82,5,0,0,17.8,1.9,0,0,0,0,0,0,57.7,51.5,0.01299173,0.010969038
august,I,grazing,83,1,3,12,16,2,0,0,0,0,0,0,57.7,51.5,0.01299173,0.010969038
august,I,grazing,84,1,1,25,16.6,1.9,0,0,0,0,0,0,57.7,51.5,0.01299173,0.010969038
august,I,grazing,85,1,1,30,16.9,2.5,0,0,0,0,0,0,57.7,51.5,0.01299173,0.010969038
august,I,grazing,86,2,2,2,19.6,0.7,0,0,1,1,0,0,57.7,51.5,0.01299173,0.010969038
august,I,grazing,87,2,1,1,18.5,1.3,0,0,0,0,0,0,57.7,51.5,0.01299173,0.010969038
august,I,grazing,88,1,2,7,21.9,1.7,0,0,0,0,0,0,57.7,51.5,0.01299173,0.010969038
august,I,grazing,89,3,3,26,19.1,0,0,0,0,0,0,0,57.7,51.5,0.01299173,0.010969038
august,I,grazing,90,2,1,1,22.2,0,0,0,0,0,0,0,57.7,51.5,0.01299173,0.010969038
august,J,cut,141,5,0,0,19,1.7,0,0,0,0,0,0,98.6,95.7,0.01080354,0.011016961
august,J,cut,142,3,0,0,17.3,5.6,0,0,0,0,0,0,98.6,95.7,0.01080354,0.011016961
august,J,cut,143,9,0,0,18.3,1.1,0,0,0,0,0,0,98.6,95.7,0.01080354,0.011016961
august,J,cut,144,3,0,0,17.6,1.9,0,0,0,0,0,0,98.6,95.7,0.01080354,0.011016961
august,J,cut,145,14,0,0,21,0,0,0,1,1,0,0,98.6,95.7,0.01080354,0.011016961
august,J,cut,146,2,0,0,21,0,0,0,1,2,0,0,98.6,95.7,0.01080354,0.011016961
august,J,cut,147,7,0,0,20.5,2.3,0,0,0,0,0,0,98.6,95.7,0.01080354,0.011016961
august,J,cut,148,6,0,0,21.6,1.9,0,0,1,1,0,0,98.6,95.7,0.01080354,0.011016961
august,J,cut,149,4,0,0,21.9,0,0,0,0,0,0,1,98.6,95.7,0.01080354,0.011016961
august,J,cut,150,6,0,0,22.4,1.1,0,0,0,0,0,0,98.6,95.7,0.01080354,0.011016961
august,L,cut,101,20,1,1,21.4,7.9,0,0,0,0,0,0,79.7,72.8,0.00951243,0.008258403
august,L,cut,102,32,1,25,21.7,5.3,0,0,0,0,0,0,79.7,72.8,0.00951243,0.008258403
august,L,cut,103,26,0,0,23.3,7.4,0,0,0,0,0,0,79.7,72.8,0.00951243,0.008258403
august,L,cut,104,14,0,0,21.7,9.7,0,0,0,0,0,0,79.7,72.8,0.00951243,0.008258403
august,L,cut,105,15,0,0,22.1,7.9,0,0,1,1,0,0,79.7,72.8,0.00951243,0.008258403
august,L,cut,106,8,1,15,24.6,1.8,0,0,0,0,1,1,79.7,72.8,0.00951243,0.008258403
august,L,cut,107,13,1,10,24.7,1.6,0,0,1,1,0,0,79.7,72.8,0.00951243,0.008258403
august,L,cut,108,19,0,0,24.6,1.4,0,0,0,0,0,0,79.7,72.8,0.00951243,0.008258403
august,L,cut,109,26,0,0,24.7,1.5,0,0,0,0,0,1,79.7,72.8,0.00951243,0.008258403
august,L,cut,110,27,1,5,24.3,3.2,0,0,0,0,0,0,79.7,72.8,0.00951243,0.008258403
august,M,cut,111,12,0,0,19.8,0,0,0,1,2,0,2,86.9,84.4,0.00925967,0.009409142
august,M,cut,112,16,1,30,20.1,0,0,0,0,0,0,0,86.9,84.4,0.00925967,0.009409142
august,M,cut,113,17,1,5,19.7,0,0,0,2,2,0,0,86.9,84.4,0.00925967,0.009409142
august,M,cut,114,5,1,5,18.3,2.6,0,0,0,0,0,0,86.9,84.4,0.00925967,0.009409142
august,M,cut,115,4,0,0,20.7,0,0,0,0,0,0,0,86.9,84.4,0.00925967,0.009409142
august,M,cut,116,5,1,50,20.5,0.9,0,0,0,0,0,0,86.9,84.4,0.00925967,0.009409142
august,M,cut,117,8,1,10,18.5,2.1,0,0,1,1,0,0,86.9,84.4,0.00925967,0.009409142
august,M,cut,118,22,0,0,20.6,0,0,0,0,0,0,4,86.9,84.4,0.00925967,0.009409142
august,M,cut,119,17,0,0,20.5,1.1,1,1,0,0,0,1,86.9,84.4,0.00925967,0.009409142
august,M,cut,120,24,0,0,21.4,0,0,0,0,0,0,1,86.9,84.4,0.00925967,0.009409142
august,N,cut,121,13,2,31,20.3,4.8,0,0,0,0,1,0,95.1,81,0.01053808,0.011447154
august,N,cut,122,46,2,40,21.7,2.3,1,1,0,0,3,0,95.1,81,0.01053808,0.011447154
august,N,cut,123,32,1,50,22.3,5.6,1,1,1,1,1,0,95.1,81,0.01053808,0.011447154
august,N,cut,124,51,1,40,23.9,3,1,1,0,0,0,0,95.1,81,0.01053808,0.011447154
august,N,cut,125,11,2,7,23.3,2.5,0,0,0,0,1,0,95.1,81,0.01053808,0.011447154
august,N,cut,126,28,1,25,22.9,7,0,0,1,1,2,0,95.1,81,0.01053808,0.011447154
august,N,cut,127,18,2,46,23.3,7.4,0,0,1,1,1,0,95.1,81,0.01053808,0.011447154
august,N,cut,128,42,1,10,23.5,4.2,0,0,0,0,0,2,95.1,81,0.01053808,0.011447154
august,N,cut,129,41,2,12,23.5,4.4,0,0,1,1,0,0,95.1,81,0.01053808,0.011447154
august,N,cut,130,14,1,10,27.9,1.7,0,0,1,2,0,0,95.1,81,0.01053808,0.011447154
august,O,cut,131,14,0,0,18.8,2.4,0,0,0,0,0,0,99.1,96.7,0.01291239,0.013358868
august,O,cut,132,22,0,0,18.1,2.5,0,0,0,0,1,0,99.1,96.7,0.01291239,0.013358868
august,O,cut,133,14,0,0,18.4,1.7,0,0,0,0,1,0,99.1,96.7,0.01291239,0.013358868
august,O,cut,134,14,0,0,19,0,0,0,0,0,0,2,99.1,96.7,0.01291239,0.013358868
august,O,cut,135,25,0,0,18.3,0,0,0,0,0,1,0,99.1,96.7,0.01291239,0.013358868
august,O,cut,136,21,0,0,18.1,0,0,0,0,0,0,2,99.1,96.7,0.01291239,0.013358868
august,O,cut,137,9,0,0,20.6,0,0,0,0,0,0,1,99.1,96.7,0.01291239,0.013358868
august,O,cut,138,17,0,0,19.7,1.3,0,0,0,0,0,0,99.1,96.7,0.01291239,0.013358868
august,O,cut,139,25,0,0,19.3,1.1,0,0,0,0,0,0,99.1,96.7,0.01291239,0.013358868
august,O,cut,140,31,0,0,19.9,0,0,0,0,0,1,0,99.1,96.7,0.01291239,0.013358868
september,A,cut,1,44,0,0,16.3,1.1,0,0,0,0,0,1,54.4,34.7,0.00913823,0.010767858
september,A,cut,2,46,0,0,14.8,2.2,0,0,0,0,0,0,54.4,34.7,0.00913823,0.010767858
september,A,cut,3,9,0,0,15.8,1.5,0,0,0,0,0,0,54.4,34.7,0.00913823,0.010767858
september,A,cut,4,41,0,0,16.2,0.8,0,0,0,0,0,0,54.4,34.7,0.00913823,0.010767858
september,A,cut,5,23,0,0,16.5,0,0,0,0,0,0,0,54.4,34.7,0.00913823,0.010767858
september,A,cut,6,16,0,0,18.6,0.9,0,0,0,0,0,0,54.4,34.7,0.00913823,0.010767858
september,A,cut,7,31,0,0,20.6,1.6,0,0,0,0,0,0,54.4,34.7,0.00913823,0.010767858
september,A,cut,8,9,0,0,20.3,1.7,0,0,0,0,0,0,54.4,34.7,0.00913823,0.010767858
september,A,cut,9,24,0,0,18.9,4.1,0,0,0,0,0,0,54.4,34.7,0.00913823,0.010767858
september,A,cut,10,13,0,0,17.1,5.1,0,0,0,0,0,0,54.4,34.7,0.00913823,0.010767858
september,B,cut,11,26,0,0,18.2,0.7,0,0,0,0,0,0,99.5,100,0.01049109,0.009029056
september,B,cut,12,11,0,0,18.5,2.3,0,0,0,0,0,0,99.5,100,0.01049109,0.009029056
september,B,cut,13,10,0,0,19,0.9,0,0,0,0,1,0,99.5,100,0.01049109,0.009029056
september,B,cut,14,16,0,0,18.3,8.2,0,0,0,0,0,0,99.5,100,0.01049109,0.009029056
september,B,cut,15,36,0,0,18.3,4.4,0,0,0,0,0,0,99.5,100,0.01049109,0.009029056
september,B,cut,16,19,0,0,18,3.7,0,0,1,1,0,0,99.5,100,0.01049109,0.009029056
september,B,cut,17,5,0,0,19.3,1.7,0,0,0,0,0,0,99.5,100,0.01049109,0.009029056
september,B,cut,18,24,0,0,19,0.9,0,0,0,0,0,0,99.5,100,0.01049109,0.009029056
september,B,cut,19,21,0,0,18.4,2.6,0,0,0,0,0,0,99.5,100,0.01049109,0.009029056
september,B,cut,20,13,0,0,18.4,5.2,0,0,0,0,0,0,99.5,100,0.01049109,0.009029056
september,C,cut,21,5,0,0,17.7,1.3,0,0,0,0,0,0,49,22,0.00713116,0.009509214
september,C,cut,22,8,0,0,16,2.4,0,0,0,0,0,0,49,22,0.00713116,0.009509214
september,C,cut,23,2,0,0,15.6,2.7,0,0,0,0,0,0,49,22,0.00713116,0.009509214
september,C,cut,24,6,0,0,16.4,2.6,0,0,1,1,0,0,49,22,0.00713116,0.009509214
september,C,cut,25,3,0,0,16.9,1,0,0,0,0,0,0,49,22,0.00713116,0.009509214
september,C,cut,26,1,0,0,17.9,1.6,0,0,0,0,0,0,49,22,0.00713116,0.009509214
september,C,cut,27,2,0,0,17.5,3.3,0,0,0,0,0,0,49,22,0.00713116,0.009509214
september,C,cut,28,2,0,0,17.5,3.7,0,0,0,0,0,0,49,22,0.00713116,0.009509214
september,C,cut,29,2,0,0,19.3,0.9,0,0,0,0,0,0,49,22,0.00713116,0.009509214
september,C,cut,30,8,0,0,19.5,1.3,0,0,0,0,1,0,49,22,0.00713116,0.009509214
september,D,cut,31,19,0,0,15.6,2.8,0,0,0,0,1,0,38.4,42.7,0.00736901,0.009526737
september,D,cut,32,24,1,1,16.7,1.9,0,0,0,0,0,0,38.4,42.7,0.00736901,0.009526737
september,D,cut,33,33,0,0,15.1,4.5,0,0,0,0,0,0,38.4,42.7,0.00736901,0.009526737
september,D,cut,34,25,1,5,17.7,2.9,0,0,0,0,1,0,38.4,42.7,0.00736901,0.009526737
september,D,cut,35,26,0,0,20.5,1.4,0,0,0,0,1,0,38.4,42.7,0.00736901,0.009526737
september,D,cut,36,18,1,10,18.3,2.4,0,0,0,0,0,0,38.4,42.7,0.00736901,0.009526737
september,D,cut,37,38,1,40,21,2.4,0,0,0,0,3,0,38.4,42.7,0.00736901,0.009526737
september,D,cut,38,24,0,0,17.9,0.9,0,0,0,0,0,0,38.4,42.7,0.00736901,0.009526737
september,D,cut,39,28,0,0,17.7,1.9,0,0,0,0,1,0,38.4,42.7,0.00736901,0.009526737
september,D,cut,40,22,0,0,17.8,1.1,0,0,0,0,1,0,38.4,42.7,0.00736901,0.009526737
september,E,cut,41,8,0,0,14.7,1.3,0,0,0,0,0,0,36.1,28.8,0.01246919,0.012015911
september,E,cut,42,12,0,0,14.4,1.8,0,0,0,0,0,0,36.1,28.8,0.01246919,0.012015911
september,E,cut,43,5,0,0,15.2,0.9,0,0,0,0,0,0,36.1,28.8,0.01246919,0.012015911
september,E,cut,44,7,0,0,14.5,0.8,0,0,0,0,0,0,36.1,28.8,0.01246919,0.012015911
september,E,cut,45,6,0,0,16,0,0,0,0,0,0,0,36.1,28.8,0.01246919,0.012015911
september,E,cut,46,5,0,0,16.9,0,0,0,0,0,0,0,36.1,28.8,0.01246919,0.012015911
september,E,cut,47,7,0,0,17.8,0,0,0,0,0,0,0,36.1,28.8,0.01246919,0.012015911
september,E,cut,48,6,0,0,17,0,0,0,0,0,0,0,36.1,28.8,0.01246919,0.012015911
september,E,cut,49,5,0,0,15.5,2.4,0,0,0,0,0,0,36.1,28.8,0.01246919,0.012015911
september,E,cut,50,3,0,0,17.1,1.3,0,0,0,0,0,0,36.1,28.8,0.01246919,0.012015911
september,F,cut,51,34,0,0,21.6,4.8,1,1,0,0,0,0,49.8,42.3,0.00853738,0.008240911
september,F,cut,52,22,1,2,21.7,4.5,1,1,0,0,0,0,49.8,42.3,0.00853738,0.008240911
september,F,cut,53,41,0,0,21.6,4.5,0,0,0,0,0,0,49.8,42.3,0.00853738,0.008240911
september,F,cut,54,13,0,0,21.7,7.7,0,0,1,1,0,0,49.8,42.3,0.00853738,0.008240911
september,F,cut,55,77,1,30,21.8,4.7,0,0,1,1,0,0,49.8,42.3,0.00853738,0.008240911
september,F,cut,56,66,0,0,24.8,5.1,0,0,0,0,0,0,49.8,42.3,0.00853738,0.008240911
september,F,cut,57,39,1,2,21.7,4.3,0,0,0,0,0,0,49.8,42.3,0.00853738,0.008240911
september,F,cut,58,49,2,2,23,5.1,0,0,1,1,0,0,49.8,42.3,0.00853738,0.008240911
september,F,cut,59,104,2,12,25.2,5.1,0,0,0,0,0,0,49.8,42.3,0.00853738,0.008240911
september,F,cut,60,99,1,10,26.5,1.4,0,0,0,0,0,0,49.8,42.3,0.00853738,0.008240911
september,G,grazing,61,12,1,3,20.2,1.2,0,0,0,0,0,0,90.9,99.4,0.01264476,0.012737767
september,G,grazing,62,7,0,0,19.2,0,0,0,0,0,0,0,90.9,99.4,0.01264476,0.012737767
september,G,grazing,63,5,0,0,21.6,0,0,0,0,0,0,0,90.9,99.4,0.01264476,0.012737767
september,G,grazing,64,12,0,0,20.3,1.1,0,0,0,0,0,0,90.9,99.4,0.01264476,0.012737767
september,G,grazing,65,6,0,0,19.9,0,0,0,0,0,0,0,90.9,99.4,0.01264476,0.012737767
september,G,grazing,66,11,0,0,21.5,0.9,0,0,0,0,0,0,90.9,99.4,0.01264476,0.012737767
september,G,grazing,67,16,0,0,18.7,2.2,0,0,0,0,0,0,90.9,99.4,0.01264476,0.012737767
september,G,grazing,68,8,1,1,19.3,0.7,0,0,0,0,0,0,90.9,99.4,0.01264476,0.012737767
september,G,grazing,69,14,0,0,21.6,0,0,0,0,0,0,0,90.9,99.4,0.01264476,0.012737767
september,G,grazing,70,10,0,0,20.4,0,0,0,1,1,0,0,90.9,99.4,0.01264476,0.012737767
september,H,cut,71,9,0,0,19.3,0.9,0,0,0,0,1,0,18.3,31,0.00902662,0.009075512
september,H,cut,72,6,0,0,18.4,1.1,0,0,0,0,0,0,18.3,31,0.00902662,0.009075512
september,H,cut,73,7,0,0,18.6,1.2,0,0,0,0,0,0,18.3,31,0.00902662,0.009075512
september,H,cut,74,6,0,0,19.4,0.8,0,0,0,0,0,0,18.3,31,0.00902662,0.009075512
september,H,cut,75,13,0,0,17.9,3.6,0,0,0,0,0,0,18.3,31,0.00902662,0.009075512
september,H,cut,76,10,1,1,18,2.4,0,0,0,0,0,0,18.3,31,0.00902662,0.009075512
september,H,cut,77,6,0,0,19,1.1,0,0,0,0,0,0,18.3,31,0.00902662,0.009075512
september,H,cut,78,12,0,0,19,1.5,0,0,0,0,0,0,18.3,31,0.00902662,0.009075512
september,H,cut,79,7,0,0,19.1,1.1,0,0,0,0,0,0,18.3,31,0.00902662,0.009075512
september,H,cut,80,10,1,1,18.5,1.8,0,0,0,0,0,0,18.3,31,0.00902662,0.009075512
september,I,grazing,81,5,1,1,23,0,0,0,0,0,0,0,57.7,51.5,0.01299173,0.010969038
september,I,grazing,82,4,1,3,21.5,1,0,0,1,1,0,0,57.7,51.5,0.01299173,0.010969038
september,I,grazing,83,1,0,0,23.1,0,0,0,0,0,0,0,57.7,51.5,0.01299173,0.010969038
september,I,grazing,84,4,0,0,20.7,0.7,0,0,0,0,0,0,57.7,51.5,0.01299173,0.010969038
september,I,grazing,85,4,1,1,22.6,0,0,0,0,0,0,0,57.7,51.5,0.01299173,0.010969038
september,I,grazing,86,6,0,0,21.9,0.8,0,0,0,0,0,0,57.7,51.5,0.01299173,0.010969038
september,I,grazing,87,8,0,0,24,0.8,0,0,0,0,0,0,57.7,51.5,0.01299173,0.010969038
september,I,grazing,88,4,0,0,23.5,1,0,0,0,0,0,0,57.7,51.5,0.01299173,0.010969038
september,I,grazing,89,2,0,0,27.4,0,0,0,0,0,0,0,57.7,51.5,0.01299173,0.010969038
september,I,grazing,90,3,1,2,23.5,0,0,0,0,0,0,0,57.7,51.5,0.01299173,0.010969038
september,J,cut,141,16,0,0,21.5,3.7,0,0,0,0,0,0,98.6,95.7,0.01080354,0.011016961
september,J,cut,142,7,0,0,21,1.8,0,0,0,0,0,0,98.6,95.7,0.01080354,0.011016961
september,J,cut,143,16,0,0,17.8,1.9,0,0,0,0,0,0,98.6,95.7,0.01080354,0.011016961
september,J,cut,144,19,0,0,20.6,0.7,0,0,0,0,0,0,98.6,95.7,0.01080354,0.011016961
september,J,cut,145,9,0,0,20.4,1.8,0,0,0,0,0,0,98.6,95.7,0.01080354,0.011016961
september,J,cut,146,11,0,0,20.9,1,0,0,0,0,0,0,98.6,95.7,0.01080354,0.011016961
september,J,cut,147,15,0,0,21.7,1.4,0,0,1,1,0,0,98.6,95.7,0.01080354,0.011016961
september,J,cut,148,17,0,0,21,2.9,0,0,0,0,0,0,98.6,95.7,0.01080354,0.011016961
september,J,cut,149,6,0,0,21.9,1.2,0,0,0,0,0,0,98.6,95.7,0.01080354,0.011016961
september,J,cut,150,12,0,0,21.9,1.1,0,0,0,0,0,0,98.6,95.7,0.01080354,0.011016961
september,L,cut,101,32,1,5,20.4,1.9,0,0,0,0,4,0,79.7,72.8,0.00951243,0.008258403
september,L,cut,102,18,1,20,21.3,1.1,0,0,0,0,1,0,79.7,72.8,0.00951243,0.008258403
september,L,cut,103,16,1,5,21.3,2.5,0,0,0,0,3,0,79.7,72.8,0.00951243,0.008258403
september,L,cut,104,16,0,0,22,0.9,0,0,0,0,0,0,79.7,72.8,0.00951243,0.008258403
september,L,cut,105,17,0,0,21.4,3.2,0,0,0,0,0,0,79.7,72.8,0.00951243,0.008258403
september,L,cut,106,4,0,0,21.1,2.7,0,0,0,0,2,0,79.7,72.8,0.00951243,0.008258403
september,L,cut,107,20,1,5,20.8,2.8,0,0,0,0,2,0,79.7,72.8,0.00951243,0.008258403
september,L,cut,108,36,0,0,22.8,1.8,0,0,1,1,0,0,79.7,72.8,0.00951243,0.008258403
september,L,cut,109,33,1,1,20.1,2.3,0,0,0,0,2,0,79.7,72.8,0.00951243,0.008258403
september,L,cut,110,28,0,0,21.2,1.4,0,0,1,1,1,0,79.7,72.8,0.00951243,0.008258403
september,M,cut,111,13,0,0,22.8,2.2,1,1,0,0,0,0,86.9,84.4,0.00925967,0.009409142
september,M,cut,112,19,1,10,21.9,2.6,0,0,0,0,0,0,86.9,84.4,0.00925967,0.009409142
september,M,cut,113,16,0,0,22.9,2.3,0,0,0,0,1,0,86.9,84.4,0.00925967,0.009409142
september,M,cut,114,14,0,0,22.7,2.1,0,0,0,0,0,0,86.9,84.4,0.00925967,0.009409142
september,M,cut,115,8,0,0,22.4,1.8,0,0,0,0,0,0,86.9,84.4,0.00925967,0.009409142
september,M,cut,116,17,0,0,23.3,2.3,0,0,0,0,3,0,86.9,84.4,0.00925967,0.009409142
september,M,cut,117,24,0,0,21.6,0,0,0,0,0,0,0,86.9,84.4,0.00925967,0.009409142
september,M,cut,118,26,1,50,23,0,0,0,0,0,0,0,86.9,84.4,0.00925967,0.009409142
september,M,cut,119,11,1,5,24.2,0,0,0,0,0,0,0,86.9,84.4,0.00925967,0.009409142
september,M,cut,120,29,0,0,23.7,0,0,0,0,0,0,0,86.9,84.4,0.00925967,0.009409142
september,N,cut,121,7,0,0,22.5,0.9,0,0,0,0,0,0,95.1,81,0.01053808,0.011447154
september,N,cut,122,12,0,0,24.4,1.2,0,0,0,0,0,0,95.1,81,0.01053808,0.011447154
september,N,cut,123,5,0,0,23.3,3.8,0,0,1,1,1,0,95.1,81,0.01053808,0.011447154
september,N,cut,124,5,0,0,24.7,0.8,0,0,1,1,0,0,95.1,81,0.01053808,0.011447154
september,N,cut,125,3,0,0,24.9,0,0,0,0,0,0,0,95.1,81,0.01053808,0.011447154
september,N,cut,126,5,0,0,26.4,0,0,0,1,1,0,0,95.1,81,0.01053808,0.011447154
september,N,cut,127,12,0,0,25,1.7,0,0,0,0,0,0,95.1,81,0.01053808,0.011447154
september,N,cut,128,3,0,0,25.8,0,0,0,0,0,0,0,95.1,81,0.01053808,0.011447154
september,N,cut,129,3,0,0,24.4,0,0,0,0,0,0,0,95.1,81,0.01053808,0.011447154
september,N,cut,130,7,0,0,26.1,1.2,0,0,1,1,0,0,95.1,81,0.01053808,0.011447154
september,O,cut,131,20,0,0,16,0,0,0,0,0,0,0,99.1,96.7,0.01291239,0.013358868
september,O,cut,132,15,0,0,15.9,0.8,0,0,0,0,1,0,99.1,96.7,0.01291239,0.013358868
september,O,cut,133,14,0,0,16.3,0,0,0,0,0,0,0,99.1,96.7,0.01291239,0.013358868
september,O,cut,134,14,0,0,16.8,0,0,0,0,0,0,0,99.1,96.7,0.01291239,0.013358868
september,O,cut,135,21,0,0,16.6,0,0,0,0,0,0,0,99.1,96.7,0.01291239,0.013358868
september,O,cut,136,13,0,0,19.8,0,0,0,0,0,0,0,99.1,96.7,0.01291239,0.013358868
september,O,cut,137,8,0,0,23.4,0,0,0,0,0,0,0,99.1,96.7,0.01291239,0.013358868
september,O,cut,138,12,0,0,22.5,0,0,0,0,0,0,0,99.1,96.7,0.01291239,0.013358868
september,O,cut,139,8,0,0,21.6,0,0,0,0,0,0,0,99.1,96.7,0.01291239,0.013358868
september,O,cut,140,15,0,0,21.1,0,0,0,0,0,0,0,99.1,96.7,0.01291239,0.013358868