site,doy,cp,year,spec
1,195,0.02,2018,MOCL
1,201,0.03,2018,MOCL
1,208,0.04,2018,MOCL
1,215,0.05,2018,MOCL
1,222,0.12,2018,MOCL
1,229,0.23,2018,MOCL
1,236,0.28,2018,MOCL
1,243,0.54,2018,MOCL
1,250,0.63,2018,MOCL
1,258,0.86,2018,MOCL
1,265,0.92,2018,MOCL
1,273,0.95,2018,MOCL
1,279,1,2018,MOCL
2,195,0.04,2018,MOCL
2,208,0.06,2018,MOCL
2,215,0.08,2018,MOCL
2,222,0.15,2018,MOCL
2,229,0.23,2018,MOCL
2,236,0.32,2018,MOCL
2,243,0.47,2018,MOCL
2,250,0.65,2018,MOCL
2,258,0.86,2018,MOCL
2,265,0.94,2018,MOCL
2,273,0.96,2018,MOCL
2,279,1,2018,MOCL
3,208,0.01,2018,MOCL
3,215,0.02,2018,MOCL
3,222,0.06,2018,MOCL
3,229,0.17,2018,MOCL
3,236,0.26,2018,MOCL
3,243,0.38,2018,MOCL
3,250,0.69,2018,MOCL
3,258,0.91,2018,MOCL
3,265,0.98,2018,MOCL
3,273,0.99,2018,MOCL
3,279,1,2018,MOCL
4,195,0.01,2018,MOCL
4,201,0.04,2018,MOCL
4,208,0.05,2018,MOCL
4,222,0.07,2018,MOCL
4,229,0.16,2018,MOCL
4,236,0.26,2018,MOCL
4,243,0.47,2018,MOCL
4,250,0.55,2018,MOCL
4,258,0.89,2018,MOCL
4,265,0.92,2018,MOCL
4,273,0.95,2018,MOCL
4,279,1,2018,MOCL
5,194,0.04,2018,MOCL
5,208,0.07,2018,MOCL
5,229,0.15,2018,MOCL
5,236,0.22,2018,MOCL
5,243,0.48,2018,MOCL
5,250,0.63,2018,MOCL
5,258,0.81,2018,MOCL
5,265,0.93,2018,MOCL
5,273,0.96,2018,MOCL
5,279,1,2018,MOCL
6,194,0.02,2018,MOCL
6,208,0.04,2018,MOCL
6,229,0.08,2018,MOCL
6,236,0.1,2018,MOCL
6,243,0.27,2018,MOCL
6,250,0.42,2018,MOCL
6,258,0.77,2018,MOCL
6,265,0.85,2018,MOCL
6,273,0.98,2018,MOCL
6,279,1,2018,MOCL
7,194,0.23,2018,MOCL
7,222,0.46,2018,MOCL
7,229,0.62,2018,MOCL
7,236,0.69,2018,MOCL
7,243,0.85,2018,MOCL
7,250,1,2018,MOCL
8,201,0.04,2018,MOCL
8,208,0.14,2018,MOCL
8,215,0.25,2018,MOCL
8,222,0.29,2018,MOCL
8,229,0.39,2018,MOCL
8,236,0.43,2018,MOCL
8,243,0.82,2018,MOCL
8,250,0.89,2018,MOCL
8,258,0.93,2018,MOCL
8,265,0.96,2018,MOCL
8,273,1,2018,MOCL
9,208,0.03,2018,MOCL
9,215,0.06,2018,MOCL
9,222,0.11,2018,MOCL
9,229,0.2,2018,MOCL
9,236,0.29,2018,MOCL
9,243,0.49,2018,MOCL
9,250,0.6,2018,MOCL
9,258,0.86,2018,MOCL
9,265,0.94,2018,MOCL
9,279,1,2018,MOCL
10,194,0.07,2018,MOCL
10,208,0.11,2018,MOCL
10,215,0.14,2018,MOCL
10,229,0.29,2018,MOCL
10,236,0.5,2018,MOCL
10,243,0.61,2018,MOCL
10,250,0.75,2018,MOCL
10,258,0.89,2018,MOCL
10,265,0.93,2018,MOCL
10,273,0.96,2018,MOCL
10,279,1,2018,MOCL
11,194,0.03,2018,MOCL
11,201,0.08,2018,MOCL
11,215,0.13,2018,MOCL
11,222,0.21,2018,MOCL
11,229,0.24,2018,MOCL
11,236,0.32,2018,MOCL
11,243,0.42,2018,MOCL
11,250,0.55,2018,MOCL
11,258,0.82,2018,MOCL
11,265,0.87,2018,MOCL
11,273,0.97,2018,MOCL
11,279,1,2018,MOCL
12,194,0.02,2018,MOCL
12,201,0.04,2018,MOCL
12,215,0.06,2018,MOCL
12,222,0.1,2018,MOCL
12,229,0.18,2018,MOCL
12,236,0.32,2018,MOCL
12,243,0.48,2018,MOCL
12,250,0.52,2018,MOCL
12,258,0.86,2018,MOCL
12,265,0.92,2018,MOCL
12,273,0.94,2018,MOCL
12,279,1,2018,MOCL
13,208,0.02,2018,MOCL
13,215,0.05,2018,MOCL
13,222,0.12,2018,MOCL
13,229,0.24,2018,MOCL
13,236,0.29,2018,MOCL
13,243,0.54,2018,MOCL
13,258,0.73,2018,MOCL
13,265,0.85,2018,MOCL
13,273,0.95,2018,MOCL
13,279,1,2018,MOCL
14,194,0.1,2018,MOCL
14,201,0.21,2018,MOCL
14,208,0.29,2018,MOCL
14,215,0.37,2018,MOCL
14,222,0.46,2018,MOCL
14,229,0.58,2018,MOCL
14,236,0.65,2018,MOCL
14,243,0.76,2018,MOCL
14,250,0.78,2018,MOCL
14,258,0.95,2018,MOCL
14,265,0.98,2018,MOCL
14,273,1,2018,MOCL
15,201,0.01,2018,MOCL
15,208,0.03,2018,MOCL
15,215,0.07,2018,MOCL
15,222,0.14,2018,MOCL
15,229,0.2,2018,MOCL
15,236,0.32,2018,MOCL
15,243,0.51,2018,MOCL
15,250,0.59,2018,MOCL
15,258,0.85,2018,MOCL
15,265,0.95,2018,MOCL
15,273,0.99,2018,MOCL
15,279,1,2018,MOCL
16,194,0.05,2018,MOCL
16,201,0.09,2018,MOCL
16,208,0.11,2018,MOCL
16,215,0.14,2018,MOCL
16,222,0.21,2018,MOCL
16,229,0.28,2018,MOCL
16,236,0.33,2018,MOCL
16,243,0.46,2018,MOCL
16,250,0.56,2018,MOCL
16,258,0.78,2018,MOCL
16,265,0.83,2018,MOCL
16,273,0.93,2018,MOCL
16,280,1,2018,MOCL
17,194,0.05,2018,MOCL
17,201,0.11,2018,MOCL
17,208,0.14,2018,MOCL
17,229,0.24,2018,MOCL
17,243,0.43,2018,MOCL
17,250,0.51,2018,MOCL
17,258,0.81,2018,MOCL
17,265,0.89,2018,MOCL
17,273,1,2018,MOCL
18,194,0.07,2018,MOCL
18,201,0.08,2018,MOCL
18,215,0.12,2018,MOCL
18,222,0.2,2018,MOCL
18,229,0.35,2018,MOCL
18,236,0.45,2018,MOCL
18,243,0.62,2018,MOCL
18,250,0.7,2018,MOCL
18,258,0.89,2018,MOCL
18,265,0.95,2018,MOCL
18,273,0.98,2018,MOCL
18,280,1,2018,MOCL
19,194,0.04,2018,MOCL
19,208,0.09,2018,MOCL
19,215,0.13,2018,MOCL
19,229,0.16,2018,MOCL
19,236,0.21,2018,MOCL
19,243,0.41,2018,MOCL
19,250,0.48,2018,MOCL
19,258,0.7,2018,MOCL
19,265,0.8,2018,MOCL
19,273,0.98,2018,MOCL
19,279,1,2018,MOCL
20,195,0.13,2018,MOCL
20,202,0.16,2018,MOCL
20,216,0.21,2018,MOCL
20,223,0.25,2018,MOCL
20,230,0.3,2018,MOCL
20,237,0.4,2018,MOCL
20,244,0.49,2018,MOCL
20,251,0.51,2018,MOCL
20,257,0.71,2018,MOCL
20,264,0.79,2018,MOCL
20,272,0.94,2018,MOCL
20,278,1,2018,MOCL
21,194,0.03,2018,MOCL
21,201,0.07,2018,MOCL
21,208,0.1,2018,MOCL
21,215,0.14,2018,MOCL
21,222,0.17,2018,MOCL
21,229,0.24,2018,MOCL
21,236,0.4,2018,MOCL
21,243,0.54,2018,MOCL
21,250,0.58,2018,MOCL
21,258,0.78,2018,MOCL
21,265,0.88,2018,MOCL
21,273,0.96,2018,MOCL
21,280,1,2018,MOCL
22,194,0.17,2018,MOCL
22,201,0.19,2018,MOCL
22,208,0.24,2018,MOCL
22,215,0.29,2018,MOCL
22,222,0.35,2018,MOCL
22,229,0.51,2018,MOCL
22,236,0.56,2018,MOCL
22,243,0.75,2018,MOCL
22,250,0.79,2018,MOCL
22,258,0.9,2018,MOCL
22,265,1,2018,MOCL
23,194,0.06,2018,MOCL
23,215,0.1,2018,MOCL
23,222,0.26,2018,MOCL
23,229,0.35,2018,MOCL
23,243,0.52,2018,MOCL
23,250,0.68,2018,MOCL
23,258,0.74,2018,MOCL
23,265,0.97,2018,MOCL
23,273,1,2018,MOCL
24,201,0.13,2018,MOCL
24,208,0.15,2018,MOCL
24,222,0.17,2018,MOCL
24,229,0.19,2018,MOCL
24,236,0.22,2018,MOCL
24,243,0.39,2018,MOCL
24,250,0.53,2018,MOCL
24,258,0.82,2018,MOCL
24,265,0.9,2018,MOCL
24,273,0.96,2018,MOCL
24,279,1,2018,MOCL
27,195,0.04,2018,MOCL
27,209,0.05,2018,MOCL
27,216,0.07,2018,MOCL
27,223,0.12,2018,MOCL
27,230,0.19,2018,MOCL
27,237,0.19,2018,MOCL
27,244,0.3,2018,MOCL
27,251,0.44,2018,MOCL
27,257,0.7,2018,MOCL
27,264,0.82,2018,MOCL
27,272,0.89,2018,MOCL
27,278,1,2018,MOCL
28,195,0.08,2018,MOCL
28,209,0.1,2018,MOCL
28,223,0.13,2018,MOCL
28,230,0.25,2018,MOCL
28,237,0.3,2018,MOCL
28,244,0.38,2018,MOCL
28,251,0.48,2018,MOCL
28,257,0.75,2018,MOCL
28,264,0.9,2018,MOCL
28,272,0.95,2018,MOCL
28,278,1,2018,MOCL
29,195,0.06,2018,MOCL
29,216,0.19,2018,MOCL
29,244,0.44,2018,MOCL
29,251,0.56,2018,MOCL
29,257,0.81,2018,MOCL
29,264,1,2018,MOCL
30,202,0.07,2018,MOCL
30,216,0.2,2018,MOCL
30,230,0.47,2018,MOCL
30,237,0.6,2018,MOCL
30,251,0.67,2018,MOCL
30,257,0.87,2018,MOCL
30,264,1,2018,MOCL
31,230,0.08,2018,MOCL
31,237,0.1,2018,MOCL
31,244,0.56,2018,MOCL
31,251,0.59,2018,MOCL
31,257,0.69,2018,MOCL
31,264,0.9,2018,MOCL
31,272,1,2018,MOCL
32,201,0.02,2018,MOCL
32,208,0.03,2018,MOCL
32,215,0.06,2018,MOCL
32,222,0.09,2018,MOCL
32,229,0.14,2018,MOCL
32,236,0.15,2018,MOCL
32,250,0.31,2018,MOCL
32,258,0.66,2018,MOCL
32,265,0.82,2018,MOCL
32,273,0.95,2018,MOCL
32,279,1,2018,MOCL
1,208,0.041667,2018,MOSC
1,215,0.083333,2018,MOSC
1,222,0.152778,2018,MOSC
1,229,0.222222,2018,MOSC
1,236,0.305556,2018,MOSC
1,243,0.375,2018,MOSC
1,250,0.527778,2018,MOSC
1,258,0.777778,2018,MOSC
1,265,0.875,2018,MOSC
1,273,0.958333,2018,MOSC
1,279,1,2018,MOSC
2,195,0.015385,2018,MOSC
2,215,0.030769,2018,MOSC
2,222,0.107692,2018,MOSC
2,229,0.246154,2018,MOSC
2,236,0.261538,2018,MOSC
2,243,0.353846,2018,MOSC
2,250,0.6,2018,MOSC
2,258,0.923077,2018,MOSC
2,265,0.984615,2018,MOSC
2,273,1,2018,MOSC
3,236,0.095238,2018,MOSC
3,243,0.238095,2018,MOSC
3,250,0.571429,2018,MOSC
3,258,0.619048,2018,MOSC
3,265,0.809524,2018,MOSC
3,273,0.904762,2018,MOSC
3,279,1,2018,MOSC
4,208,0.046512,2018,MOSC
4,215,0.069767,2018,MOSC
4,222,0.069767,2018,MOSC
4,229,0.116279,2018,MOSC
4,236,0.162791,2018,MOSC
4,243,0.604651,2018,MOSC
4,250,0.627907,2018,MOSC
4,258,0.906977,2018,MOSC
4,265,0.953488,2018,MOSC
4,279,1,2018,MOSC
6,208,0.142857,2018,MOSC
6,215,0.190476,2018,MOSC
6,236,0.285714,2018,MOSC
6,243,0.571429,2018,MOSC
6,250,0.666667,2018,MOSC
6,258,0.761905,2018,MOSC
6,265,0.857143,2018,MOSC
6,273,0.952381,2018,MOSC
6,279,1,2018,MOSC
7,215,0.133333,2018,MOSC
7,222,0.266667,2018,MOSC
7,229,0.466667,2018,MOSC
7,243,0.733333,2018,MOSC
7,258,1,2018,MOSC
8,195,0.3,2018,MOSC
8,215,0.4,2018,MOSC
8,222,0.5,2018,MOSC
8,236,0.6,2018,MOSC
8,243,0.9,2018,MOSC
8,258,1,2018,MOSC
9,194,0.125,2018,MOSC
9,208,0.1875,2018,MOSC
9,215,0.25,2018,MOSC
9,222,0.5,2018,MOSC
9,243,0.75,2018,MOSC
9,250,0.8125,2018,MOSC
9,258,1,2018,MOSC
10,229,0.066667,2018,MOSC
10,236,0.2,2018,MOSC
10,243,0.6,2018,MOSC
10,250,0.666667,2018,MOSC
10,258,1,2018,MOSC
11,194,0.047619,2018,MOSC
11,215,0.142857,2018,MOSC
11,222,0.190476,2018,MOSC
11,229,0.428571,2018,MOSC
11,236,0.571429,2018,MOSC
11,243,0.619048,2018,MOSC
11,258,0.857143,2018,MOSC
11,265,0.952381,2018,MOSC
11,273,1,2018,MOSC
12,194,0.083333,2018,MOSC
12,201,0.166667,2018,MOSC
12,208,0.25,2018,MOSC
12,215,0.333333,2018,MOSC
12,222,0.416667,2018,MOSC
12,229,0.5,2018,MOSC
12,243,0.583333,2018,MOSC
12,258,0.75,2018,MOSC
12,265,0.833333,2018,MOSC
12,273,0.916667,2018,MOSC
12,279,1,2018,MOSC
13,194,0.047619,2018,MOSC
13,215,0.095238,2018,MOSC
13,222,0.142857,2018,MOSC
13,229,0.333333,2018,MOSC
13,236,0.47619,2018,MOSC
13,243,0.571429,2018,MOSC
13,250,0.619048,2018,MOSC
13,258,0.952381,2018,MOSC
13,273,1,2018,MOSC
14,194,0.142857,2018,MOSC
14,201,0.357143,2018,MOSC
14,208,0.5,2018,MOSC
14,222,0.678571,2018,MOSC
14,229,0.785714,2018,MOSC
14,243,0.857143,2018,MOSC
14,250,0.892857,2018,MOSC
14,258,1,2018,MOSC
15,194,0.272727,2018,MOSC
15,208,0.545455,2018,MOSC
15,222,0.636364,2018,MOSC
15,229,0.727273,2018,MOSC
15,243,0.818182,2018,MOSC
15,265,1,2018,MOSC
17,194,0.076923,2018,MOSC
17,208,0.307692,2018,MOSC
17,229,0.384615,2018,MOSC
17,236,0.538462,2018,MOSC
17,243,0.769231,2018,MOSC
17,250,0.846154,2018,MOSC
17,265,0.923077,2018,MOSC
17,273,1,2018,MOSC
18,201,0.027778,2018,MOSC
18,208,0.055556,2018,MOSC
18,215,0.166667,2018,MOSC
18,222,0.416667,2018,MOSC
18,236,0.555556,2018,MOSC
18,243,0.722222,2018,MOSC
18,250,0.777778,2018,MOSC
18,258,0.916667,2018,MOSC
18,265,0.944444,2018,MOSC
18,273,1,2018,MOSC
20,195,0.134615,2018,MOSC
20,202,0.173077,2018,MOSC
20,209,0.192308,2018,MOSC
20,216,0.25,2018,MOSC
20,223,0.269231,2018,MOSC
20,230,0.307692,2018,MOSC
20,237,0.365385,2018,MOSC
20,244,0.480769,2018,MOSC
20,251,0.538462,2018,MOSC
20,257,0.769231,2018,MOSC
20,264,0.846154,2018,MOSC
20,272,0.884615,2018,MOSC
20,278,1,2018,MOSC
22,194,0.066667,2018,MOSC
22,201,0.1,2018,MOSC
22,229,0.4,2018,MOSC
22,236,0.533333,2018,MOSC
22,243,0.733333,2018,MOSC
22,250,0.766667,2018,MOSC
22,258,0.933333,2018,MOSC
22,265,0.966667,2018,MOSC
22,273,1,2018,MOSC
31,202,0.066667,2018,MOSC
31,230,0.133333,2018,MOSC
31,237,0.266667,2018,MOSC
31,243,0.6,2018,MOSC
31,244,0.733333,2018,MOSC
31,251,0.866667,2018,MOSC
31,257,1,2018,MOSC
1,201,0.02189781,2019,MOCL
1,216,0.02919708,2019,MOCL
1,226,0.03649635,2019,MOCL
1,232,0.058394161,2019,MOCL
1,240,0.131386861,2019,MOCL
1,246,0.182481752,2019,MOCL
1,256,0.350364964,2019,MOCL
1,261,0.591240876,2019,MOCL
1,268,0.744525547,2019,MOCL
1,277,0.832116788,2019,MOCL
1,285,1,2019,MOCL
2,201,0.012048193,2019,MOCL
2,226,0.036144578,2019,MOCL
2,232,0.060240964,2019,MOCL
2,240,0.120481928,2019,MOCL
2,246,0.277108434,2019,MOCL
2,256,0.493975904,2019,MOCL
2,261,0.626506024,2019,MOCL
2,268,0.759036145,2019,MOCL
2,277,0.903614458,2019,MOCL
2,285,1,2019,MOCL
3,226,0.047058824,2019,MOCL
3,232,0.082352941,2019,MOCL
3,240,0.141176471,2019,MOCL
3,246,0.2,2019,MOCL
3,256,0.376470588,2019,MOCL
3,261,0.611764706,2019,MOCL
3,268,0.823529412,2019,MOCL
3,277,0.917647059,2019,MOCL
3,285,1,2019,MOCL
4,201,0.006535948,2019,MOCL
4,210,0.019607843,2019,MOCL
4,226,0.032679739,2019,MOCL
4,232,0.071895425,2019,MOCL
4,240,0.130718954,2019,MOCL
4,246,0.209150327,2019,MOCL
4,256,0.359477124,2019,MOCL
4,261,0.568627451,2019,MOCL
4,268,0.679738562,2019,MOCL
4,277,0.77124183,2019,MOCL
4,285,1,2019,MOCL
5,179,0.023809524,2019,MOCL
5,240,0.071428571,2019,MOCL
5,246,0.261904762,2019,MOCL
5,256,0.357142857,2019,MOCL
5,261,0.571428571,2019,MOCL
5,270,0.80952381,2019,MOCL
5,277,0.857142857,2019,MOCL
5,285,1,2019,MOCL
6,232,0.020408163,2019,MOCL
6,240,0.06122449,2019,MOCL
6,246,0.163265306,2019,MOCL
6,256,0.306122449,2019,MOCL
6,261,0.469387755,2019,MOCL
6,270,0.857142857,2019,MOCL
6,277,0.918367347,2019,MOCL
6,285,1,2019,MOCL
7,232,0.06122449,2019,MOCL
7,240,0.224489796,2019,MOCL
7,246,0.408163265,2019,MOCL
7,256,0.551020408,2019,MOCL
7,261,0.653061224,2019,MOCL
8,232,0.020408163,2019,MOCL
8,240,0.102040816,2019,MOCL
8,246,0.326530612,2019,MOCL
8,256,0.489795918,2019,MOCL
8,261,0.795918367,2019,MOCL
8,270,0.959183673,2019,MOCL
8,277,1,2019,MOCL
9,210,0.015384615,2019,MOCL
9,216,0.030769231,2019,MOCL
9,226,0.061538462,2019,MOCL
9,232,0.092307692,2019,MOCL
9,240,0.276923077,2019,MOCL
9,246,0.538461538,2019,MOCL
9,256,0.584615385,2019,MOCL
9,261,0.784615385,2019,MOCL
9,270,0.953846154,2019,MOCL
9,277,0.969230769,2019,MOCL
9,285,1,2019,MOCL
10,216,0.015384615,2019,MOCL
10,226,0.030769231,2019,MOCL
10,232,0.038461538,2019,MOCL
10,240,0.123076923,2019,MOCL
10,246,0.330769231,2019,MOCL
10,256,0.553846154,2019,MOCL
10,261,0.692307692,2019,MOCL
10,270,0.823076923,2019,MOCL
10,277,0.846153846,2019,MOCL
10,285,1,2019,MOCL
11,201,0.031746032,2019,MOCL
11,226,0.063492063,2019,MOCL
11,232,0.079365079,2019,MOCL
11,240,0.206349206,2019,MOCL
11,246,0.396825397,2019,MOCL
11,256,0.555555556,2019,MOCL
11,261,0.698412698,2019,MOCL
11,270,0.793650794,2019,MOCL
11,277,0.841269841,2019,MOCL
11,285,1,2019,MOCL
12,179,0.008,2019,MOCL
12,201,0.016,2019,MOCL
12,210,0.048,2019,MOCL
12,216,0.072,2019,MOCL
12,226,0.104,2019,MOCL
12,232,0.144,2019,MOCL
12,240,0.24,2019,MOCL
12,246,0.344,2019,MOCL
12,256,0.504,2019,MOCL
12,261,0.664,2019,MOCL
12,270,0.832,2019,MOCL
12,277,0.912,2019,MOCL
12,285,1,2019,MOCL
13,232,0.009174312,2019,MOCL
13,240,0.027522936,2019,MOCL
13,246,0.128440367,2019,MOCL
13,256,0.321100917,2019,MOCL
13,261,0.47706422,2019,MOCL
13,270,0.633027523,2019,MOCL
13,277,0.642201835,2019,MOCL
13,285,1,2019,MOCL
14,189,0.036697248,2019,MOCL
14,201,0.119266055,2019,MOCL
14,210,0.183486239,2019,MOCL
14,216,0.229357798,2019,MOCL
14,226,0.330275229,2019,MOCL
14,232,0.532110092,2019,MOCL
14,240,0.642201835,2019,MOCL
14,246,0.733944954,2019,MOCL
14,256,0.825688073,2019,MOCL
14,261,0.926605505,2019,MOCL
14,270,0.990825688,2019,MOCL
14,285,1,2019,MOCL
15,179,0.007042254,2019,MOCL
15,189,0.014084507,2019,MOCL
15,201,0.077464789,2019,MOCL
15,210,0.091549296,2019,MOCL
15,216,0.154929577,2019,MOCL
15,232,0.161971831,2019,MOCL
15,240,0.232394366,2019,MOCL
15,246,0.345070423,2019,MOCL
15,256,0.436619718,2019,MOCL
15,261,0.626760563,2019,MOCL
15,270,0.816901408,2019,MOCL
15,277,0.85915493,2019,MOCL
15,285,1,2019,MOCL
16,201,0.00862069,2019,MOCL
16,226,0.060344828,2019,MOCL
16,232,0.163793103,2019,MOCL
16,240,0.24137931,2019,MOCL
16,246,0.387931034,2019,MOCL
16,256,0.482758621,2019,MOCL
16,261,0.637931034,2019,MOCL
16,267,0.818965517,2019,MOCL
16,277,0.887931034,2019,MOCL
16,286,1,2019,MOCL
17,201,0.018867925,2019,MOCL
17,240,0.113207547,2019,MOCL
17,246,0.264150943,2019,MOCL
17,256,0.358490566,2019,MOCL
17,261,0.509433962,2019,MOCL
17,267,0.622641509,2019,MOCL
17,277,0.886792453,2019,MOCL
17,286,1,2019,MOCL
18,191,0.014925373,2019,MOCL
18,201,0.037313433,2019,MOCL
18,210,0.059701493,2019,MOCL
18,217,0.097014925,2019,MOCL
18,226,0.111940299,2019,MOCL
18,232,0.179104478,2019,MOCL
18,240,0.291044776,2019,MOCL
18,246,0.395522388,2019,MOCL
18,256,0.425373134,2019,MOCL
18,261,0.664179104,2019,MOCL
18,267,0.768656716,2019,MOCL
18,277,0.917910448,2019,MOCL
18,286,1,2019,MOCL
19,232,0.042553191,2019,MOCL
19,240,0.14893617,2019,MOCL
19,246,0.382978723,2019,MOCL
19,256,0.680851064,2019,MOCL
19,261,0.808510638,2019,MOCL
19,270,0.978723404,2019,MOCL
19,285,1,2019,MOCL
20,203,0.02,2019,MOCL
20,233,0.04,2019,MOCL
20,242,0.08,2019,MOCL
20,247,0.22,2019,MOCL
20,254,0.28,2019,MOCL
20,263,0.58,2019,MOCL
20,268,0.6,2019,MOCL
20,278,0.92,2019,MOCL
20,287,1,2019,MOCL
21,203,0.027027027,2019,MOCL
21,217,0.040540541,2019,MOCL
21,226,0.067567568,2019,MOCL
21,232,0.108108108,2019,MOCL
21,240,0.189189189,2019,MOCL
21,247,0.324324324,2019,MOCL
21,256,0.513513514,2019,MOCL
21,261,0.77027027,2019,MOCL
21,267,0.851351351,2019,MOCL
21,277,0.972972973,2019,MOCL
21,286,1,2019,MOCL
22,232,0.01754386,2019,MOCL
22,240,0.105263158,2019,MOCL
22,247,0.315789474,2019,MOCL
22,256,0.421052632,2019,MOCL
22,261,0.631578947,2019,MOCL
22,267,0.771929825,2019,MOCL
22,277,0.912280702,2019,MOCL
22,286,1,2019,MOCL
23,191,0.037037037,2019,MOCL
23,201,0.074074074,2019,MOCL
23,247,0.259259259,2019,MOCL
23,256,0.37037037,2019,MOCL
23,261,0.740740741,2019,MOCL
23,267,0.851851852,2019,MOCL
23,277,0.962962963,2019,MOCL
23,286,1,2019,MOCL
24,201,0.011494253,2019,MOCL
24,210,0.034482759,2019,MOCL
24,232,0.114942529,2019,MOCL
24,240,0.172413793,2019,MOCL
24,246,0.390804598,2019,MOCL
24,256,0.574712644,2019,MOCL
24,261,0.850574713,2019,MOCL
24,267,0.965517241,2019,MOCL
24,285,1,2019,MOCL
27,191,0.2,2019,MOCL
27,203,0.225,2019,MOCL
27,247,0.425,2019,MOCL
27,254,0.525,2019,MOCL
27,263,0.775,2019,MOCL
27,268,0.825,2019,MOCL
27,278,0.975,2019,MOCL
27,287,1,2019,MOCL
28,191,0.045454545,2019,MOCL
28,217,0.090909091,2019,MOCL
28,233,0.181818182,2019,MOCL
28,242,0.409090909,2019,MOCL
28,247,0.545454545,2019,MOCL
28,254,0.772727273,2019,MOCL
28,263,0.909090909,2019,MOCL
28,278,0.954545455,2019,MOCL
28,287,1,2019,MOCL
29,180,0.028571429,2019,MOCL
29,203,0.085714286,2019,MOCL
29,217,0.114285714,2019,MOCL
29,233,0.2,2019,MOCL
29,242,0.314285714,2019,MOCL
29,247,0.542857143,2019,MOCL
29,254,0.6,2019,MOCL
29,263,0.828571429,2019,MOCL
29,268,0.885714286,2019,MOCL
29,278,0.942857143,2019,MOCL
29,287,1,2019,MOCL
30,203,0.090909091,2019,MOCL
30,217,0.136363636,2019,MOCL
30,232,0.227272727,2019,MOCL
30,254,0.318181818,2019,MOCL
30,263,0.772727273,2019,MOCL
30,268,0.863636364,2019,MOCL
30,278,0.954545455,2019,MOCL
30,287,1,2019,MOCL
31,180,0.040816327,2019,MOCL
31,203,0.102040816,2019,MOCL
31,217,0.142857143,2019,MOCL
31,225,0.163265306,2019,MOCL
31,233,0.244897959,2019,MOCL
31,242,0.346938776,2019,MOCL
31,254,0.551020408,2019,MOCL
31,263,0.693877551,2019,MOCL
31,268,0.836734694,2019,MOCL
31,278,1,2019,MOCL
32,232,0.047058824,2019,MOCL
32,240,0.082352941,2019,MOCL
32,246,0.294117647,2019,MOCL
32,254,0.435294118,2019,MOCL
32,261,0.635294118,2019,MOCL
32,270,0.882352941,2019,MOCL
32,277,0.917647059,2019,MOCL
32,285,1,2019,MOCL
1,216,0.046875,2019,MOSC
1,246,0.078125,2019,MOSC
1,256,0.1875,2019,MOSC
1,261,0.46875,2019,MOSC
1,268,0.59375,2019,MOSC
1,277,0.75,2019,MOSC
1,285,1,2019,MOSC
2,189,0.025974026,2019,MOSC
2,201,0.051948052,2019,MOSC
2,210,0.064935065,2019,MOSC
2,226,0.116883117,2019,MOSC
2,232,0.155844156,2019,MOSC
2,240,0.220779221,2019,MOSC
2,246,0.363636364,2019,MOSC
2,256,0.415584416,2019,MOSC
2,261,0.636363636,2019,MOSC
2,268,0.766233766,2019,MOSC
2,277,0.805194805,2019,MOSC
2,285,1,2019,MOSC
3,201,0.021276596,2019,MOSC
3,232,0.042553191,2019,MOSC
3,240,0.063829787,2019,MOSC
3,246,0.127659574,2019,MOSC
3,256,0.191489362,2019,MOSC
3,261,0.489361702,2019,MOSC
3,268,0.659574468,2019,MOSC
3,277,0.85106383,2019,MOSC
3,285,1,2019,MOSC
4,210,0.020408163,2019,MOSC
4,226,0.06122449,2019,MOSC
4,232,0.081632653,2019,MOSC
4,240,0.183673469,2019,MOSC
4,246,0.224489796,2019,MOSC
4,256,0.306122449,2019,MOSC
4,261,0.591836735,2019,MOSC
4,268,0.714285714,2019,MOSC
4,277,0.795918367,2019,MOSC
4,285,1,2019,MOSC
5,210,0.066666667,2019,MOSC
5,232,0.133333333,2019,MOSC
5,246,0.266666667,2019,MOSC
5,256,0.6,2019,MOSC
5,261,0.733333333,2019,MOSC
5,270,0.933333333,2019,MOSC
5,285,1,2019,MOSC
6,232,0.076923077,2019,MOSC
6,246,0.153846154,2019,MOSC
6,261,0.615384615,2019,MOSC
6,270,0.692307692,2019,MOSC
6,277,0.846153846,2019,MOSC
6,285,1,2019,MOSC
7,201,0.066666667,2019,MOSC
7,210,0.1,2019,MOSC
7,240,0.166666667,2019,MOSC
7,246,0.633333333,2019,MOSC
7,261,0.9,2019,MOSC
7,277,0.966666667,2019,MOSC
7,285,1,2019,MOSC
9,201,0.0625,2019,MOSC
9,232,0.125,2019,MOSC
9,240,0.1875,2019,MOSC
9,246,0.375,2019,MOSC
9,256,0.5,2019,MOSC
9,261,0.6875,2019,MOSC
9,270,0.875,2019,MOSC
9,277,0.9375,2019,MOSC
9,285,1,2019,MOSC
10,226,0.014925373,2019,MOSC
10,232,0.059701493,2019,MOSC
10,240,0.089552239,2019,MOSC
10,246,0.164179104,2019,MOSC
10,256,0.28358209,2019,MOSC
10,261,0.507462687,2019,MOSC
10,270,0.701492537,2019,MOSC
10,277,0.76119403,2019,MOSC
10,285,1,2019,MOSC
11,201,0.052631579,2019,MOSC
11,240,0.078947368,2019,MOSC
11,246,0.210526316,2019,MOSC
11,256,0.315789474,2019,MOSC
11,261,0.578947368,2019,MOSC
11,270,0.894736842,2019,MOSC
11,277,1,2019,MOSC
12,201,0.015873016,2019,MOSC
12,210,0.031746032,2019,MOSC
12,216,0.063492063,2019,MOSC
12,232,0.079365079,2019,MOSC
12,240,0.126984127,2019,MOSC
12,246,0.238095238,2019,MOSC
12,256,0.333333333,2019,MOSC
12,261,0.603174603,2019,MOSC
12,270,0.857142857,2019,MOSC
12,277,0.888888889,2019,MOSC
12,285,1,2019,MOSC
13,210,0.035714286,2019,MOSC
13,240,0.178571429,2019,MOSC
13,246,0.214285714,2019,MOSC
13,256,0.321428571,2019,MOSC
13,261,0.607142857,2019,MOSC
13,270,0.928571429,2019,MOSC
13,277,0.964285714,2019,MOSC
13,285,1,2019,MOSC
14,179,0.025,2019,MOSC
14,189,0.05,2019,MOSC
14,201,0.2,2019,MOSC
14,210,0.25,2019,MOSC
14,216,0.325,2019,MOSC
14,226,0.425,2019,MOSC
14,232,0.575,2019,MOSC
14,240,0.6,2019,MOSC
14,246,0.725,2019,MOSC
14,256,0.85,2019,MOSC
14,261,0.95,2019,MOSC
14,270,1,2019,MOSC
15,179,0.090909091,2019,MOSC
15,201,0.212121212,2019,MOSC
15,216,0.272727273,2019,MOSC
15,240,0.303030303,2019,MOSC
15,246,0.393939394,2019,MOSC
15,256,0.454545455,2019,MOSC
15,261,0.515151515,2019,MOSC
15,270,0.757575758,2019,MOSC
15,277,0.909090909,2019,MOSC
15,285,1,2019,MOSC
18,201,0.083333333,2019,MOSC
18,226,0.166666667,2019,MOSC
18,232,0.208333333,2019,MOSC
18,240,0.25,2019,MOSC
18,246,0.541666667,2019,MOSC
18,261,0.791666667,2019,MOSC
18,267,0.958333333,2019,MOSC
18,277,1,2019,MOSC
20,203,0.083333333,2019,MOSC
20,263,0.583333333,2019,MOSC
20,268,0.666666667,2019,MOSC
20,278,0.916666667,2019,MOSC
20,287,1,2019,MOSC
23,240,0.083333333,2019,MOSC
23,247,0.25,2019,MOSC
23,261,0.583333333,2019,MOSC
23,267,0.833333333,2019,MOSC
23,277,1,2019,MOSC
25,180,0.136363636,2019,MOSC
25,225,0.181818182,2019,MOSC
25,233,0.227272727,2019,MOSC
25,242,0.272727273,2019,MOSC
25,247,0.590909091,2019,MOSC
25,254,0.636363636,2019,MOSC
25,263,0.863636364,2019,MOSC
25,268,0.954545455,2019,MOSC
25,278,1,2019,MOSC
29,203,0.2,2019,MOSC
29,242,0.4,2019,MOSC
29,247,0.5,2019,MOSC
29,254,0.7,2019,MOSC
29,263,0.9,2019,MOSC
29,268,1,2019,MOSC
