herd,month,monitoring_time,sex_of_herd,total_peeps,avgtime,people_present,wewd,int,easting,northing
224,5,46,F,2,13.46666667,11,Weekday,before_management,710134.4119,735170.1012
152,5,67,F,39,16.46666667,156,Weekend,before_management,710213.5846,734870.99
203,7,159,F,22,9.533333333,60,Weekend,before_management,710107.3206,735376.4146
5,7,60,F,2,15.6,91,Weekend,before_management,710274.933,735827.4022
10,7,7,F,2,16.15,21,Weekend,before_management,710333.7925,735801.4933
7,7,22,F,0,16.43333333,85,Weekend,before_management,710419.6039,735871.8955
22,7,22,F,44,16.81666667,91,Weekend,before_management,710373.2457,735846.4162
22,7,71,F,0,9.333333333,2,Weekday,before_management,710168.8159,735297.1937
128,7,17,F,0,10.16666667,7,Weekday,before_management,709979.1898,735628.8727
200,7,42,F,0,10.73333333,21,Weekday,before_management,710693.3618,735328.1444
29,7,25,F,0,9.533333333,0,Weekday,before_management,709979.0129,735367.9038
42,7,114,F,2,10.81666667,16,Weekday,before_management,710003.5719,735509.146
107,7,125,F,12,12.91666667,38,Weekday,before_management,711115.0137,734446.7659
142,7,15,F,0,10.18333333,1,Weekday,before_management,710068.8278,735411.1945
135,7,160,F,4,11.68333333,86,Weekday,before_management,710022.9415,735397.1276
8,7,35,F,0,9.116666667,6,Weekend,before_management,710097.411,735108.8984
137,7,87,F,4,10.46666667,24,Weekend,before_management,710248.3233,735470.5381
216,7,47,F,12,11.68333333,59,Weekend,before_management,710227.1597,735374.6198
65,7,5,F,2,12.28333333,36,Weekend,before_management,710022.874,735484.2179
142,7,65,F,16,13.11666667,77,Weekend,before_management,710103.0253,735173.3178
65,7,62,F,0,16.78333333,6,Weekday,before_management,710258.0245,734929.7929
230,7,38,F,13,16.01666667,29,Weekday,before_management,710126.7206,735217.3693
15,7,7,F,0,15.63333333,7,Weekday,before_management,710369.4933,736052.8276
2,7,62,F,4,16.3,15,Weekday,before_management,710336.4743,735954.9501
7,7,13,F,0,16.98333333,3,Weekday,before_management,710353.6809,735866.1741
21,7,22,F,0,8.966666667,2,Weekend,before_management,710471.5228,735902.8291
95,7,70,F,5,10.93333333,3,Weekend,before_management,710166.847,735452.345
209,7,239,F,20,14.76666667,24,Weekend,before_management,710032.3313,735334.5886
57,7,140,F,0,11.33333333,0,Weekday,before_management,710234.3366,734805.982
120,7,75,F,34,13.36666667,23,Weekday,before_management,710332.3468,734964.8401
227,5,120,F,0,14.08333333,122,Weekday,before_management,710843.0581,735061.6625
29,7,26,F,0,10,0,Weekday,before_management,710154.9646,735219.6378
66,7,7,F,0,10.33333333,2,Weekday,before_management,710062.1209,735258.3212
72,7,25,F,0,10.65,7,Weekday,before_management,710072.0943,735171.0026
130,7,17,F,4,11.13333333,12,Weekday,before_management,710126.0022,735133.2917
149,7,76,F,20,12.28333333,34,Weekday,before_management,710104.7728,735167.9595
179,5,124,F,19,16.2,40,Weekday,before_management,710753.6147,735082.1869
195,5,158,F,15,14.81666667,53,Weekday,before_management,710157.3647,735400.9044
56,5,75,F,0,16.86666667,8,Weekday,before_management,710146.4358,735249.1318
77,5,196,F,0,9.383333333,3,Weekday,before_management,710722.8101,735100.1777
221,5,50,F,0,11.58333333,33,Weekday,before_management,710495.857,735248.4938
165,5,155,F,0,10.45,43,Weekend,before_management,710084.2586,735229.5281
60,5,70,F,7,14.75,58,Weekday,before_management,710029.4444,735163.8928
223,5,78,F,0,9.733333333,57,Weekday,before_management,710725.0185,735195.62
97,5,90,F,0,11.25,22,Weekday,before_management,710902.9037,734888.1533
255,5,252,F,67,15.85,212,Weekday,before_management,710641.6752,735128.7329
6,5,8,F,0,13.9,0,Weekday,before_management,709708.7056,735972.5104
247,5,190,F,14,16.25,46,Weekday,before_management,710762.9351,735184.137
203,5,149,F,92,15.23333333,225,Weekend,before_management,710523.6275,735170.4619
39,5,66,F,0,15.21666667,5,Weekend,before_management,710191.4212,735209.777
158,5,150,F,21,16.75,82,Weekday,before_management,710283.6385,735006.2302
222,5,70,F,2,16.41666667,18,Weekend,before_management,710170.5607,735204.5059
275,5,160,F,8,10.66666667,58,Weekday,before_management,710819.083,735336.521
92,5,205,F,4,10.28333333,38,Weekday,before_management,710250.857,735460.0873
142,6,95,F,0,9.366666667,20,Weekday,before_management,710816.9578,735066.9146
191,6,62,F,0,10.76666667,9,Weekday,before_management,710591.5543,735076.1315
124,6,40,F,0,11.66666667,8,Weekday,before_management,710699.4798,735023.8832
249,6,207,F,9,10.88333333,100,Weekend,before_management,710184.7932,735047.8075
176,6,172,F,19,15.56666667,94,Weekday,before_management,710429.5456,735281.5166
146,6,23,F,2,14.66666667,30,Weekday,before_management,710949.4121,735315.29
95,6,125,F,35,15.95,187,Weekday,before_management,710978.9218,735297.8661
8,6,45,F,0,8.783333333,0,Weekend,before_management,709673.5928,735945.4305
120,6,32,F,0,10.01666667,17,Weekend,before_management,710382.5312,735181.8664
9,6,10,F,6,10.41666667,16,Weekend,before_management,710366.8282,735188.4638
174,6,150,F,20,11.75,146,Weekend,before_management,710416.1468,735189.4359
169,6,147,F,4,10.03333333,20,Weekday,before_management,710180.8963,735359.1768
194,6,58,F,2,11.76666667,8,Weekday,before_management,710317.8674,735386.3976
51,6,21,F,3,12.63333333,4,Weekday,before_management,710296.2648,735322.4617
38,6,80,F,0,8.666666667,0,Weekday,before_management,710083.4932,735229.7247
20,6,46,F,0,9.866666667,2,Weekday,before_management,710168.8097,735110.6891
37,6,30,F,0,10.56666667,2,Weekday,before_management,710108.7774,735268.5184
70,6,7,F,0,10.95,0,Weekday,before_management,710183.0675,735412.6875
136,6,93,F,0,11.96666667,4,Weekday,before_management,710162.6628,735102.3107
2,6,12,F,0,9.066666667,0,Weekend,before_management,710375.0588,735763.9366
84,6,96,F,0,10.3,3,Weekend,before_management,710056.073,735278.5276
134,6,38,F,0,11.56666667,8,Weekend,before_management,710050.0638,735139.522
197,6,61,F,22,12.5,19,Weekend,before_management,710224.3265,735156.4646
208,6,43,F,24,13.31666667,6,Weekend,before_management,710585.2302,735051.1733
70,6,38,F,12,14.05,35,Weekend,before_management,710105.8027,734943.9157
69,6,56,F,25,15.06666667,66,Weekend,before_management,710134.0237,735079.2137
153,6,102,F,38,16.4,120,Weekend,before_management,710184.9038,735286.6431
184,6,128,F,0,13.06666667,17,Weekday,before_management,710204.92,735460.0196
161,6,213,F,0,15.98333333,13,Weekday,before_management,710355.9111,735285.6039
93,6,84,F,0,8.883333333,6,Weekday,before_management,710173.5344,735588.1456
110,6,77,F,0,10.4,6,Weekday,before_management,710130.8008,735411.9804
150,6,37,F,2,11.53333333,8,Weekday,before_management,710339.8714,735232.6862
181,6,61,F,0,12.51666667,12,Weekday,before_management,710392.3819,735153.5066
3,6,24,F,0,8.533333333,0,Weekend,before_management,710996.45,735362.1
97,6,18,F,0,9.5,8,Weekend,before_management,710310.9374,735093.1989
129,6,79,F,0,10.33333333,12,Weekend,before_management,710291.9028,735237.7323
29,6,36,F,0,8.916666667,2,Weekday,before_management,710441.5847,734964.845
40,6,14,F,0,9.366666667,3,Weekday,before_management,710595.9278,735055.9893
57,6,11,F,0,9.633333333,0,Weekday,before_management,710442.0324,735133.6997
74,6,23,F,0,9.966666667,6,Weekday,before_management,710481.0652,735053.6241
96,6,167,F,0,11.61666667,62,Weekday,before_management,710431.8162,735067.5988
4,6,43,F,0,12.63333333,8,Weekday,before_management,710359.7053,735829.7931
13,6,29,F,0,13.25,1,Weekday,before_management,710356.8555,735841.7578
16,6,9,F,0,13.58333333,2,Weekday,before_management,710393.5225,735808.6205
8,6,83,F,0,14.38333333,26,Weekday,before_management,710326.3136,735802.418
180,6,94,F,8,16.1,170,Weekday,before_management,710641.8184,735114.6528
2,6,12,F,0,12.48333333,0,Weekday,before_management,709664.5525,735638.3169
116,6,270,F,18,15.66666667,92,Weekday,before_management,710453.8367,735329.878
63,6,70,F,18,16.16666667,116,Weekend,before_management,710820.7326,735224.351
160,5,183,F,115,14.26666667,480,Weekend,before_management,710273.6274,734915.5597
116,6,11,F,4,16.98333333,50,Weekend,before_management,710809.9856,735091.6375
9,7,25,F,0,12.83333333,13,Weekday,before_management,710235.0897,735575.6916
5,7,10,F,0,13.3,10,Weekday,before_management,710096.8849,735470.3278
160,7,3,F,0,13.71666667,13,Weekday,before_management,710233.5649,735418.028
128,7,131,F,9,14.9,99,Weekday,before_management,710375.8065,735337.0299
46,7,62,F,0,8.583333333,7,Weekday,before_management,710310.013,735611.2723
16,7,25,F,0,9.416666667,5,Weekday,before_management,710324.2673,735384.5475
25,7,81,F,5,10.33333333,14,Weekday,before_management,709985.559,735325.0476
282,5,38,F,17,16.28333333,73,Weekday,before_management,710256.334,734835.5197
151,7,39,F,11,10.7,39,Weekend,management_applied,709972.4483,735448.2467
161,7,23,F,10,16.26666667,58,Weekend,management_applied,710488.5207,735114.4218
4,7,24,F,0,15.76666667,3,Weekday,management_applied,710185.8338,735949.415
97,7,37,F,2,9.533333333,4,Weekday,management_applied,710376.3894,735668.2665
56,7,60,F,0,10.6,7,Weekday,management_applied,710108.8199,735251.1875
10,7,103,F,0,10.13333333,1,Weekday,management_applied,710239.0823,734933.227
10,7,3,F,0,8.55,0,Weekday,management_applied,709918.3242,735244.913
6,7,68,F,0,9.283333333,0,Weekday,management_applied,710117.653,735173.2181
15,7,10,F,0,10,0,Weekday,management_applied,710135.0405,735078.1647
160,7,35,F,0,10.46666667,5,Weekday,management_applied,710143.4968,735102.6839
19,7,9,F,0,11.13333333,5,Weekday,management_applied,710198.7064,734975.0002
160,7,87,F,14,12.06666667,26,Weekday,management_applied,710166.2151,735019.053
136,7,66,F,4,13.38333333,9,Weekday,management_applied,710195.8713,734974.7119
18,7,103,F,0,8.733333333,7,Weekday,management_applied,710258.7809,735764.4243
46,7,18,F,0,9.85,3,Weekday,management_applied,710363.5305,735803.1463
123,7,185,F,25,11.65,97,Weekday,management_applied,710146.382,735342.3525
119,7,38,F,11,13.63333333,55,Weekday,management_applied,710070.6274,735253.967
14,7,23,F,0,8.9,1,Weekend,management_applied,710414.5569,735408.4235
107,7,190,F,11,10.88333333,179,Weekend,management_applied,710299.0218,735368.1703
152,7,80,F,47,13.28333333,239,Weekend,management_applied,710221.7036,735023.707
3,7,141,F,3,16.78333333,178,Weekday,management_applied,710711.1426,735958.1201
58,7,16,F,5,15.58333333,23,Weekday,management_applied,710309.9329,735018.1008
128,7,89,F,12,16.58333333,63,Weekday,management_applied,710441.2628,735054.4075
6,7,43,F,0,16.05,10,Weekday,management_applied,710374.1092,735969.815
9,7,27,F,0,16.68333333,21,Weekday,management_applied,710395.4745,735816.9128
105,7,180,F,8,9.433333333,99,Weekend,management_applied,710327.106,735607.8252
276,5,9,F,0,13.6,5,Weekday,before_management,711275.0465,734995.8503
142,7,43,F,7,11.33333333,62,Weekend,management_applied,710289.8191,735396.8995
193,7,103,F,23,12.65,215,Weekend,management_applied,710233.2296,735413.3422
8,7,133,F,0,9.45,1,Weekday,management_applied,709987.2181,735462.318
39,7,58,F,2,11.11666667,16,Weekday,management_applied,710108.1386,735425.7483
93,7,23,F,0,11.76666667,20,Weekday,management_applied,710120.5753,735252.6008
151,7,93,F,20,12.91666667,89,Weekday,management_applied,710184.8138,735199.0766
168,7,183,F,0,10.11666667,27,Weekday,management_applied,710427.9093,735320.9581
68,7,10,F,0,12.08333333,2,Weekday,management_applied,710281.9462,735374.5642
179,7,47,F,1,12.56666667,26,Weekday,management_applied,710283.2031,735374.9273
72,7,28,F,0,13.26666667,15,Weekday,management_applied,710275.5472,735374.8053
189,5,42,F,0,14.1,27,Weekday,before_management,711103.0839,734972.6802
264,5,11,F,2,14.58333333,13,Weekday,before_management,711092.446,734986.1239
276,5,26,F,4,14.98333333,36,Weekday,before_management,711132.4236,734976.9284
219,5,14,F,0,15.48333333,35,Weekday,before_management,711135.0195,735039.6623
276,5,46,F,4,16.11666667,110,Weekday,before_management,711239.9452,734911.2323
31,5,155,F,0,15.31666667,10,Weekday,before_management,710347.5616,735430.7918
71,5,41,F,0,8.65,2,Weekday,before_management,710535.1251,735225.8252
82,5,145,F,0,10.2,10,Weekday,before_management,710541.1127,735223.2372
100,5,7,F,0,11.5,3,Weekday,before_management,710513.0827,735222.8635
120,5,4,F,0,11.61666667,5,Weekday,before_management,710522.3881,735195.0274
224,5,194,F,20,9.783333333,161,Weekend,before_management,710138.5575,735133.6682
189,5,28,F,0,11.73333333,56,Weekend,before_management,710242.1708,735046.9762
40,5,99,F,0,9.083333333,11,Weekday,before_management,710068.7673,735098.1993
148,5,97,F,0,10.81666667,31,Weekday,before_management,710107.7642,735045.6694
195,5,145,F,8,15.28333333,43,Weekday,before_management,710286.7143,735021.0151
284,5,141,F,3,14.6,24,Weekday,before_management,710263.8777,735115.921
303,5,31,F,0,16.86666667,13,Weekday,before_management,710430.9078,735021.8027
27,5,58,F,0,15.45,22,Weekday,management_applied,710031.4131,735177.6234
242,5,21,F,7,16.23333333,34,Weekday,management_applied,710027.8956,735274.8907
269,5,53,F,15,16.9,43,Weekday,management_applied,709975.1075,735333.5307
98,5,149,F,20,15.51666667,186,Weekend,management_applied,710040.2266,735434.0845
51,5,67,F,105,15.83333333,105,Weekend,management_applied,710134.4536,735205.9479
99,5,143,F,0,9.266666667,3,Weekday,management_applied,710332.7222,735475.1533
242,5,11,F,0,10.71666667,3,Weekday,management_applied,710527.3339,735383.2727
237,5,64,F,9,11.5,36,Weekday,management_applied,710375.6005,735295.9913
86,5,24,F,4,16.03333333,12,Weekday,before_management,710536.7655,735042.1859
173,5,151,F,4,10.16666667,10,Weekday,management_applied,710823.2269,735030.0444
3,5,209,F,0,9.516666667,16,Weekday,management_applied,710261.4689,735778.741
269,5,40,F,0,11.66666667,8,Weekday,management_applied,710117.5654,735158.7464
3,6,38,F,0,8.583333333,1,Weekend,management_applied,710498.0847,736099.7145
242,6,103,F,13,12.16666667,47,Weekend,management_applied,710426.2701,735098.1436
21,6,48,F,0,15.56666667,6,Weekday,management_applied,710142.9857,735419.7116
51,6,34,F,0,16.3,10,Weekday,management_applied,710185.1769,735447.3879
66,6,29,F,0,16.85,6,Weekday,management_applied,710201.246,735436.0347
64,5,21,F,2,16.58333333,8,Weekday,before_management,710568.22,735005.6255
39,6,33,F,0,13.9,67,Weekend,management_applied,710111.7045,735331.2113
29,6,48,F,24,14.65,171,Weekend,management_applied,710029.4801,735100.4101
158,6,26,F,13,15.45,72,Weekend,management_applied,710226.2532,735077.1086
198,6,65,F,55,16.5,225,Weekend,management_applied,710199.268,735183.5832
205,6,227,F,37,11.08333333,293,Weekend,management_applied,710225.9592,734938.8193
1,6,1,F,0,8.533333333,0,Weekday,management_applied,709576.9465,735696.8898
97,6,153,F,0,10.1,30,Weekday,management_applied,710160.368,735568.1137
107,6,26,F,4,11.66666667,10,Weekday,management_applied,710212.0268,735559.8495
139,6,15,F,0,12.06666667,11,Weekday,management_applied,710279.944,735517.2312
62,6,38,F,0,12.61666667,24,Weekday,management_applied,710170.5455,735373.7633
199,6,147,F,0,9.383333333,16,Weekday,management_applied,710355.4115,735389.715
199,6,80,F,9,11.33333333,78,Weekday,management_applied,710118.1746,735375.066
181,6,91,F,10,13.71666667,132,Weekend,management_applied,710298.7197,735096.6177
44,6,102,F,7,15.63333333,224,Weekend,management_applied,710277.4613,735100.0205
38,6,15,F,1,16.75,29,Weekend,management_applied,710278.0007,735099.7361
166,6,95,F,5,13.35,66,Weekday,management_applied,710099.2857,735237.7476
43,6,14,F,0,14.5,8,Weekday,management_applied,710164.8714,735250.8445
56,5,32,F,4,13.8,213,Weekend,before_management,710337.1466,735173.1717
182,6,196,F,15,16.36666667,72,Weekday,management_applied,710206.7563,735238.4797
16,6,37,F,0,9.533333333,5,Weekday,management_applied,709959.3201,735521.5249
68,6,15,F,0,10.36666667,3,Weekday,management_applied,710268.8378,735259.267
149,6,51,F,2,11.15,41,Weekday,management_applied,710188.5413,735263.3326
95,6,45,F,0,10.61666667,14,Weekend,management_applied,710449.3334,735138.4465
82,6,42,F,0,12.1,28,Weekday,management_applied,710107.5438,735302.9121
19,6,42,F,0,8.983333333,0,Weekday,management_applied,710558.1227,735334.7282
35,6,8,F,0,9.666666667,0,Weekday,management_applied,710458.3979,735473.3954
78,5,184,F,50,15.66666667,601,Weekend,before_management,710352.6485,735169.4064
172,6,181,F,0,11.45,30,Weekday,management_applied,710333.4793,735389.0556
163,6,124,F,11,14.2,42,Weekday,management_applied,710400.0664,735235.1518
183,6,17,F,15,15.7,33,Weekday,management_applied,710468.7082,735131.5498
120,6,13,F,8,16.43333333,12,Weekday,management_applied,710453.2571,735098.574
180,6,180,F,10,14.35,197,Weekday,management_applied,710558.0411,735155.984
20,6,20,F,0,16.33333333,42,Weekday,management_applied,710537.6539,735198.2749
25,6,21,F,0,16.76666667,40,Weekday,management_applied,710535.2281,735203.7844
23,5,147,F,5,14.56666667,87,Weekday,before_management,710375.4987,734947.0446
87,6,12,F,0,13.41666667,15,Weekend,management_applied,710164.1574,735204.0738
66,6,36,F,0,14.53333333,85,Weekend,management_applied,710202.7764,735190.108
12,6,72,F,2,15.81666667,111,Weekend,management_applied,710197.0257,735170.9947
131,7,26,F,0,12.66666667,10,Weekday,management_applied,710172.9957,735334.1884
169,7,275,F,38,15.36666667,174,Weekday,management_applied,710130.1308,735366.6284
66,7,137,F,0,9.85,38,Weekday,management_applied,710161.125,735404.7498
130,7,75,F,0,9.7,12,Weekend,management_applied,710056.3641,735508.0845
10,5,145,M,0,8.95,7,Weekday,before_management,712381.1782,734674.603
110,5,40,M,7,10.41666667,33,Weekend,before_management,712295.838,734771.9078
43,7,7,M,1,14.75,21,Weekday,before_management,711410.8909,734828.5636
15,7,57,M,9,15.43333333,31,Weekday,before_management,711056.43,734551.543
40,7,76,M,5,16.75,56,Weekday,before_management,711105.4138,734435.3774
46,7,166,M,105,15.68333333,101,Weekday,before_management,711649.7361,735120.1717
21,7,72,M,73,15.85,106,Weekend,before_management,711659.1782,734469.5998
60,7,40,M,17,16.83333333,25,Weekend,before_management,711623.7667,734383.7116
45,7,205,M,9,10.38333333,64,Weekday,before_management,711878.1866,734484.3632
24,7,16,M,0,12.55,0,Weekday,before_management,711773.2294,734358.5926
38,7,51,M,8,13.36666667,12,Weekday,before_management,710946.8527,734722.8333
15,7,279,M,25,10.46666667,77,Weekday,before_management,711539.6076,734871.4989
41,5,70,M,6,11.41666667,48,Weekend,before_management,712226.8715,734972.1161
15,7,34,M,2,13.13333333,21,Weekday,before_management,711224.496,734688.7841
31,7,17,M,0,13.68333333,5,Weekday,before_management,711293.9078,734464.8417
68,7,315,M,5,11.41666667,54,Weekday,before_management,711938.1544,734402.6517
42,7,22,M,14,15.61666667,14,Weekend,before_management,711890.3066,735047.1003
18,7,11,M,0,15.96666667,6,Weekend,before_management,711900.3863,735080.2863
16,7,50,M,0,16.61666667,2,Weekend,before_management,711625.9661,735058.8726
23,7,21,M,19,15.23333333,40,Weekday,before_management,712334.2681,734706.4586
18,7,12,M,0,15.65,7,Weekday,before_management,712412.5915,734761.1759
41,7,21,M,15,16.08333333,48,Weekday,before_management,712202.6895,734908.7032
63,5,72,M,0,8.683333333,6,Weekday,before_management,712379.2516,734664.5645
51,7,27,M,0,15.58333333,42,Weekday,before_management,711227.6019,734461.8436
58,7,65,M,0,16.45,41,Weekday,before_management,711125.6983,734514.3813
122,5,160,M,13,10.66666667,116,Weekday,before_management,712389.4172,734708.5908
72,5,85,M,0,8.7,13,Weekday,before_management,712244.3369,734966.4852
126,5,150,M,11,10.75,111,Weekday,before_management,712286.0064,734956.1177
22,5,119,M,0,14.23333333,10,Weekday,before_management,712090.8698,735070.0133
12,5,7,M,7,15.55,7,Weekday,before_management,712215.6833,734974.4754
9,5,25,M,0,16.03333333,9,Weekday,before_management,711904.4334,734954.9038
37,5,58,M,10,16.98333333,23,Weekday,before_management,711686.9501,734946.414
110,5,105,M,20,11.16666667,76,Weekday,before_management,712207.808,734976.2284
85,5,40,M,19,13.25,19,Weekend,before_management,711641.2299,734782.6663
42,5,140,M,50,14.75,117,Weekend,before_management,711399.6281,734585.4376
57,5,90,M,0,16.75,23,Weekend,before_management,711656.8563,734522.628
110,5,277,M,94,15.38333333,110,Weekday,before_management,712326.1295,734814.2658
12,5,93,M,0,9.516666667,2,Weekday,before_management,711979.9227,734780.5775
126,5,80,M,23,11.33333333,30,Weekday,before_management,712270.1061,734929.5063
20,5,90,M,0,8.75,4,Weekday,before_management,711903.9186,734729.2396
39,5,200,M,2,11.41666667,30,Weekday,before_management,712340.7216,734733.2974
32,5,57,M,4,8.733333333,9,Weekend,before_management,712239.8967,735037.0426
70,5,62,M,6,9.733333333,42,Weekend,before_management,712298.5667,735003.296
72,5,169,M,79,11.65,199,Weekend,before_management,712291.603,734998.6085
117,5,97,M,2,9.216666667,11,Weekend,before_management,711825.5244,735092.4159
80,5,107,M,0,11,21,Weekend,before_management,711634.1358,734840.8994
25,5,8,M,0,12.06666667,11,Weekend,before_management,711999.3923,734638.4787
63,5,26,M,2,12.78333333,31,Weekend,before_management,711934.5005,734733.0416
31,5,285,M,4,15.61666667,63,Weekday,before_management,711793.9391,735091.8799
104,5,224,M,69,15.7,172,Weekday,before_management,712296.8793,734965.9202
1,6,15,M,0,12.61666667,5,Weekday,before_management,711776.3675,735083.3909
41,6,252,M,25,15.35,72,Weekday,before_management,711787.8818,734558.4944
26,5,82,M,0,8.933333333,1,Weekday,before_management,711891.5597,735244.3411
1,6,18,M,0,13.6,16,Weekend,before_management,712244.1215,734602.1947
4,6,83,M,7,15.3,41,Weekend,before_management,711730.6911,734991.8733
23,6,40,M,0,17,60,Weekend,before_management,711509.7978,734882.4214
67,6,60,M,0,8.583333333,0,Weekday,before_management,712309.8892,734978.6401
99,6,160,M,19,10.46666667,92,Weekday,before_management,712287.5829,734995.3904
99,6,31,M,19,12.51666667,52,Weekday,before_management,712247.3794,734990.9867
51,6,17,M,14,12.05,13,Weekday,before_management,712338.2929,734966.3813
83,6,30,M,0,8.616666667,0,Weekday,before_management,712293.15,734801.4938
65,6,33,M,4,9.15,2,Weekday,before_management,712351.6424,734802.4608
31,6,71,M,0,10.08333333,7,Weekday,before_management,712426.5334,734663.8176
14,6,129,M,1,11.75,29,Weekday,before_management,712419.8158,734654.3877
11,5,63,M,0,10.26666667,5,Weekday,before_management,711938.7769,735182.9808
70,6,227,M,38,16.05,108,Weekend,before_management,711798.4784,734861.3008
20,6,85,M,20,15.28333333,43,Weekday,before_management,712299.1886,734740.8687
40,6,10,M,3,16.46666667,9,Weekday,before_management,712341.3624,734756.9193
34,6,22,M,0,16.93333333,11,Weekday,before_management,712100.9669,734981.1465
87,6,79,M,0,16.85,27,Weekday,before_management,712074.0099,734897.8178
120,6,29,M,9,14.78333333,4,Weekday,before_management,712213.7196,734648.3744
40,6,90,M,20,15.86666667,23,Weekday,before_management,712108.308,734916.0674
45,6,48,M,32,14.73333333,7,Weekend,before_management,712102.0223,735092.2841
9,6,16,M,15,15.36666667,23,Weekend,before_management,711931.8357,735121.7877
13,6,33,M,40,15.85,37,Weekend,before_management,711897.3401,734902.8687
6,6,46,M,0,8.8,0,Weekend,before_management,711688.2071,734421.2744
4,6,31,M,0,9.616666667,1,Weekend,before_management,711771.3172,734371.3765
44,6,28,M,0,9.266666667,5,Weekday,before_management,712006.9647,735026.4524
63,6,14,M,0,9.633333333,2,Weekday,before_management,710274.8305,734759.5696
48,5,35,M,7,11.61666667,24,Weekday,before_management,711916.5356,735052.6509
56,6,11,M,0,10.11666667,21,Weekday,before_management,712068.9886,734931.3102
31,6,24,M,0,10.5,5,Weekday,before_management,711936.9215,735173.5367
13,6,137,M,0,15.35,178,Weekday,before_management,712453.5827,735158.6016
20,6,107,M,141,13.5,251,Weekend,before_management,712332.8543,734939.9229
8,6,19,M,0,14.68333333,30,Weekend,before_management,712246.4836,735027.1873
6,6,62,M,0,15.41666667,70,Weekend,before_management,712193.5503,734985.2034
13,6,116,M,34,16.95,167,Weekend,before_management,712192.7012,735014.9781
22,6,38,M,17,15.01666667,67,Weekday,before_management,712310.6456,734939.7652
14,6,95,M,17,16.23333333,105,Weekday,before_management,712292.8252,734959.7727
93,5,88,M,0,8.9,6,Weekend,before_management,712255.9688,734860.9233
31,6,65,M,0,8.6,3,Weekday,before_management,711910.7038,735208.5253
16,6,7,M,0,9.25,1,Weekday,before_management,711864.1042,735170.6326
26,6,24,M,0,9.583333333,1,Weekday,before_management,712038.3222,735104.3106
39,6,71,M,0,10.4,11,Weekday,before_management,712075.3386,735077.6653
17,6,191,M,0,9.4,25,Weekday,before_management,712172.0794,734962.9443
31,6,186,M,4,9.133333333,74,Weekend,before_management,711903.9655,734824.4222
39,6,50,M,0,11.13333333,14,Weekend,before_management,712164.3277,735004.3033
72,6,132,M,23,12.73333333,101,Weekend,before_management,712174.7133,735011.0378
60,7,123,M,0,8.933333333,11,Weekday,before_management,712153.6692,734906.7491
38,5,20,M,0,9.916666667,9,Weekend,before_management,712294.8135,734763.7532
36,7,43,M,4,10.68333333,27,Weekday,before_management,712261.038,734960.0477
6,7,295,M,7,15.03333333,108,Weekday,before_management,711859.5942,734436.5767
87,7,65,M,76,13.53333333,111,Weekend,before_management,710811.5107,735065.4082
7,7,63,M,6,14.9,52,Weekend,before_management,712141.5443,734738.5175
29,7,110,M,4,16.66666667,48,Weekend,before_management,712053.7043,734845.0419
23,7,350,M,60,11.01666667,167,Weekend,before_management,712085.1051,734825.4252
74,7,3,M,3,13.2,23,Weekday,before_management,711480.9136,734687.996
75,7,123,M,28,14.45,79,Weekday,before_management,711296.3716,734546.6025
46,7,122,M,21,16.68333333,67,Weekday,before_management,711099.0137,734489.796
43,7,114,M,32,13.56666667,64,Weekday,before_management,711605.1133,735056.9788
66,5,140,M,2,9.116666667,55,Weekday,before_management,712297.5226,735072.2523
38,5,28,M,7,11.5,41,Weekday,before_management,712116.7315,735032.3293
7,7,113,M,9,10.3,62,Weekend,management_applied,711922.0489,735024.7888
30,7,122,M,45,12.38333333,128,Weekend,management_applied,711816.7007,735187.8727
5,7,3,M,0,13.56666667,17,Weekend,management_applied,711631.6225,735114.0837
33,7,14,M,24,13.8,55,Weekend,management_applied,711582.4336,734973.7779
36,7,39,M,0,8.683333333,0,Weekday,management_applied,712333.5409,734770.7214
132,7,293,M,19,11.55,102,Weekday,management_applied,712309.5759,734725.5933
2,7,183,M,0,14.71666667,19,Weekday,management_applied,711021.3186,734366.1515
25,7,10,M,1,12.96666667,9,Weekday,management_applied,711701.899,734484.4357
23,5,137,M,17,9.116666667,67,Weekend,before_management,712360.961,735016.5961
14,7,157,M,7,14.41666667,70,Weekday,management_applied,711789.1361,734405.8071
26,7,47,M,0,16.16666667,16,Weekday,management_applied,711813.6529,734395.3906
4,7,129,M,0,16.56666667,8,Weekday,management_applied,711250.9919,734489.3349
18,7,26,M,59,15.63333333,89,Weekday,management_applied,712109.6115,735033.0501
42,7,46,M,5,16.36666667,163,Weekday,management_applied,711798.0147,735098.4303
96,7,46,M,0,16.03333333,80,Weekend,management_applied,711803.3115,734519.9934
4,7,80,M,0,9,2,Weekday,management_applied,711698.8451,734311.075
78,7,193,M,80,11.58333333,306,Weekday,management_applied,712063.676,734971.2338
17,5,83,M,0,11.1,240,Weekend,before_management,712211.459,735081.8541
23,7,10,M,3,13.38333333,11,Weekday,management_applied,712148.4577,734908.1738
7,7,336,M,2,11.2,40,Weekday,management_applied,711067.9864,734356.1245
5,7,180,M,0,9.816666667,7,Weekday,management_applied,711339.2036,734334.9582
7,7,51,M,13,12.05,39,Weekday,management_applied,711683.608,734434.1344
79,7,67,M,5,13.16666667,81,Weekday,management_applied,711791.2548,734975.2622
45,7,58,M,31,16.01666667,160,Weekend,management_applied,712101.9274,735034.0933
2,7,82,M,5,16.23333333,99,Weekday,management_applied,711874.186,734972.0372
5,7,7,M,0,15.55,0,Weekday,management_applied,711157.4916,734358.7955
40,5,94,M,0,8.583333333,0,Weekday,before_management,712385.074,734716.1696
74,5,47,M,0,9.8,3,Weekday,before_management,712366.306,734655.863
135,5,58,M,0,10.76666667,14,Weekday,before_management,712302.8788,734664.2437
72,5,42,M,4,11.65,14,Weekday,before_management,712444.8665,734687.0817
105,5,168,M,29,9.466666667,37,Weekday,before_management,712277.4796,734957.9434
55,5,64,M,9,11.46666667,48,Weekday,before_management,712143.3699,734906.3858
17,5,22,M,0,13.85,10,Weekday,before_management,712112.1516,734699.8725
49,5,9,M,6,10.46666667,69,Weekday,before_management,712035.0978,735079.3855
22,5,54,M,3,14.51666667,28,Weekday,before_management,712161.1377,734674.6637
14,5,134,M,5,16.11666667,77,Weekday,before_management,712203.8948,734689.0313
31,5,34,M,3,13.88333333,93,Weekend,before_management,712487.2313,734619.4732
35,5,18,M,20,14.53333333,72,Weekend,before_management,712347.9704,734598.8506
53,5,128,M,30,14.4,74,Weekday,before_management,712021.5733,734966.5586
71,5,49,M,12,16.48333333,51,Weekday,before_management,712408.4353,734705.2283
17,5,11,M,0,9.083333333,1,Weekday,before_management,712446.0402,734665.6245
55,5,21,M,0,9.433333333,1,Weekday,before_management,712343.7689,734734.3404
89,5,135,M,9,10.91666667,30,Weekday,before_management,712062.2709,735020.1735
45,5,271,M,9,10.21666667,55,Weekday,management_applied,711866.9295,734478.3169
23,5,20,M,0,10.75,14,Weekday,before_management,711931.3967,734983.2098
18,5,14,M,0,12.61666667,5,Weekday,management_applied,711794.4147,734506.4276
17,5,169,M,10,9.933333333,51,Weekend,management_applied,711865.8638,734405.5822
6,5,57,M,0,11.86666667,31,Weekend,management_applied,711904.6889,734350.8356
4,5,32,M,0,12.66666667,7,Weekend,management_applied,711935.7757,734326.2978
4,5,108,M,0,9.266666667,8,Weekend,management_applied,711288.3382,734396.3495
21,5,81,M,0,11,26,Weekend,management_applied,711712.5312,734402.3289
27,5,78,M,4,12.36666667,26,Weekend,management_applied,711696.6553,734414.6092
6,5,69,M,3,14.1,11,Weekday,management_applied,711678.3663,735189.379
5,5,14,M,0,14.81666667,8,Weekday,management_applied,711548.7434,735165.2395
11,5,168,M,38,16.43333333,54,Weekday,management_applied,711494.0059,735013.773
18,5,63,M,11,11.46666667,14,Weekday,before_management,711977.3312,735086.6514
14,5,139,M,3,14.56666667,28,Weekday,management_applied,711262.3489,734483.7699
9,5,59,M,2,16.25,11,Weekday,management_applied,711178.509,734444.6157
20,5,44,M,21,13.98333333,13,Weekday,management_applied,711924.5268,735052.4381
5,5,5,M,0,14.46666667,3,Weekday,management_applied,711963.5932,735109.3155
9,5,38,M,14,14.88333333,21,Weekday,management_applied,711996.8439,735097.3343
13,5,33,M,7,15.55,27,Weekday,management_applied,711942.8834,735050.7182
22,5,35,M,0,16.45,40,Weekday,management_applied,711949.6071,735064.0495
11,6,167,M,15,16.4,145,Weekend,management_applied,712164.2769,735021.0627
42,6,72,M,0,8.75,0,Weekday,management_applied,712255.945,734985.655
27,6,98,M,0,10.35,2,Weekday,management_applied,712109.2007,735104.9927
23,5,30,M,0,8.5,3,Weekday,before_management,712030.2142,734941.8447
47,6,20,M,0,10.2,2,Weekday,management_applied,712086.9191,734967.6722
48,6,18,M,0,10.65,3,Weekday,management_applied,712212.3004,734842.278
76,6,12,M,0,10.93333333,1,Weekday,management_applied,712243.8745,734832.2807
128,6,56,M,4,11.53333333,15,Weekday,management_applied,712331.8172,734688.3607
11,6,48,M,23,12.51666667,24,Weekday,management_applied,712223.3483,734920.9086
43,6,195,M,3,9.783333333,36,Weekend,management_applied,711796.0869,735175.8495
94,6,30,M,20,11.76666667,57,Weekend,management_applied,711914.2451,734997.389
49,6,7,M,13,14.73333333,26,Weekend,management_applied,711646.6726,734988.4242
35,5,14,M,0,8.9,0,Weekday,before_management,711971.696,734974.5855
41,6,13,M,8,15,37,Weekend,management_applied,711493.7209,735000.9751
52,6,126,M,21,16.23333333,371,Weekend,management_applied,711621.0455,734823.8475
102,6,25,M,2,14.95,75,Weekday,management_applied,712130.5158,735055.03
55,6,152,M,18,16.56666667,162,Weekday,management_applied,711730.699,735292.2818
9,6,17,M,0,8.7,3,Weekend,management_applied,712364.807,734659.694
109,6,105,M,12,9.866666667,110,Weekend,management_applied,712296.9,734793.1034
5,6,112,M,0,9.816666667,13,Weekday,management_applied,711761.1751,735100.4304
24,5,83,M,0,9.716666667,0,Weekday,before_management,712012.5427,734962.5235
9,6,45,M,0,15.65,56,Weekday,management_applied,712096.2678,735083.9058
27,6,46,M,0,16.56666667,95,Weekday,management_applied,712098.666,735086.7083
61,6,30,M,12,13.08333333,139,Weekend,management_applied,711576.076,734609.9816
110,6,51,M,28,14.18333333,149,Weekend,management_applied,711595.0544,734827.7248
53,6,35,M,0,15.73333333,38,Weekend,management_applied,711666.2492,735041.6111
45,6,83,M,0,16.88333333,15,Weekend,management_applied,711661.177,735015.5913
11,6,6,M,0,14.53333333,5,Weekday,management_applied,711837.8745,734659.0668
108,6,12,M,4,14.91666667,9,Weekday,management_applied,711638.8147,734677.4307
6,5,26,M,0,10.71666667,19,Weekday,before_management,712049.3305,735074.6002
141,6,169,M,40,16.5,174,Weekday,management_applied,711506.7113,734869.8645
11,6,45,M,0,8.616666667,3,Weekday,management_applied,711507.4579,734759.9527
7,6,2,M,0,9.066666667,0,Weekday,management_applied,711507.4579,734759.9527
63,6,8,M,0,9.816666667,0,Weekday,management_applied,712274.2611,734812.9587
70,6,21,M,0,10.2,7,Weekday,management_applied,712250.4396,734905.0152
89,6,34,M,5,10.71666667,50,Weekday,management_applied,712324.343,734870.5823
11,6,180,M,0,9.5,36,Weekday,management_applied,712449.506,734618.692
82,6,129,M,2,9.916666667,225,Weekend,management_applied,712250.5875,734738.7053
62,7,96,M,0,10.06666667,4,Weekday,management_applied,712052.5389,735034.1532
62,5,12,M,17,11.1,18,Weekday,before_management,711997.0498,735046.2056
19,7,15,M,0,13.2,6,Weekday,management_applied,710089.5996,735271.5867
34,7,37,M,0,13.8,41,Weekday,management_applied,710089.5996,735271.5867
69,7,185,M,42,15.93333333,214,Weekday,management_applied,711977.5981,734752.9076
95,7,48,M,26,13.48333333,80,Weekend,management_applied,712130.8709,734988.0491
22,7,48,M,0,14.45,26,Weekend,management_applied,712125.8871,734998.1452
11,7,23,M,0,15.2,6,Weekend,management_applied,712125.8871,734998.1452
22,7,128,M,0,16.56666667,70,Weekend,management_applied,712031.3201,735040.89
5,7,70,M,0,8.5,28,Weekend,management_applied,712157.5604,735007.9096
