IDnum,PovertyAlleviation,EmploymentOpportunities,EndingCorruptionGreed,SmallBusinessEmpowerment,MeritBasedHiring,EducationAndTraining,JobAttendance,InfoAccessAndTransparency,MonitoringAndAccountability,PoliticalWill,CapitalLoans,CapacityBldgAndTraining,ReliableMarkets
1017361,76.0,High,High,Available,*,*,*,*,*,*,*,*,*
1017361,20.0,High,High,NotAvailable,*,*,*,*,*,*,*,*,*
1017361,78.0,High,Low,Available,*,*,*,*,*,*,*,*,*
1017361,78.0,High,Low,NotAvailable,*,*,*,*,*,*,*,*,*
1017361,20.0,Low,High,Available,*,*,*,*,*,*,*,*,*
1017361,19.0,Low,High,NotAvailable,*,*,*,*,*,*,*,*,*
1017361,58.0,Low,Low,Available,*,*,*,*,*,*,*,*,*
1017361,16.0,Low,Low,NotAvailable,*,*,*,*,*,*,*,*,*
1017361,*,85.0,*,*,High,High,Good,*,*,*,*,*,*
1017361,*,57.0,*,*,High,High,Poor,*,*,*,*,*,*
1017361,*,56.0,*,*,High,Low,Good,*,*,*,*,*,*
1017361,*,*,*,*,High,Low,Poor,*,*,*,*,*,*
1017361,*,10.0,*,*,Low,High,Good,*,*,*,*,*,*
1017361,*,55.0,*,*,Low,High,Poor,*,*,*,*,*,*
1017361,*,57.0,*,*,Low,Low,Good,*,*,*,*,*,*
1017361,*,9.0,*,*,Low,Low,Poor,*,*,*,*,*,*
1017361,*,*,95.0,*,*,*,*,High,Available,High,*,*,*
1017361,*,*,10.0,*,*,*,*,High,Available,Low,*,*,*
1017361,*,*,50.0,*,*,*,*,High,NotAvailable,High,*,*,*
1017361,*,*,8.0,*,*,*,*,High,NotAvailable,Low,*,*,*
1017361,*,*,50.0,*,*,*,*,Low,Available,High,*,*,*
1017361,*,*,51.0,*,*,*,*,Low,Available,Low,*,*,*
1017361,*,*,52.0,*,*,*,*,Low,NotAvailable,High,*,*,*
1017361,*,*,8.0,*,*,*,*,Low,NotAvailable,Low,*,*,*
1017361,*,*,*,78.0,*,*,*,*,*,*,Available,HighQuality,Available
1017361,*,*,*,8.0,*,*,*,*,*,*,Available,HighQuality,NotAvailable
1017361,*,*,*,47.0,*,*,*,*,*,*,Available,LowQuality,Available
1017361,*,*,*,6.0,*,*,*,*,*,*,Available,LowQuality,NotAvailable
1017361,*,*,*,45.0,*,*,*,*,*,*,NotAvailable,HighQuality,Available
1017361,*,*,*,7.0,*,*,*,*,*,*,NotAvailable,HighQuality,NotAvailable
1017361,*,*,*,7.0,*,*,*,*,*,*,NotAvailable,LowQuality,Available
1017361,*,*,*,7.0,*,*,*,*,*,*,NotAvailable,LowQuality,NotAvailable
1019931,99.0,High,High,Available,*,*,*,*,*,*,*,*,*
1019931,20.0,High,High,NotAvailable,*,*,*,*,*,*,*,*,*
1019931,99.0,High,Low,Available,*,*,*,*,*,*,*,*,*
1019931,21.0,High,Low,NotAvailable,*,*,*,*,*,*,*,*,*
1019931,99.0,Low,High,Available,*,*,*,*,*,*,*,*,*
1019931,99.0,Low,High,NotAvailable,*,*,*,*,*,*,*,*,*
1019931,98.0,Low,Low,Available,*,*,*,*,*,*,*,*,*
1019931,99.0,Low,Low,NotAvailable,*,*,*,*,*,*,*,*,*
1019931,*,99.0,*,*,High,High,Good,*,*,*,*,*,*
1019931,*,99.0,*,*,High,High,Poor,*,*,*,*,*,*
1019931,*,20.0,*,*,High,Low,Good,*,*,*,*,*,*
1019931,*,20.0,*,*,High,Low,Poor,*,*,*,*,*,*
1019931,*,98.0,*,*,Low,High,Good,*,*,*,*,*,*
1019931,*,99.0,*,*,Low,High,Poor,*,*,*,*,*,*
1019931,*,98.0,*,*,Low,Low,Good,*,*,*,*,*,*
1019931,*,98.0,*,*,Low,Low,Poor,*,*,*,*,*,*
1019931,*,*,98.0,*,*,*,*,High,Available,High,*,*,*
1019931,*,*,98.0,*,*,*,*,High,Available,Low,*,*,*
1019931,*,*,99.0,*,*,*,*,High,NotAvailable,High,*,*,*
1019931,*,*,99.0,*,*,*,*,High,NotAvailable,Low,*,*,*
1019931,*,*,98.0,*,*,*,*,Low,Available,High,*,*,*
1019931,*,*,98.0,*,*,*,*,Low,Available,Low,*,*,*
1019931,*,*,97.0,*,*,*,*,Low,NotAvailable,High,*,*,*
1019931,*,*,98.0,*,*,*,*,Low,NotAvailable,Low,*,*,*
1019931,*,*,*,98.0,*,*,*,*,*,*,Available,HighQuality,Available
1019931,*,*,*,98.0,*,*,*,*,*,*,Available,HighQuality,NotAvailable
1019931,*,*,*,98.0,*,*,*,*,*,*,Available,LowQuality,Available
1019931,*,*,*,98.0,*,*,*,*,*,*,Available,LowQuality,NotAvailable
1019931,*,*,*,98.0,*,*,*,*,*,*,NotAvailable,HighQuality,Available
1019931,*,*,*,98.0,*,*,*,*,*,*,NotAvailable,HighQuality,NotAvailable
1019931,*,*,*,98.0,*,*,*,*,*,*,NotAvailable,LowQuality,Available
1019931,*,*,*,99.0,*,*,*,*,*,*,NotAvailable,LowQuality,NotAvailable
1095841,19.0,High,High,Available,*,*,*,*,*,*,*,*,*
1095841,20.0,High,High,NotAvailable,*,*,*,*,*,*,*,*,*
1095841,99.0,High,Low,Available,*,*,*,*,*,*,*,*,*
1095841,50.0,High,Low,NotAvailable,*,*,*,*,*,*,*,*,*
1095841,50.0,Low,High,Available,*,*,*,*,*,*,*,*,*
1095841,19.0,Low,High,NotAvailable,*,*,*,*,*,*,*,*,*
1095841,98.0,Low,Low,Available,*,*,*,*,*,*,*,*,*
1095841,48.0,Low,Low,NotAvailable,*,*,*,*,*,*,*,*,*
1095841,*,99.0,*,*,High,High,Good,*,*,*,*,*,*
1095841,*,50.0,*,*,High,High,Poor,*,*,*,*,*,*
1095841,*,51.0,*,*,High,Low,Good,*,*,*,*,*,*
1095841,*,19.0,*,*,High,Low,Poor,*,*,*,*,*,*
1095841,*,52.0,*,*,Low,High,Good,*,*,*,*,*,*
1095841,*,19.0,*,*,Low,High,Poor,*,*,*,*,*,*
1095841,*,19.0,*,*,Low,Low,Good,*,*,*,*,*,*
1095841,*,19.0,*,*,Low,Low,Poor,*,*,*,*,*,*
1095841,*,*,99.0,*,*,*,*,High,Available,High,*,*,*
1095841,*,*,48.0,*,*,*,*,High,Available,Low,*,*,*
1095841,*,*,99.0,*,*,*,*,High,NotAvailable,High,*,*,*
1095841,*,*,50.0,*,*,*,*,High,NotAvailable,Low,*,*,*
1095841,*,*,50.0,*,*,*,*,Low,Available,High,*,*,*
1095841,*,*,19.0,*,*,*,*,Low,Available,Low,*,*,*
1095841,*,*,98.0,*,*,*,*,Low,NotAvailable,High,*,*,*
1095841,*,*,18.0,*,*,*,*,Low,NotAvailable,Low,*,*,*
1095841,*,*,*,98.0,*,*,*,*,*,*,Available,HighQuality,Available
1095841,*,*,*,50.0,*,*,*,*,*,*,Available,HighQuality,NotAvailable
1095841,*,*,*,51.0,*,*,*,*,*,*,Available,LowQuality,Available
1095841,*,*,*,19.0,*,*,*,*,*,*,Available,LowQuality,NotAvailable
1095841,*,*,*,54.0,*,*,*,*,*,*,NotAvailable,HighQuality,Available
1095841,*,*,*,19.0,*,*,*,*,*,*,NotAvailable,HighQuality,NotAvailable
1095841,*,*,*,54.0,*,*,*,*,*,*,NotAvailable,LowQuality,Available
1095841,*,*,*,18.0,*,*,*,*,*,*,NotAvailable,LowQuality,NotAvailable
1062351,31.0,High,High,Available,*,*,*,*,*,*,*,*,*
1062351,98.0,High,High,NotAvailable,*,*,*,*,*,*,*,*,*
1062351,95.0,High,Low,Available,*,*,*,*,*,*,*,*,*
1062351,94.0,High,Low,NotAvailable,*,*,*,*,*,*,*,*,*
1062351,39.0,Low,High,Available,*,*,*,*,*,*,*,*,*
1062351,94.0,Low,High,NotAvailable,*,*,*,*,*,*,*,*,*
1062351,24.0,Low,Low,Available,*,*,*,*,*,*,*,*,*
1062351,38.0,Low,Low,NotAvailable,*,*,*,*,*,*,*,*,*
1062351,*,96.0,*,*,High,High,Good,*,*,*,*,*,*
1062351,*,28.0,*,*,High,High,Poor,*,*,*,*,*,*
1062351,*,96.0,*,*,High,Low,Good,*,*,*,*,*,*
1062351,*,28.0,*,*,High,Low,Poor,*,*,*,*,*,*
1062351,*,95.0,*,*,Low,High,Good,*,*,*,*,*,*
1062351,*,47.0,*,*,Low,High,Poor,*,*,*,*,*,*
1062351,*,96.0,*,*,Low,Low,Good,*,*,*,*,*,*
1062351,*,25.0,*,*,Low,Low,Poor,*,*,*,*,*,*
1062351,*,*,97.0,*,*,*,*,High,Available,High,*,*,*
1062351,*,*,29.0,*,*,*,*,High,Available,Low,*,*,*
1062351,*,*,96.0,*,*,*,*,High,NotAvailable,High,*,*,*
1062351,*,*,48.0,*,*,*,*,High,NotAvailable,Low,*,*,*
1062351,*,*,96.0,*,*,*,*,Low,Available,High,*,*,*
1062351,*,*,95.0,*,*,*,*,Low,Available,Low,*,*,*
1062351,*,*,95.0,*,*,*,*,Low,NotAvailable,High,*,*,*
1062351,*,*,25.0,*,*,*,*,Low,NotAvailable,Low,*,*,*
1062351,*,*,*,96.0,*,*,*,*,*,*,Available,HighQuality,Available
1062351,*,*,*,96.0,*,*,*,*,*,*,Available,HighQuality,NotAvailable
1062351,*,*,*,24.0,*,*,*,*,*,*,Available,LowQuality,Available
1062351,*,*,*,31.0,*,*,*,*,*,*,Available,LowQuality,NotAvailable
1062351,*,*,*,47.0,*,*,*,*,*,*,NotAvailable,HighQuality,Available
1062351,*,*,*,96.0,*,*,*,*,*,*,NotAvailable,HighQuality,NotAvailable
1062351,*,*,*,95.0,*,*,*,*,*,*,NotAvailable,LowQuality,Available
1062351,*,*,*,22.0,*,*,*,*,*,*,NotAvailable,LowQuality,NotAvailable
10510001,98.0,High,High,Available,*,*,*,*,*,*,*,*,*
10510001,98.0,High,High,NotAvailable,*,*,*,*,*,*,*,*,*
10510001,97.0,High,Low,Available,*,*,*,*,*,*,*,*,*
10510001,97.0,High,Low,NotAvailable,*,*,*,*,*,*,*,*,*
10510001,22.0,Low,High,Available,*,*,*,*,*,*,*,*,*
10510001,22.0,Low,High,NotAvailable,*,*,*,*,*,*,*,*,*
10510001,98.0,Low,Low,Available,*,*,*,*,*,*,*,*,*
10510001,20.0,Low,Low,NotAvailable,*,*,*,*,*,*,*,*,*
10510001,*,98.0,*,*,High,High,Good,*,*,*,*,*,*
10510001,*,20.0,*,*,High,High,Poor,*,*,*,*,*,*
10510001,*,98.0,*,*,High,Low,Good,*,*,*,*,*,*
10510001,*,19.0,*,*,High,Low,Poor,*,*,*,*,*,*
10510001,*,98.0,*,*,Low,High,Good,*,*,*,*,*,*
10510001,*,17.0,*,*,Low,High,Poor,*,*,*,*,*,*
10510001,*,17.0,*,*,Low,Low,Good,*,*,*,*,*,*
10510001,*,16.0,*,*,Low,Low,Poor,*,*,*,*,*,*
10510001,*,*,97.0,*,*,*,*,High,Available,High,*,*,*
10510001,*,*,19.0,*,*,*,*,High,Available,Low,*,*,*
10510001,*,*,17.0,*,*,*,*,High,NotAvailable,High,*,*,*
10510001,*,*,18.0,*,*,*,*,High,NotAvailable,Low,*,*,*
10510001,*,*,98.0,*,*,*,*,Low,Available,High,*,*,*
10510001,*,*,16.0,*,*,*,*,Low,Available,Low,*,*,*
10510001,*,*,99.0,*,*,*,*,Low,NotAvailable,High,*,*,*
10510001,*,*,15.0,*,*,*,*,Low,NotAvailable,Low,*,*,*
10510001,*,*,*,98.0,*,*,*,*,*,*,Available,HighQuality,Available
10510001,*,*,*,21.0,*,*,*,*,*,*,Available,HighQuality,NotAvailable
10510001,*,*,*,98.0,*,*,*,*,*,*,Available,LowQuality,Available
10510001,*,*,*,20.0,*,*,*,*,*,*,Available,LowQuality,NotAvailable
10510001,*,*,*,20.0,*,*,*,*,*,*,NotAvailable,HighQuality,Available
10510001,*,*,*,18.0,*,*,*,*,*,*,NotAvailable,HighQuality,NotAvailable
10510001,*,*,*,17.0,*,*,*,*,*,*,NotAvailable,LowQuality,Available
10510001,*,*,*,17.0,*,*,*,*,*,*,NotAvailable,LowQuality,NotAvailable
1017271,49.0,High,High,Available,*,*,*,*,*,*,*,*,*
1017271,49.0,High,High,NotAvailable,*,*,*,*,*,*,*,*,*
1017271,100.0,High,Low,Available,*,*,*,*,*,*,*,*,*
1017271,80.0,High,Low,NotAvailable,*,*,*,*,*,*,*,*,*
1017271,49.0,Low,High,Available,*,*,*,*,*,*,*,*,*
1017271,8.0,Low,High,NotAvailable,*,*,*,*,*,*,*,*,*
1017271,49.0,Low,Low,Available,*,*,*,*,*,*,*,*,*
1017271,24.0,Low,Low,NotAvailable,*,*,*,*,*,*,*,*,*
1017271,*,99.0,*,*,High,High,Good,*,*,*,*,*,*
1017271,*,60.0,*,*,High,High,Poor,*,*,*,*,*,*
1017271,*,49.0,*,*,High,Low,Good,*,*,*,*,*,*
1017271,*,9.0,*,*,High,Low,Poor,*,*,*,*,*,*
1017271,*,49.0,*,*,Low,High,Good,*,*,*,*,*,*
1017271,*,29.0,*,*,Low,High,Poor,*,*,*,*,*,*
1017271,*,47.0,*,*,Low,Low,Good,*,*,*,*,*,*
1017271,*,6.0,*,*,Low,Low,Poor,*,*,*,*,*,*
1017271,*,*,99.0,*,*,*,*,High,Available,High,*,*,*
1017271,*,*,50.0,*,*,*,*,High,Available,Low,*,*,*
1017271,*,*,50.0,*,*,*,*,High,NotAvailable,High,*,*,*
1017271,*,*,19.0,*,*,*,*,High,NotAvailable,Low,*,*,*
1017271,*,*,69.0,*,*,*,*,Low,Available,High,*,*,*
1017271,*,*,18.0,*,*,*,*,Low,Available,Low,*,*,*
1017271,*,*,50.0,*,*,*,*,Low,NotAvailable,High,*,*,*
1017271,*,*,4.0,*,*,*,*,Low,NotAvailable,Low,*,*,*
1017271,*,*,*,70.0,*,*,*,*,*,*,Available,HighQuality,Available
1017271,*,*,*,50.0,*,*,*,*,*,*,Available,HighQuality,NotAvailable
1017271,*,*,*,59.0,*,*,*,*,*,*,Available,LowQuality,Available
1017271,*,*,*,48.0,*,*,*,*,*,*,Available,LowQuality,NotAvailable
1017271,*,*,*,68.0,*,*,*,*,*,*,NotAvailable,HighQuality,Available
1017271,*,*,*,29.0,*,*,*,*,*,*,NotAvailable,HighQuality,NotAvailable
1017271,*,*,*,17.0,*,*,*,*,*,*,NotAvailable,LowQuality,Available
1017271,*,*,*,49.0,*,*,*,*,*,*,NotAvailable,LowQuality,NotAvailable
