Date,tod,Site,Sample_num,Oligochaeta,Polychaete_Capitella,Polychaete_Simplisetia,Polychaete_Phyllodoce,Polychaete_Australonereis,Polychaete_Boccardiella,Diptera_Chironomid,Diptera_Dolichopodid,Diptera_Ceratopogonid,Ceratopogonid_pupae,Diptera_Stratiomyid,Stratiomyid_pupae,Diptera_Ephydridae,Amphipod,Ostracod,Bivalve_Arthritica,Gastropod_Hydrobia,Gastropod_Salinator,Batillariella_estuarina,Diptera adult,Springtails (Collembola),Empididae,Cafius sp, Hydrophilidae,Micronecta_sp,Pupae_Fly sp,Other
19/10/2021,am,NC1,1,80,4,6,0,0,0,97,4,0,0,0,0,0,276,0,7,0,2,0,0,0,0,0,0,0,0,0
19/10/2021,am,NC1,2,12,0,12,0,0,0,55,5,0,0,0,0,0,238,0,0,0,0,0,0,0,0,0,0,0,0,0
19/10/2021,am,NC1,3,22,3,21,0,0,0,61,2,0,0,0,0,0,127,0,7,0,0,0,1,0,0,0,0,0,0,0
19/10/2021,am,NC1,4,13,2,12,0,0,0,15,1,0,0,0,0,0,176,0,1,0,0,0,0,0,0,0,0,0,0,0
19/10/2021,am,NC1,5,7,0,10,0,0,0,38,0,0,0,0,0,0,183,0,0,1,0,0,0,0,0,0,0,0,0,0
9/12/2021,am,NC1,1,6,0,13,0,0,0,46,0,0,0,0,0,0,194,0,0,0,0,0,0,0,0,0,0,0,0,0
9/12/2021,am,NC1,2,2,0,15,0,0,1,79,0,0,0,0,0,0,167,0,5,0,0,0,0,0,0,0,0,0,0,0
9/12/2021,am,NC1,3,0,0,41,0,0,0,34,0,0,0,0,0,0,185,0,1,0,0,0,0,0,0,0,0,0,0,0
9/12/2021,am,NC1,4,0,0,28,0,0,0,15,0,0,0,0,0,0,181,0,0,0,0,0,0,0,0,0,0,0,0,0
9/12/2021,am,NC1,5,4,0,16,0,0,0,16,0,0,0,0,0,0,199,0,0,0,0,0,0,0,0,0,0,0,0,0
9/12/2021,pm,NC1,1,3,0,26,0,0,0,67,0,0,0,0,0,0,207,0,2,0,0,0,0,0,0,0,0,0,0,0
9/12/2021,pm,NC1,2,3,0,40,0,0,0,53,0,0,0,0,0,0,133,0,0,0,0,0,0,0,0,0,0,0,0,0
9/12/2021,pm,NC1,3,0,0,25,0,0,0,36,0,0,0,0,0,0,189,0,0,0,0,0,0,0,0,0,0,0,0,0
9/12/2021,pm,NC1,4,6,0,33,0,0,0,47,0,0,0,0,0,0,194,0,0,0,0,0,0,0,0,0,0,0,0,0
9/12/2021,pm,NC1,5,8,0,8,0,0,0,52,0,0,0,0,0,0,187,0,0,0,0,0,0,0,0,0,0,0,0,0
10/02/2022,pm,NC1,1,0,0,0,0,0,0,153,1,0,0,0,0,0,4,0,0,0,0,0,0,0,0,1,0,0,0,0
10/02/2022,pm,NC1,2,0,0,1,0,0,0,152,0,0,0,0,0,0,5,0,0,0,0,0,0,0,0,0,0,0,0,0
10/02/2022,pm,NC1,3,0,0,0,0,0,0,145,0,0,0,0,0,0,6,0,0,2,0,0,0,0,0,0,0,0,0,0
10/02/2022,pm,NC1,4,0,0,1,0,0,0,177,1,0,0,0,0,0,8,0,0,0,0,0,0,0,0,0,0,0,0,0
10/02/2022,pm,NC1,5,0,0,0,0,0,0,167,0,0,0,0,0,0,7,0,0,0,0,0,0,0,0,0,0,0,0,0
11/02/2022,am,NC1,1,0,0,1,0,0,0,212,0,0,0,0,0,0,3,0,0,0,0,0,0,0,0,0,0,0,0,0
11/02/2022,am,NC1,2,0,0,1,0,0,0,183,0,0,0,0,0,0,2,0,0,0,0,0,0,0,0,0,0,0,0,0
11/02/2022,am,NC1,3,0,0,0,0,0,0,174,2,0,0,0,0,0,5,0,0,2,0,0,0,0,0,0,0,0,0,0
11/02/2022,am,NC1,4,0,0,0,0,0,0,194,2,0,0,0,0,0,3,0,0,0,0,0,0,0,0,0,0,0,0,0
11/02/2022,am,NC1,5,0,0,0,0,0,0,178,1,0,0,0,0,0,8,0,0,0,0,0,0,0,0,0,0,0,0,0
7/03/2022,am,NC1,1,0,0,0,0,0,0,150,0,0,0,0,0,0,17,0,0,1,0,0,1,0,0,0,0,0,0,0
7/03/2022,am,NC1,2,0,0,0,0,0,0,30,0,0,0,0,0,0,41,0,0,0,0,0,0,0,0,0,0,2,0,0
7/03/2022,am,NC1,3,0,0,0,0,0,0,37,0,0,0,0,0,0,39,0,0,0,0,0,0,0,0,0,0,0,0,0
7/03/2022,am,NC1,4,0,0,0,0,0,0,78,0,0,0,0,0,0,90,0,0,0,0,0,0,0,0,0,0,1,0,0
7/03/2022,am,NC1,5,0,0,0,0,0,0,47,0,0,0,0,0,0,45,0,0,0,0,0,0,0,0,0,0,0,0,0
10/03/2022,pm,NC1,1,0,0,3,0,0,0,2,0,0,0,0,0,0,104,0,0,1,0,0,0,0,0,0,0,0,0,0
10/03/2022,pm,NC1,2,0,0,7,0,0,0,4,0,0,0,0,0,0,191,0,0,10,0,0,0,0,0,0,0,0,0,0
10/03/2022,pm,NC1,3,0,0,15,0,0,0,3,0,0,0,0,0,0,133,0,0,0,0,0,0,0,0,0,0,0,0,0
10/03/2022,pm,NC1,4,0,0,3,0,0,0,2,0,0,0,0,0,0,147,0,0,9,0,0,0,0,0,0,0,0,0,0
10/03/2022,pm,NC1,5,0,0,8,0,0,0,3,0,0,0,0,0,0,93,0,0,5,0,13,0,0,0,0,0,0,0,0
12/04/2021,pm,NC2,1,66,1,0,0,0,0,0,0,0,0,0,0,0,1,0,2,0,0,0,0,0,0,0,0,0,2,0
12/04/2021,pm,NC2,2,10,0,8,0,0,0,0,0,0,0,0,0,0,0,0,0,0,0,0,0,0,0,0,0,0,0,0
12/04/2021,pm,NC2,3,190,0,1,0,0,0,0,0,0,0,0,0,0,0,0,0,0,0,0,0,0,0,0,0,0,0,0
12/04/2021,pm,NC2,4,5,0,1,0,0,0,0,0,0,0,0,0,0,0,0,0,0,0,0,0,0,0,0,0,0,0,0
12/04/2021,pm,NC2,5,0,7,40,0,0,0,14,0,0,0,0,0,0,1,0,0,0,0,0,0,0,0,0,0,0,0,0
15/04/2021,am,NC2,1,10,0,0,0,0,0,0,0,0,0,0,0,0,17,0,0,0,0,0,0,0,0,0,0,0,0,0
15/04/2021,am,NC2,2,76,0,4,0,0,0,0,0,0,0,0,0,0,0,0,0,5,0,0,0,0,0,0,0,0,1,0
15/04/2021,am,NC2,3,0,2,10,0,0,0,1,0,0,0,0,0,0,0,0,0,0,0,196,0,0,0,0,0,0,0,0
11/06/2021,am,NC2,1,0,2,0,0,0,0,0,0,0,0,0,0,0,0,0,4,0,0,0,0,0,0,0,0,0,0,0
11/06/2021,am,NC2,2,2,0,0,0,0,0,0,0,0,0,0,0,0,0,0,0,0,0,0,0,0,0,0,0,0,0,0
11/06/2021,am,NC2,3,0,0,0,0,0,0,0,0,0,0,0,0,0,0,0,0,0,0,0,0,0,0,0,0,0,0,0
14/06/2021,pm,NC2,1,38,180,48,0,0,0,90,0,0,0,0,0,0,0,0,3,2,0,0,0,0,0,0,0,0,0,0
14/06/2021,pm,NC2,2,21,15,22,0,0,0,7,0,0,0,0,0,0,12,0,2,0,0,0,0,0,0,0,0,0,0,0
14/06/2021,pm,NC2,3,17,151,43,0,0,0,20,0,0,0,0,0,0,54,0,3,0,0,0,0,0,0,0,0,0,0,0
14/06/2021,pm,NC2,4,4,51,4,0,0,0,1,0,0,0,0,0,0,3,0,0,0,0,0,0,0,0,0,0,0,0,0
14/06/2021,pm,NC2,5,27,39,21,0,0,0,4,0,0,0,0,0,0,7,0,0,0,1,0,0,0,0,0,0,0,0,0
19/08/2021,pm,NC2,1,3,4,4,0,0,0,0,0,0,0,0,0,0,2,0,2,2,0,0,0,0,0,0,0,0,0,0
19/08/2021,pm,NC2,2,1,12,2,0,0,0,0,0,0,0,0,0,0,0,0,4,0,0,0,0,0,0,0,0,0,0,0
19/08/2021,pm,NC2,3,0,0,0,0,0,0,0,0,0,0,0,0,0,0,0,0,0,0,0,0,0,0,0,0,0,0,0
19/08/2021,pm,NC2,4,0,0,0,0,0,0,0,0,0,0,0,0,0,0,0,0,0,0,0,0,0,0,0,0,0,0,0
19/08/2021,pm,NC2,5,1,0,1,0,0,0,0,0,0,0,0,0,0,0,0,0,0,0,0,0,0,0,0,0,0,0,0
23/08/2021,am,NC2,1,0,0,0,0,0,0,0,0,0,0,0,0,0,0,0,0,0,0,0,0,0,0,0,0,0,0,0
23/08/2021,am,NC2,2,0,0,0,0,0,0,0,0,0,0,0,0,0,0,0,0,0,0,0,0,0,0,0,0,0,0,0
23/08/2021,am,NC2,3,0,0,1,0,0,0,0,0,0,0,0,0,0,4,0,0,0,0,3,0,0,0,0,0,0,0,0
23/08/2021,am,NC2,4,1,0,0,0,0,0,0,0,0,0,0,0,0,0,0,0,0,0,0,0,0,0,0,0,0,0,0
23/08/2021,am,NC2,5,0,0,0,0,0,0,0,0,0,0,0,0,0,0,0,0,0,0,0,0,0,0,0,0,0,0,0
14/10/2021,pm,NC2,1,6,0,0,0,0,0,0,0,0,0,0,0,0,0,0,0,0,0,0,1,0,0,0,0,0,0,0
14/10/2021,pm,NC2,2,0,0,0,0,0,0,0,0,0,0,0,0,0,0,0,0,0,0,0,0,0,1,0,0,0,0,0
14/10/2021,pm,NC2,3,0,0,0,0,0,0,0,0,0,0,0,0,0,1,0,0,0,0,0,0,0,0,1,0,0,0,1
18/10/2021,am,NC2,1,7,0,0,0,0,0,0,0,0,0,0,0,0,0,0,0,0,0,0,0,0,0,0,0,0,0,0
18/10/2021,am,NC2,2,0,0,0,0,0,0,0,0,0,0,0,0,0,0,0,0,0,0,0,0,0,0,0,0,0,0,0
18/10/2021,am,NC2,3,8,0,0,0,0,0,0,0,0,0,0,0,0,0,0,0,0,0,0,0,0,0,0,0,0,0,0
3/12/2021,pm,NC2,1,2,0,1,0,0,0,0,0,0,0,0,0,0,1,0,0,0,0,0,0,0,0,0,0,0,0,0
3/12/2021,pm,NC2,2,0,0,0,0,0,0,0,0,0,0,0,0,0,0,0,0,0,0,0,0,0,0,0,0,0,0,0
3/12/2021,pm,NC2,3,52,8,0,0,0,0,0,0,0,0,0,0,0,0,0,0,0,0,0,0,0,0,0,0,0,0,0
3/12/2021,pm,NC2,4,34,2,0,0,0,0,0,0,0,0,0,0,0,7,0,0,0,0,0,0,0,0,0,0,0,0,0
3/12/2021,pm,NC2,5,1,0,0,0,0,0,0,0,0,0,0,0,0,1,0,0,0,0,0,0,0,0,0,0,0,0,0
7/12/2021,am,NC2,1,0,0,0,0,0,0,0,0,0,0,0,0,0,0,0,0,0,0,0,0,2,0,0,0,0,0,0
7/12/2021,am,NC2,2,0,0,0,0,0,0,0,0,0,0,0,0,0,0,0,0,0,0,0,0,16,0,0,0,0,0,0
7/12/2021,am,NC2,3,0,0,0,0,0,0,0,0,0,0,0,0,0,0,0,0,0,0,0,0,3,0,0,0,0,0,0
7/12/2021,am,NC2,4,0,0,2,0,0,0,1,0,0,0,0,0,0,1,0,0,0,0,0,0,2,0,0,0,0,0,0
7/12/2021,am,NC2,5,0,0,5,0,0,0,0,0,0,0,0,0,0,0,0,0,0,0,0,1,1,0,0,0,0,0,0
4/02/2022,am,NC2,1,71,0,0,0,0,0,5,0,0,0,0,0,0,35,0,0,0,0,2,2,0,0,0,0,0,0,0
4/02/2022,am,NC2,2,16,0,27,0,0,0,5,0,0,0,0,0,0,5,0,3,0,0,0,1,0,0,0,0,0,0,0
4/02/2022,am,NC2,3,0,0,4,0,1,0,29,0,0,0,0,0,0,2,0,0,0,0,0,0,0,0,0,0,0,0,0
4/02/2022,am,NC2,4,11,2,9,0,0,0,3,0,0,0,0,0,0,16,0,0,0,0,45,0,0,0,0,0,0,0,0
4/02/2022,am,NC2,5,9,1,0,0,0,0,3,0,0,0,0,0,0,1,0,0,0,0,3,0,0,0,0,0,0,0,0
6/02/2022,pm,NC2,1,93,22,3,0,0,0,47,0,0,0,0,0,0,16,0,0,0,0,0,0,0,0,0,0,0,0,0
6/02/2022,pm,NC2,2,6,2,34,0,0,0,64,0,0,0,0,0,0,42,0,0,0,0,26,0,0,0,0,0,0,0,0
6/02/2022,pm,NC2,3,5,1,33,0,0,0,81,0,0,0,0,0,0,5,0,0,0,0,20,0,0,0,0,0,0,0,0
6/02/2022,pm,NC2,4,0,0,19,0,0,0,15,0,0,0,0,0,0,0,0,0,0,0,0,0,0,0,0,0,0,0,0
6/02/2022,pm,NC2,5,0,0,24,0,0,0,6,0,0,1,0,0,0,17,0,14,0,0,51,0,0,0,0,0,0,0,0
7/03/2022,am,NC2,1,3,0,2,0,0,0,18,0,0,0,0,0,1,2,0,0,0,0,6,0,4,0,0,1,0,0,0
7/03/2022,am,NC2,2,0,0,7,0,0,0,2,0,0,0,0,0,0,1,0,0,0,0,13,0,4,0,0,3,0,0,0
7/03/2022,am,NC2,3,0,0,8,0,0,0,12,0,0,0,0,0,0,13,0,0,0,0,0,1,13,0,0,0,0,0,0
7/03/2022,am,NC2,4,0,0,22,0,0,0,1,0,0,0,0,0,0,0,0,0,0,0,46,0,21,0,0,0,0,0,0
7/03/2022,am,NC2,5,18,0,1,0,0,0,9,0,0,0,0,0,12,0,0,0,0,0,4,0,18,0,0,0,0,0,0
10/03/2022,pm,NC2,1,0,0,3,0,0,0,8,0,0,0,0,0,0,2,0,0,0,0,22,0,0,0,0,0,0,0,0
10/03/2022,pm,NC2,2,0,0,10,0,0,0,12,0,0,0,0,0,0,9,0,0,0,0,52,0,0,0,0,0,0,0,0
10/03/2022,pm,NC2,3,0,0,8,0,0,0,0,0,0,0,0,0,0,0,0,3,0,0,11,0,0,0,0,0,0,0,0
10/03/2022,pm,NC2,4,0,0,1,0,0,0,2,0,0,0,0,0,0,3,0,2,0,0,8,0,0,0,0,0,0,0,0
10/03/2022,pm,NC2,5,0,0,2,0,0,0,32,0,0,0,0,0,4,0,0,0,0,0,6,0,0,0,0,0,0,0,0
13/04/2021,am,NC3,1,3,0,0,0,0,0,1,0,0,0,0,0,0,0,0,0,0,0,0,0,0,0,0,0,0,0,0
13/04/2021,am,NC3,2,0,0,0,0,0,0,0,0,0,0,0,0,0,0,0,0,0,0,0,0,0,0,0,0,0,0,0
13/04/2021,am,NC3,3,3,0,0,0,0,0,5,0,0,0,0,0,0,0,0,0,0,0,0,0,0,0,0,0,0,0,0
13/04/2021,am,NC3,4,2,0,0,0,0,0,1,0,0,0,0,0,0,0,0,0,0,0,0,0,0,0,0,0,0,0,0
13/04/2021,am,NC3,5,0,0,0,0,0,0,2,0,0,0,0,0,0,0,0,0,0,0,0,0,0,0,0,0,0,0,0
16/04/2021,pm,NC3,1,0,0,0,0,0,0,0,0,0,0,0,0,0,0,0,0,0,0,0,0,0,0,0,0,0,0,0
16/04/2021,pm,NC3,2,0,0,0,0,0,0,0,0,0,0,0,0,0,0,0,0,0,0,0,0,0,0,0,0,0,0,0
16/04/2021,pm,NC3,3,0,0,0,0,0,0,0,0,0,0,0,0,0,0,0,0,0,0,0,0,0,0,0,0,0,0,0
16/04/2021,pm,NC3,4,0,0,0,0,0,0,0,0,0,0,0,0,0,0,0,0,0,0,0,0,0,0,0,0,0,0,0
16/04/2021,pm,NC3,5,0,0,0,0,0,0,0,0,0,0,0,0,0,0,0,0,0,0,0,0,0,0,0,0,0,0,0
13/06/2021,am,NC3,1,0,0,0,0,0,0,1,0,0,0,0,0,0,0,0,0,0,0,0,0,0,0,0,0,0,0,0
13/06/2021,am,NC3,2,0,0,0,0,0,0,6,0,0,0,0,0,0,0,0,0,0,0,0,0,0,0,0,0,0,0,0
13/06/2021,am,NC3,3,0,0,0,0,0,0,10,0,0,0,0,0,0,0,0,0,0,0,0,0,0,0,0,0,0,0,0
13/06/2021,am,NC3,4,0,0,0,0,0,0,9,0,0,0,0,0,0,0,0,0,0,0,0,0,0,0,0,0,0,0,0
13/06/2021,am,NC3,5,0,0,0,0,0,0,3,0,0,0,0,0,0,0,0,0,0,0,0,0,0,0,0,0,0,0,0
15/06/2021,pm,NC3,1,0,0,0,0,0,0,0,0,0,0,0,0,0,0,0,0,0,0,0,0,0,0,0,0,0,0,0
15/06/2021,pm,NC3,2,1,0,0,0,0,0,1,0,0,0,0,0,0,0,0,0,0,0,0,0,0,0,0,0,0,0,0
15/06/2021,pm,NC3,3,0,0,0,0,0,0,0,0,0,0,0,0,0,0,0,0,0,0,0,0,0,0,0,0,0,0,0
15/06/2021,pm,NC3,4,0,0,0,0,0,0,1,0,0,0,0,0,0,0,0,0,0,0,0,0,0,0,0,0,0,0,0
15/06/2021,pm,NC3,5,0,0,0,0,0,0,1,0,0,0,0,0,0,0,0,0,0,0,0,0,0,0,0,0,0,0,0
20/08/2021,am,NC3,1,0,0,0,0,0,0,4,0,0,0,0,0,0,0,0,0,0,0,0,0,0,0,0,0,0,0,0
20/08/2021,am,NC3,2,0,0,0,0,0,0,9,0,0,0,0,0,0,0,0,0,0,0,0,0,0,0,0,0,0,0,0
20/08/2021,am,NC3,3,3,0,0,0,0,0,30,0,0,0,0,0,0,1,0,0,0,0,0,0,0,0,0,0,0,0,0
20/08/2021,am,NC3,4,0,0,0,0,0,0,10,0,0,0,0,0,0,0,0,0,0,0,0,0,0,0,0,0,0,0,0
20/08/2021,am,NC3,5,0,0,0,0,0,0,7,0,0,0,0,0,0,0,0,0,0,0,0,0,0,0,0,0,0,0,0
25/08/2021,pm,NC3,1,0,0,0,0,0,0,0,0,0,0,0,0,0,0,0,0,0,0,0,0,0,0,0,0,0,0,0
25/08/2021,pm,NC3,2,2,0,0,0,0,0,16,0,0,0,0,0,0,0,0,0,0,0,0,0,0,0,0,0,0,0,0
25/08/2021,pm,NC3,3,1,4,0,0,0,0,13,0,0,0,0,0,0,0,0,0,0,0,0,0,0,0,0,0,0,0,0
25/08/2021,pm,NC3,4,1,2,0,0,0,0,29,0,1,0,0,0,0,0,0,0,0,0,0,0,0,0,0,0,0,0,0
25/08/2021,pm,NC3,5,3,12,0,0,0,0,24,0,0,0,0,0,0,0,0,0,0,0,0,0,0,0,0,0,0,0,0
15/10/2021,pm,NC3,1,0,0,0,0,0,0,0,0,0,0,0,0,0,0,0,0,0,0,0,0,0,1,0,0,0,0,0
15/10/2021,pm,NC3,2,1,3,0,0,0,0,1,0,0,0,0,0,0,0,0,0,0,0,0,0,0,0,0,0,0,0,0
15/10/2021,pm,NC3,3,32,6,0,0,0,0,1,0,0,0,0,1,0,0,0,0,0,0,0,0,0,0,0,0,0,0,0
15/10/2021,pm,NC3,4,3,4,0,0,0,0,1,0,0,0,0,0,0,0,0,0,0,0,0,0,0,0,0,0,0,0,0
15/10/2021,pm,NC3,5,0,0,0,0,0,0,2,0,0,0,0,0,0,0,0,0,0,0,0,0,0,0,0,0,0,0,0
20/10/2021,am,NC3,1,0,0,0,0,0,0,0,0,0,0,0,0,0,0,0,0,0,0,0,0,0,0,0,0,0,0,0
20/10/2021,am,NC3,2,0,0,0,0,0,0,0,0,0,0,0,0,0,0,0,0,0,0,0,0,0,0,0,0,0,0,0
20/10/2021,am,NC3,3,0,0,0,0,0,0,0,0,0,0,0,0,0,0,0,0,0,0,0,0,0,0,0,0,0,0,0
4/12/2021,pm,NC3,1,0,0,0,0,0,0,1,0,0,0,0,0,0,0,0,0,0,0,0,0,0,0,0,0,0,0,0
4/12/2021,pm,NC3,2,0,0,0,0,0,0,0,0,0,0,0,0,0,0,0,0,0,0,0,0,0,0,0,0,0,0,0
4/12/2021,pm,NC3,3,0,0,0,0,0,0,0,0,0,0,0,0,0,0,0,0,0,0,0,0,0,0,0,0,0,0,0
4/12/2021,pm,NC3,4,0,0,0,0,0,0,0,0,0,0,0,0,0,0,0,0,0,0,0,0,0,0,0,0,0,0,0
4/12/2021,pm,NC3,5,0,0,0,0,0,0,0,0,0,0,0,0,0,0,0,0,0,0,0,0,0,0,0,0,0,0,0
6/12/2021,am,NC3,1,0,0,0,0,0,0,0,0,0,0,0,0,0,0,0,0,0,0,0,1,0,0,0,0,0,0,0
6/12/2021,am,NC3,2,0,0,0,0,0,0,0,0,0,0,0,0,0,0,0,0,0,0,0,0,0,0,0,0,0,0,0
6/12/2021,am,NC3,3,0,0,0,0,0,0,0,0,0,0,0,0,0,0,0,0,0,0,0,0,0,0,0,0,0,0,0
6/12/2021,am,NC3,4,0,0,0,0,0,0,0,0,0,0,0,0,0,0,0,0,0,0,0,1,0,0,0,0,0,0,0
6/12/2021,am,NC3,5,0,0,0,0,0,0,0,0,0,0,0,0,0,0,0,0,0,0,0,0,0,0,0,0,0,0,0
3/02/2022,pm,NC3,1,0,0,0,0,0,0,0,0,0,0,0,0,0,0,0,0,0,0,0,0,0,0,0,0,0,0,0
3/02/2022,pm,NC3,2,0,0,0,0,0,0,0,0,0,0,0,0,0,0,0,0,0,0,0,0,0,0,0,0,0,0,0
3/02/2022,pm,NC3,3,0,0,0,0,0,0,0,0,0,0,0,0,0,0,0,0,0,0,0,0,0,0,0,0,0,0,0
3/02/2022,pm,NC3,4,0,0,0,0,0,0,0,0,0,0,0,0,0,0,0,0,0,0,0,0,0,0,0,0,0,0,0
3/02/2022,pm,NC3,5,0,0,0,0,0,0,0,0,0,0,0,0,0,0,0,0,0,0,0,0,0,0,0,0,0,0,0
7/02/2022,am,NC3,1,0,0,0,0,0,0,21,0,0,0,1,0,0,0,0,0,0,0,0,0,0,0,0,0,0,0,0
7/02/2022,am,NC3,2,1,0,0,0,0,0,13,0,0,0,0,0,0,0,0,0,0,0,0,0,0,0,0,0,0,0,0
7/02/2022,am,NC3,3,0,0,0,0,0,0,12,1,0,0,0,0,0,0,0,0,1,0,0,0,0,0,0,0,0,0,0
7/02/2022,am,NC3,4,0,0,0,0,0,0,7,0,0,0,0,0,0,0,0,0,0,0,0,0,0,0,0,0,0,0,0
7/02/2022,am,NC3,5,1,0,0,0,0,0,38,1,0,0,0,0,0,0,0,0,0,0,0,0,0,0,0,0,0,0,0
7/03/2022,pm,NC3,1,0,0,0,0,0,0,1,0,0,0,0,0,0,0,0,0,0,0,0,0,0,0,0,0,0,0,0
7/03/2022,pm,NC3,2,0,0,0,0,0,0,0,0,0,0,0,0,0,0,0,0,0,0,0,0,0,0,0,0,0,0,0
7/03/2022,pm,NC3,3,0,0,0,0,0,0,0,0,0,0,0,0,0,0,0,0,0,0,0,0,0,0,0,0,0,0,0
7/03/2022,pm,NC3,4,0,0,0,0,0,0,0,0,0,0,0,0,0,0,0,0,0,0,0,0,0,0,0,0,0,0,0
7/03/2022,pm,NC3,5,0,0,0,0,0,0,0,0,0,0,0,0,0,0,0,0,0,0,0,0,0,0,0,0,0,0,0
9/03/2022,am,NC3,1,0,0,0,0,0,0,0,0,0,0,0,0,0,0,0,0,0,0,0,2,0,0,0,0,0,0,0
9/03/2022,am,NC3,2,0,0,0,0,0,0,1,0,0,0,0,0,0,0,0,0,0,0,0,1,0,0,0,0,0,0,0
9/03/2022,am,NC3,3,0,0,0,0,0,0,0,0,0,0,0,0,0,0,0,0,0,0,0,0,0,0,0,0,0,0,0
9/03/2022,am,NC3,4,0,0,0,0,0,0,0,0,0,0,0,0,0,0,0,0,0,0,0,0,0,0,0,0,0,0,0
9/03/2022,am,NC3,5,0,0,0,0,0,0,2,0,0,0,0,0,0,0,0,0,0,0,0,0,0,0,0,0,0,0,0
14/04/2021,pm,SC,1,1,0,0,0,0,0,0,0,0,2,0,0,0,0,0,0,0,0,0,0,0,0,1,0,0,0,0
14/04/2021,pm,SC,2,0,0,0,0,0,0,0,0,0,0,0,0,0,0,0,0,0,0,0,0,0,0,0,0,0,0,0
14/04/2021,pm,SC,3,0,0,0,0,0,0,0,0,0,0,0,0,0,0,0,0,0,0,0,0,0,0,0,0,0,0,0
14/04/2021,pm,SC,4,0,0,0,0,0,0,0,0,0,0,0,0,0,0,0,0,0,0,0,0,0,0,0,0,0,0,0
14/04/2021,pm,SC,5,0,0,0,0,0,0,0,0,0,0,0,0,0,0,0,0,0,0,0,0,0,0,0,0,0,0,0
17/04/2021,am,SC,1,0,2,0,0,0,0,0,1,1,2,0,0,0,0,0,0,0,0,0,0,0,2,0,0,0,0,0
17/04/2021,am,SC,2,0,0,0,0,0,0,0,0,0,0,0,0,0,0,0,0,0,0,0,0,0,0,0,0,0,0,0
17/04/2021,am,SC,3,0,0,0,0,0,0,0,0,0,0,0,0,0,0,0,0,0,0,0,0,0,0,0,0,0,0,0
17/04/2021,am,SC,4,0,0,0,0,0,0,0,0,0,0,0,0,0,0,0,0,0,0,0,0,0,0,0,0,0,0,0
17/04/2021,am,SC,5,0,0,0,0,0,0,1,1,0,0,0,0,0,0,0,0,0,0,0,0,0,0,0,0,0,0,0
10/06/2021,pm,SC,1,0,0,0,0,0,0,1,0,0,0,0,0,0,0,0,0,0,0,0,0,0,0,0,0,0,0,0
10/06/2021,pm,SC,2,0,0,0,0,0,0,2,0,0,0,0,0,0,0,0,0,0,0,0,0,0,0,0,0,0,0,0
10/06/2021,pm,SC,3,0,0,0,0,0,0,2,0,0,0,0,0,0,0,0,0,0,0,0,0,0,0,0,0,0,0,0
10/06/2021,pm,SC,4,0,0,0,0,0,0,1,0,0,1,0,0,0,0,0,0,0,0,0,0,0,0,0,0,0,0,0
10/06/2021,pm,SC,5,0,0,0,0,0,0,2,0,0,0,0,0,0,0,0,0,0,0,0,0,0,0,0,0,0,0,0
15/06/2021,am,SC,1,0,0,0,0,0,0,1,0,0,0,0,0,0,0,0,0,0,0,0,0,0,0,0,0,0,0,0
15/06/2021,am,SC,2,0,0,0,0,0,0,2,0,0,0,0,0,0,0,0,0,0,0,0,0,0,0,0,0,0,0,0
15/06/2021,am,SC,3,0,0,0,0,0,0,0,0,0,0,0,0,0,0,0,0,0,0,0,0,0,0,0,0,0,0,0
15/06/2021,am,SC,4,0,0,0,0,0,0,1,0,0,0,0,0,0,0,0,0,0,0,0,0,0,0,0,0,0,0,0
15/06/2021,am,SC,5,1,0,0,0,0,0,2,0,0,0,0,0,0,0,0,0,0,0,0,0,0,0,0,0,0,0,0
22/08/2021,am,SC,1,0,0,0,0,0,0,1,0,2,0,0,0,0,0,0,0,0,0,0,0,0,0,0,0,0,0,0
22/08/2021,am,SC,2,0,0,0,0,0,0,2,0,0,0,0,0,0,0,0,0,0,0,0,0,0,0,0,0,0,0,0
22/08/2021,am,SC,3,0,1,0,0,0,0,28,0,0,0,0,0,0,0,0,0,0,0,0,0,0,0,0,0,0,0,0
22/08/2021,am,SC,4,0,0,0,0,0,0,2,0,7,0,0,0,0,0,0,0,0,0,0,0,0,0,0,0,0,0,0
22/08/2021,am,SC,5,0,0,0,0,0,0,0,0,1,0,0,0,0,0,0,0,0,0,0,0,0,0,0,0,0,0,0
27/08/2021,pm,SC,1,0,0,0,0,0,0,0,0,2,0,0,0,0,1,0,0,0,0,0,0,0,0,0,0,0,0,0
27/08/2021,pm,SC,2,0,0,0,0,0,0,30,0,11,0,0,0,0,0,0,0,0,0,0,0,0,0,0,0,0,0,0
27/08/2021,pm,SC,3,0,0,0,0,0,0,3,0,4,0,0,0,0,0,0,0,0,0,0,0,0,0,0,0,0,0,0
27/08/2021,pm,SC,4,0,0,0,0,0,0,6,0,5,0,0,0,0,1,0,0,0,0,0,0,0,0,0,0,0,0,0
27/08/2021,pm,SC,5,0,1,0,0,0,0,0,0,3,0,0,0,0,0,0,0,0,0,0,0,0,0,0,0,0,0,0
13/10/2021,pm,SC,1,0,0,0,0,0,0,2,0,0,1,0,0,0,0,0,0,0,0,0,17,0,0,0,0,0,0,0
13/10/2021,pm,SC,2,9,0,0,0,0,0,0,3,0,2,0,0,0,0,0,0,1,0,0,2,0,0,0,0,0,0,0
13/10/2021,pm,SC,3,0,0,0,0,0,0,0,0,0,1,0,0,0,0,0,0,0,0,0,1,0,0,0,0,0,0,0
13/10/2021,pm,SC,4,1,0,0,0,0,0,0,0,0,0,0,0,0,0,0,0,0,0,0,1,0,0,0,0,0,0,0
13/10/2021,pm,SC,5,1,0,0,0,0,0,1,0,0,3,0,0,0,0,0,0,0,0,0,2,0,0,0,0,0,0,0
17/10/2021,am,SC,1,1,0,0,0,0,0,3,0,0,0,0,0,0,0,0,0,0,0,0,0,0,0,0,0,0,0,0
17/10/2021,am,SC,2,1,0,0,0,0,0,0,0,0,0,0,0,0,0,0,0,0,0,0,0,0,0,0,0,0,0,0
17/10/2021,am,SC,3,0,0,0,0,0,0,0,0,6,0,0,0,0,0,0,0,0,0,0,1,0,0,0,0,0,0,0
17/10/2021,am,SC,4,1,0,0,0,0,0,0,0,6,0,0,0,0,0,0,0,0,0,0,0,0,0,0,0,0,0,0
17/10/2021,am,SC,5,1,0,0,0,0,0,1,0,2,0,0,0,0,0,0,0,0,0,0,0,0,0,0,0,0,0,0
5/12/2021,am,SC,1,0,0,0,0,0,0,0,0,1,1,0,0,0,0,0,0,0,0,0,1,0,0,0,0,0,0,0
5/12/2021,am,SC,2,0,0,0,0,0,0,1,0,1,0,0,0,0,0,0,0,0,0,0,0,0,0,0,0,0,0,0
5/12/2021,am,SC,3,0,0,0,0,0,0,0,0,0,2,0,0,0,0,0,0,0,0,0,0,0,0,0,0,0,0,0
5/12/2021,am,SC,4,0,0,0,0,0,0,0,0,0,1,0,0,0,0,0,0,0,0,0,0,0,0,0,0,0,0,0
5/12/2021,am,SC,5,0,0,0,0,0,0,0,0,1,0,0,0,0,0,0,0,0,0,0,0,0,0,0,0,0,0,0
8/12/2021,pm,SC,1,0,0,0,0,0,0,3,0,0,0,0,0,0,1,0,0,0,0,0,1,0,0,0,0,0,0,0
8/12/2021,pm,SC,2,0,0,0,0,0,0,1,0,2,0,0,0,0,0,0,0,0,0,0,1,0,0,0,0,0,0,0
8/12/2021,pm,SC,3,0,0,0,0,0,0,0,0,1,0,0,0,0,0,0,0,0,0,0,0,0,0,0,0,0,0,0
8/12/2021,pm,SC,4,0,0,0,0,0,0,2,0,0,0,0,0,0,0,0,0,0,0,0,0,0,0,0,0,0,0,0
8/12/2021,pm,SC,5,0,0,0,0,0,0,0,0,0,0,0,0,0,0,0,0,0,0,0,0,0,0,0,0,0,0,0
2/02/2022,am,SC,1,0,0,0,0,0,0,1,0,0,0,0,0,0,0,0,0,0,0,0,0,0,0,0,0,0,0,0
2/02/2022,am,SC,2,0,0,0,0,0,0,0,0,0,0,0,0,0,0,0,0,0,0,0,0,0,0,0,0,0,0,0
2/02/2022,am,SC,3,0,0,0,0,0,0,0,0,0,0,0,0,0,0,0,0,0,0,0,0,0,0,0,0,0,0,0
2/02/2022,am,SC,4,0,0,0,0,0,0,0,0,0,0,0,0,0,0,0,0,0,0,0,0,0,0,0,0,0,0,0
2/02/2022,am,SC,5,0,0,0,0,0,0,4,0,0,0,0,0,0,0,0,0,0,0,0,0,0,0,0,0,0,0,0
5/02/2022,pm,SC,1,0,0,0,0,0,0,4,0,0,0,0,0,0,1,0,0,0,0,0,0,0,0,0,0,0,0,0
5/02/2022,pm,SC,2,0,0,0,0,0,0,9,0,0,0,0,0,0,0,0,0,0,0,0,0,0,0,0,0,0,0,0
5/02/2022,pm,SC,3,0,0,0,0,0,0,0,0,0,0,0,0,0,0,0,0,0,0,0,0,0,0,0,0,0,0,0
5/02/2022,pm,SC,4,0,0,0,0,0,0,2,0,0,0,0,0,0,0,0,0,0,0,0,0,0,0,0,0,0,0,0
5/02/2022,pm,SC,5,0,0,0,0,0,0,1,0,0,0,0,0,0,0,0,0,0,0,0,0,0,0,0,0,0,0,0
8/03/2022,pm,SC,1,0,0,0,0,0,0,9,0,0,0,0,0,0,0,0,0,0,0,0,0,0,0,0,0,0,0,0
8/03/2022,pm,SC,2,0,0,0,0,0,0,5,0,0,0,0,0,0,0,0,0,0,0,0,0,0,0,0,0,0,0,0
8/03/2022,pm,SC,3,0,0,0,0,0,0,1,0,0,0,0,0,0,0,0,0,0,0,0,0,0,0,0,0,0,0,0
8/03/2022,pm,SC,4,0,0,0,0,0,0,1,0,0,0,0,0,0,0,0,0,0,0,0,0,0,0,0,0,0,0,0
8/03/2022,pm,SC,5,0,0,0,0,0,0,1,0,0,0,0,0,0,0,0,0,0,0,0,1,0,0,0,0,0,0,0
11/03/2022,am,SC,1,0,0,0,0,0,0,1,0,0,0,0,0,0,0,0,0,0,0,0,0,0,0,0,0,0,0,0
11/03/2022,am,SC,2,0,0,0,0,0,0,0,0,0,0,0,0,0,0,0,0,0,0,0,0,0,0,0,0,0,0,0
11/03/2022,am,SC,3,0,0,0,0,0,0,0,0,0,0,0,0,0,0,0,0,0,0,0,0,0,0,0,0,0,0,0
11/03/2022,am,SC,4,0,0,0,0,0,0,1,0,0,0,0,0,0,0,0,0,0,0,0,0,0,0,0,0,0,0,0
11/03/2022,am,SC,5,0,0,0,0,0,0,1,0,0,0,0,0,0,0,0,0,0,0,0,0,0,0,0,0,0,0,0
13/04/2021,pm,SL1,1,47,87,0,0,0,0,0,0,0,0,0,0,0,0,0,0,4,0,0,0,0,0,0,0,0,0,0
13/04/2021,pm,SL1,2,63,89,0,0,0,0,5,0,6,0,0,0,0,0,0,0,2,0,0,0,0,0,0,0,0,0,0
13/04/2021,pm,SL1,3,7,53,0,0,0,0,42,0,6,0,0,0,0,0,0,0,2,0,0,0,0,0,0,0,0,0,0
13/04/2021,pm,SL1,4,12,31,0,0,0,0,6,0,13,0,0,0,0,0,0,0,0,0,0,0,0,0,0,0,0,0,0
13/04/2021,pm,SL1,5,40,16,0,0,0,0,4,0,2,1,0,0,0,0,0,0,0,0,0,0,0,0,0,0,0,0,0
16/04/2021,am,SL1,1,115,49,0,0,0,0,0,0,6,0,0,0,0,0,0,0,2,0,0,0,0,0,0,0,0,0,0
16/04/2021,am,SL1,2,56,25,0,0,0,0,0,0,6,0,0,0,0,0,0,0,0,0,0,0,0,0,1,0,0,0,0
16/04/2021,am,SL1,3,3,2,0,0,0,0,0,0,0,0,3,0,0,0,0,0,0,0,0,0,0,0,0,0,0,0,0
16/04/2021,am,SL1,4,63,35,0,0,0,0,6,0,1,0,0,0,0,0,0,0,0,0,0,0,0,0,0,0,0,0,0
16/04/2021,am,SL1,5,85,33,0,0,0,0,11,0,15,0,0,0,0,1,0,0,0,1,0,0,0,2,0,0,0,0,0
12/06/2021,pm,SL1,1,5,5,0,0,0,0,0,0,0,0,0,0,0,0,0,0,0,0,0,0,0,0,0,0,0,0,0
12/06/2021,pm,SL1,2,0,0,0,0,0,0,1,0,0,0,0,0,0,0,0,0,0,0,0,0,0,0,0,0,0,0,0
12/06/2021,pm,SL1,3,13,9,0,0,0,0,1,0,0,0,0,0,0,0,0,0,0,0,0,0,0,0,0,0,0,0,0
12/06/2021,pm,SL1,4,0,0,0,0,0,0,0,0,0,0,0,0,0,0,0,0,0,0,0,0,0,0,0,0,0,0,0
12/06/2021,pm,SL1,5,2,9,0,0,0,0,1,0,0,0,0,0,0,0,0,0,0,0,0,0,0,0,0,0,0,0,0
15/06/2021,am,SL1,1,24,7,0,0,0,0,0,1,0,0,0,0,0,0,0,0,0,0,0,0,0,0,0,0,0,0,0
15/06/2021,am,SL1,2,2,0,0,0,0,0,0,0,0,0,0,0,0,0,0,0,0,0,0,0,0,0,0,0,0,0,0
15/06/2021,am,SL1,3,0,0,0,0,0,0,0,0,1,0,0,0,0,0,0,0,0,0,0,0,0,0,0,0,0,0,0
15/06/2021,am,SL1,4,1,0,0,0,0,0,0,0,0,0,0,0,0,0,0,0,0,0,0,0,0,1,0,0,0,0,0
15/06/2021,am,SL1,5,2,0,0,0,0,0,0,0,1,0,0,0,0,0,0,0,0,0,0,0,0,0,0,0,0,0,0
20/08/2021,pm,SL1,1,0,0,0,0,0,0,2,0,0,0,0,0,0,0,0,0,0,0,0,0,0,0,0,0,0,0,0
20/08/2021,pm,SL1,2,2,3,0,0,0,0,17,1,0,0,1,0,0,0,0,0,0,0,0,0,0,0,0,0,0,0,0
20/08/2021,pm,SL1,3,10,0,0,0,0,0,5,0,0,0,0,1,0,0,0,0,0,0,0,0,0,0,0,0,0,0,0
20/08/2021,pm,SL1,4,0,0,0,0,0,0,2,0,3,0,0,1,0,0,0,0,1,0,0,0,0,0,0,0,0,0,0
20/08/2021,pm,SL1,5,2,6,0,0,0,0,32,0,0,0,0,0,0,0,0,0,0,0,0,0,0,0,0,0,0,0,0
24/08/2021,am,SL1,1,0,0,0,0,0,0,0,0,0,0,0,0,0,0,0,0,0,0,0,0,0,0,0,0,0,0,0
24/08/2021,am,SL1,2,0,0,0,0,0,0,5,0,0,0,0,0,0,0,0,0,0,0,0,0,0,0,0,0,0,0,0
24/08/2021,am,SL1,3,0,0,0,0,0,0,13,0,2,0,1,0,0,0,0,0,0,0,0,0,0,0,0,0,0,0,0
24/08/2021,am,SL1,4,0,0,0,0,0,0,37,0,1,0,0,0,0,0,0,0,0,0,0,0,0,0,0,0,0,0,0
24/08/2021,am,SL1,5,0,3,0,0,0,0,3,0,0,0,0,1,0,0,0,0,0,0,0,0,0,0,0,0,0,0,0
14/10/2021,am,SL1,1,0,4,0,0,0,0,0,0,0,0,0,0,0,0,0,0,0,0,0,0,0,0,0,0,0,0,0
14/10/2021,am,SL1,2,2,0,0,0,0,0,0,0,0,0,0,0,0,0,0,0,0,0,0,0,0,0,0,0,0,0,0
14/10/2021,am,SL1,3,21,8,0,0,0,0,0,0,0,1,1,0,0,0,1,0,0,0,0,0,0,0,0,0,0,0,0
14/10/2021,am,SL1,4,3,2,0,0,0,0,0,0,0,0,0,0,0,0,0,0,0,0,0,0,0,0,0,0,0,0,0
14/10/2021,am,SL1,5,8,1,0,0,0,0,0,0,0,0,0,0,0,0,0,0,0,0,0,0,0,0,0,0,0,0,0
18/10/2021,pm,SL1,1,0,0,0,0,0,0,0,0,0,0,0,0,0,0,0,0,0,0,0,0,0,0,0,0,0,0,0
18/10/2021,pm,SL1,2,0,1,0,0,0,0,2,0,0,0,0,0,0,0,8,0,0,0,0,0,0,0,0,0,0,0,0
18/10/2021,pm,SL1,3,0,0,0,0,0,0,0,0,0,0,0,0,0,0,5,0,0,2,0,1,0,1,0,0,0,0,0
18/10/2021,pm,SL1,4,0,1,0,0,0,0,1,0,0,1,0,0,0,0,2,0,0,0,0,0,0,0,0,0,0,0,0
18/10/2021,pm,SL1,5,22,45,0,0,0,0,3,0,0,0,0,0,0,0,0,0,0,0,0,0,0,0,0,0,0,0,0
3/12/2021,am,SL1,1,0,0,0,0,0,0,0,0,0,0,0,0,0,0,0,0,0,0,0,0,0,0,0,0,0,0,0
3/12/2021,am,SL1,2,0,0,0,0,0,0,0,0,0,0,0,0,0,0,0,0,0,0,0,0,0,0,0,0,0,0,0
3/12/2021,am,SL1,3,0,0,0,0,0,0,0,0,0,0,0,0,0,0,0,0,0,0,0,0,0,0,0,0,0,0,0
3/12/2021,am,SL1,4,0,0,0,0,0,0,0,0,0,0,0,0,0,0,0,0,0,0,0,0,0,0,0,0,0,0,0
3/12/2021,am,SL1,5,0,0,0,0,0,0,0,0,0,0,0,0,0,0,0,0,0,0,0,0,0,0,0,0,0,0,0
7/12/2021,pm,SL1,1,0,0,0,0,0,0,0,0,0,0,0,0,0,0,0,0,0,0,0,0,0,0,0,0,0,0,0
7/12/2021,pm,SL1,2,0,0,0,0,0,0,0,0,0,0,0,0,0,0,0,0,0,0,0,0,0,0,0,0,0,0,0
7/12/2021,pm,SL1,3,0,0,0,0,0,0,0,0,0,0,0,0,0,0,0,0,0,0,0,0,0,0,0,0,0,0,0
7/12/2021,pm,SL1,4,0,0,0,0,0,0,0,0,0,0,0,0,0,0,0,0,0,0,0,0,0,0,0,0,0,0,0
7/12/2021,pm,SL1,5,0,0,0,0,0,0,0,0,0,0,0,0,0,0,0,0,0,0,0,0,0,0,0,0,0,0,0
3/02/2022,am,SL1,1,0,0,0,0,0,0,0,0,0,0,0,0,0,0,0,0,0,0,0,0,0,0,0,0,0,0,0
3/02/2022,am,SL1,2,0,0,0,0,0,0,0,0,0,0,0,0,0,0,0,0,0,0,0,0,0,0,0,0,0,0,0
3/02/2022,am,SL1,3,0,0,0,0,0,0,0,0,0,0,0,0,0,0,0,0,0,0,0,0,0,0,0,0,0,0,0
3/02/2022,am,SL1,4,0,0,0,0,0,0,0,0,0,0,0,0,0,0,0,0,0,0,0,0,0,0,0,0,0,0,0
3/02/2022,am,SL1,5,0,0,0,0,0,0,0,0,0,0,0,0,0,0,0,0,0,0,0,0,0,0,0,0,0,0,0
8/02/2022,pm,SL1,1,0,0,0,0,0,0,0,0,0,0,0,0,0,0,0,0,0,0,0,0,0,0,0,0,0,0,0
8/02/2022,pm,SL1,2,0,0,0,0,0,0,0,1,19,0,0,0,0,0,0,0,0,0,0,0,0,0,0,0,0,0,0
8/02/2022,pm,SL1,3,0,0,0,0,0,0,0,0,3,0,0,0,0,0,0,0,0,0,0,0,0,0,0,0,0,0,0
8/02/2022,pm,SL1,4,0,0,0,0,0,0,0,0,0,0,0,0,0,0,0,0,0,0,0,0,0,0,0,0,0,0,0
8/02/2022,pm,SL1,5,0,0,0,0,0,0,0,0,1,0,0,0,0,0,0,0,0,0,0,0,0,0,0,0,0,0,0
6/03/2022,pm,SL1,1,1,2,0,0,0,0,0,0,9,0,0,0,0,0,0,0,0,0,0,0,0,0,0,0,0,0,0
6/03/2022,pm,SL1,2,0,0,0,0,0,0,0,1,0,0,0,0,0,0,0,0,0,0,0,0,0,0,0,0,0,0,0
6/03/2022,pm,SL1,3,0,0,0,0,0,0,0,1,1,0,0,0,0,0,0,0,0,0,0,0,0,0,0,0,0,0,1
6/03/2022,pm,SL1,4,0,0,0,0,0,0,0,0,0,0,1,0,0,0,0,0,0,0,0,0,0,0,0,0,0,0,0
6/03/2022,pm,SL1,5,0,0,0,0,0,0,0,0,1,0,1,0,0,0,0,0,0,0,0,0,0,0,0,0,0,0,0
10/03/2022,am,SL1,1,0,0,0,0,0,0,0,0,0,0,0,0,0,0,0,0,0,0,0,0,0,0,0,0,0,0,0
10/03/2022,am,SL1,2,0,0,0,0,0,0,0,0,0,0,0,0,0,0,0,0,0,0,0,0,0,0,0,0,0,0,0
10/03/2022,am,SL1,3,0,0,0,0,0,0,0,0,0,0,0,0,0,0,0,0,0,0,0,0,0,0,0,0,0,0,0
10/03/2022,am,SL1,4,0,0,0,0,0,0,0,0,0,0,0,0,0,0,0,0,0,0,0,0,0,0,0,0,0,0,0
10/03/2022,am,SL1,5,0,0,0,0,0,0,0,0,0,0,0,0,0,0,0,0,0,0,0,0,0,0,0,0,0,0,0
13/04/2021,pm,SL2,1,0,0,0,0,0,0,1,0,0,0,0,0,0,0,0,0,0,0,0,0,0,0,0,0,0,0,0
13/04/2021,pm,SL2,2,0,0,0,0,0,0,7,0,0,0,0,0,0,0,0,0,0,0,0,0,0,0,0,0,0,0,0
13/04/2021,pm,SL2,3,0,0,0,0,0,0,7,0,0,0,0,0,0,0,0,0,0,0,0,0,0,0,0,0,0,0,0
13/04/2021,pm,SL2,4,1,0,0,0,0,0,1,0,0,0,0,0,0,0,0,0,0,0,0,0,0,0,0,0,0,0,0
13/04/2021,pm,SL2,5,0,0,0,0,0,0,0,0,0,0,0,0,0,0,0,0,0,0,0,0,0,0,0,0,0,0,0
16/04/2021,am,SL2,1,0,0,0,0,0,0,0,0,0,0,0,0,0,0,0,2,0,0,0,0,0,0,0,0,0,0,0
16/04/2021,am,SL2,2,0,0,0,0,0,0,0,0,0,0,0,0,0,0,0,0,0,0,0,0,0,0,0,0,0,0,0
16/04/2021,am,SL2,3,0,0,0,0,0,0,0,0,0,0,0,0,0,0,0,0,0,0,0,0,0,0,0,0,0,0,0
16/04/2021,am,SL2,4,0,0,0,0,0,0,0,0,0,0,0,0,0,0,0,0,0,0,0,0,0,0,0,0,0,0,0
16/04/2021,am,SL2,5,0,0,0,0,0,0,0,0,0,0,0,0,0,0,0,0,0,0,0,0,0,0,0,0,0,0,0
12/06/2021,pm,SL2,1,2,0,0,0,0,0,8,0,0,0,0,0,0,0,0,0,0,0,0,0,0,0,0,0,0,0,0
12/06/2021,pm,SL2,2,0,0,0,0,0,0,0,0,0,0,0,0,0,0,0,0,0,0,0,0,0,0,0,0,0,0,0
12/06/2021,pm,SL2,3,0,0,0,0,0,0,8,0,0,0,0,0,0,0,0,1,0,0,0,0,0,0,0,0,0,0,0
12/06/2021,pm,SL2,4,0,0,0,0,0,0,2,0,0,0,0,0,0,0,0,0,0,0,0,0,0,0,0,0,0,0,0
12/06/2021,pm,SL2,5,0,0,0,0,0,0,2,0,0,0,0,0,0,0,0,0,0,0,0,0,0,0,0,0,0,0,0
16/06/2021,am,SL2,1,1,0,0,0,0,0,7,0,0,0,0,0,0,0,0,0,0,0,0,0,0,0,0,0,0,0,0
16/06/2021,am,SL2,2,0,0,0,0,0,0,8,0,0,0,0,0,0,0,0,0,0,0,0,0,0,0,0,0,0,0,0
16/06/2021,am,SL2,3,0,0,0,0,0,0,4,0,0,0,0,0,0,0,0,0,0,0,0,0,0,0,0,0,0,0,0
16/06/2021,am,SL2,4,0,0,0,0,0,0,6,0,0,0,0,0,0,0,0,0,0,0,0,0,0,0,0,0,0,0,0
16/06/2021,am,SL2,5,0,0,0,0,0,0,5,0,0,1,0,0,0,0,0,0,0,0,0,0,0,0,0,0,0,0,0
21/08/2021,am,SL2,1,0,2,0,0,0,0,4,0,0,0,0,0,0,0,0,0,0,0,0,2,0,0,0,0,0,0,0
21/08/2021,am,SL2,2,0,0,0,0,0,0,1,0,1,0,0,0,0,0,0,0,0,0,0,0,0,0,0,0,0,0,0
21/08/2021,am,SL2,3,0,1,0,0,0,0,5,0,0,0,0,0,0,0,0,0,0,0,0,0,0,0,0,0,0,0,0
21/08/2021,am,SL2,4,0,0,0,0,0,0,3,0,0,0,0,0,0,0,0,0,0,0,0,0,0,0,0,0,0,0,0
21/08/2021,am,SL2,5,5,0,0,0,0,0,5,0,0,0,0,0,0,0,0,0,0,0,0,0,0,0,0,0,0,0,0
23/08/2021,pm,SL2,1,0,0,0,0,0,0,5,0,0,0,0,0,0,0,0,0,0,0,0,0,0,0,0,0,0,0,0
23/08/2021,pm,SL2,2,0,0,0,0,0,0,0,0,0,0,0,0,0,0,0,0,0,0,0,0,0,0,0,0,0,0,0
23/08/2021,pm,SL2,3,0,0,0,0,0,0,1,0,0,0,0,0,0,0,0,0,0,0,0,0,0,0,0,0,0,0,0
23/08/2021,pm,SL2,4,0,0,0,0,0,0,0,0,0,0,0,0,0,0,0,0,0,0,0,0,0,0,0,0,0,0,0
23/08/2021,pm,SL2,5,0,0,0,0,0,0,0,0,0,0,0,0,0,0,0,0,0,0,0,0,0,0,0,0,0,0,0
16/10/2021,pm,SL2,1,0,0,0,0,0,0,0,0,0,0,0,0,0,0,0,0,0,0,0,0,0,0,0,0,0,0,0
16/10/2021,pm,SL2,2,0,0,0,0,0,0,0,0,0,0,0,0,0,0,0,0,0,0,0,0,0,0,0,0,0,0,0
16/10/2021,pm,SL2,3,0,0,0,0,0,0,0,0,0,0,0,0,0,0,0,0,0,0,0,0,0,0,0,0,0,0,0
16/10/2021,pm,SL2,4,3,0,0,0,0,0,0,1,0,0,0,0,0,0,0,0,0,0,0,2,0,0,0,0,0,0,0
16/10/2021,pm,SL2,5,0,0,0,0,0,0,0,0,0,0,0,0,0,0,0,0,0,0,0,0,0,0,0,0,0,0,0
21/10/2021,am,SL2,1,0,0,0,0,0,0,0,0,0,0,0,0,0,0,0,0,0,0,0,0,0,0,0,0,0,0,0
21/10/2021,am,SL2,2,0,0,0,0,0,0,0,0,0,0,0,0,0,0,0,0,0,0,0,0,0,0,0,0,0,0,0
21/10/2021,am,SL2,3,0,0,0,0,0,0,1,0,0,0,0,0,0,0,0,0,0,0,0,1,0,0,0,0,0,0,0
21/10/2021,am,SL2,4,0,0,0,0,0,0,0,0,0,0,0,0,0,0,0,0,0,0,0,1,0,0,0,0,0,0,0
21/10/2021,am,SL2,5,0,0,0,0,0,0,0,0,0,0,0,0,0,0,0,0,0,0,0,0,0,0,0,0,0,0,0
5/12/2021,pm,SL2,1,0,0,0,0,0,0,0,0,0,0,0,0,0,0,0,0,0,0,0,108,0,0,0,0,0,0,0
5/12/2021,pm,SL2,2,0,0,0,0,0,0,0,0,0,0,0,0,0,0,0,0,0,0,0,0,0,0,0,0,0,0,0
5/12/2021,pm,SL2,3,0,0,0,0,0,0,0,0,0,0,0,0,0,0,0,0,0,0,0,3,0,0,0,0,0,0,0
5/12/2021,pm,SL2,4,0,0,0,0,0,0,0,0,0,0,0,0,0,0,0,0,0,0,0,6,0,0,0,0,0,0,0
5/12/2021,pm,SL2,5,0,0,0,0,0,0,0,0,0,0,0,0,0,0,0,0,0,0,0,0,0,0,0,0,0,0,0
8/12/2021,am,SL2,1,0,0,0,0,0,0,0,0,0,0,0,0,0,0,0,0,0,0,0,1,0,0,0,0,0,0,0
8/12/2021,am,SL2,2,0,0,0,0,0,0,0,0,0,0,0,0,0,0,0,0,0,0,0,0,0,0,0,0,0,0,0
8/12/2021,am,SL2,3,0,0,0,0,0,0,0,0,0,0,0,0,0,0,0,0,0,0,0,2,0,0,0,0,0,0,0
8/12/2021,am,SL2,4,0,0,0,0,0,0,0,0,0,0,0,0,0,0,0,0,0,0,0,3,0,0,0,0,0,0,0
8/12/2021,am,SL2,5,0,0,0,0,0,0,0,0,0,0,0,0,0,0,0,0,0,0,0,8,0,0,0,0,0,0,0
5/02/2022,am,SL2,1,0,0,0,0,0,0,20,0,0,0,0,0,0,0,0,0,0,0,0,0,0,0,0,0,0,0,0
5/02/2022,am,SL2,2,0,0,0,0,0,0,14,0,0,0,0,0,0,0,0,0,0,0,0,0,0,0,0,0,0,0,0
5/02/2022,am,SL2,3,0,0,0,0,0,0,10,0,0,0,0,0,0,0,0,0,0,0,0,0,0,0,0,0,0,0,0
5/02/2022,am,SL2,4,0,0,0,0,0,0,24,0,0,0,0,0,0,1,0,0,0,0,0,0,0,0,0,0,0,0,0
5/02/2022,am,SL2,5,0,0,0,0,0,0,9,0,0,0,0,0,0,0,0,0,0,0,0,0,0,0,0,0,0,0,0
7/02/2022,pm,SL2,1,0,0,0,0,0,0,17,0,0,0,0,0,0,0,0,0,0,0,0,0,0,0,0,0,0,0,0
7/02/2022,pm,SL2,2,0,0,0,0,0,0,26,0,0,0,0,0,0,0,0,0,0,0,0,0,0,0,0,0,0,0,0
7/02/2022,pm,SL2,3,0,0,0,0,0,0,27,0,0,0,0,0,0,0,0,0,0,0,0,0,0,0,0,0,0,0,0
7/02/2022,pm,SL2,4,0,0,0,0,0,0,20,0,0,0,0,0,0,0,0,0,0,0,0,0,0,0,0,0,0,0,0
7/02/2022,pm,SL2,5,0,0,0,0,0,0,19,0,0,0,0,0,0,0,0,0,0,0,0,0,0,0,0,0,0,0,0
8/03/2022,am,SL2,1,0,0,0,0,0,0,1,0,0,0,0,0,0,0,0,0,0,0,0,0,0,0,0,0,0,0,0
8/03/2022,am,SL2,2,0,0,0,0,0,0,0,0,0,0,0,0,0,0,0,0,0,0,0,0,0,0,0,0,0,0,0
8/03/2022,am,SL2,3,0,0,0,0,0,0,0,0,0,0,0,0,0,0,0,0,0,0,0,0,0,0,0,0,0,0,0
8/03/2022,am,SL2,4,0,0,0,0,0,0,0,0,0,0,0,0,0,0,0,0,0,0,0,0,0,0,0,0,0,0,0
8/03/2022,am,SL2,5,0,0,0,0,0,0,0,0,0,0,0,0,0,0,0,0,0,0,0,0,0,0,0,0,0,0,0
9/03/2022,pm,SL2,1,0,0,0,0,0,0,0,0,0,0,0,0,0,0,0,0,0,0,0,0,0,0,0,0,0,0,0
9/03/2022,pm,SL2,2,0,0,0,0,0,0,0,0,0,0,0,0,0,0,0,0,0,0,0,0,0,0,0,0,0,0,0
9/03/2022,pm,SL2,3,0,0,0,0,0,0,1,0,0,0,0,0,0,0,0,0,0,0,0,0,0,0,0,0,0,0,0
9/03/2022,pm,SL2,4,0,0,0,0,0,0,0,0,0,0,0,0,0,0,0,0,0,0,0,0,0,0,0,0,0,0,0
9/03/2022,pm,SL2,5,0,0,0,0,0,0,1,0,0,0,0,0,0,0,0,0,0,0,0,0,0,0,0,0,0,0,0
14/04/2021,am,SL3,1,0,0,0,0,0,0,4,0,1,0,0,0,0,0,0,0,0,0,0,0,0,0,0,0,0,0,0
14/04/2021,am,SL3,2,0,0,0,0,0,0,0,0,0,0,0,1,0,0,0,0,0,0,0,0,0,0,0,0,0,0,0
14/04/2021,am,SL3,3,0,0,0,0,0,0,8,0,1,0,5,1,0,0,0,0,0,0,0,1,0,0,0,0,0,0,0
14/04/2021,am,SL3,4,0,0,0,0,0,0,1,0,1,0,3,2,0,0,0,0,0,0,0,0,0,0,0,0,0,0,0
14/04/2021,am,SL3,5,0,0,0,0,0,0,1,0,0,0,0,0,0,0,0,0,0,0,0,0,0,0,0,0,0,0,0
17/04/2021,pm,SL3,1,0,0,0,0,0,0,2,0,1,1,5,3,0,0,0,0,1,0,0,1,0,0,0,0,0,0,0
17/04/2021,pm,SL3,2,1,0,0,0,0,0,0,0,0,0,32,6,0,0,0,0,0,0,0,1,0,0,0,0,0,0,0
17/04/2021,pm,SL3,3,0,0,0,0,0,0,1,3,1,4,13,3,0,0,0,0,1,0,0,5,0,0,0,0,0,0,1
17/04/2021,pm,SL3,4,0,2,0,0,0,0,0,1,0,6,13,4,0,0,0,0,0,0,0,1,0,0,0,0,0,0,0
17/04/2021,pm,SL3,5,0,0,0,0,0,0,0,0,0,0,1,3,0,0,0,0,0,1,0,14,0,0,0,0,0,0,0
12/06/2021,am,SL3,1,51,5,0,0,0,0,19,1,13,0,35,0,0,0,0,0,0,0,0,0,0,0,0,0,0,0,0
12/06/2021,am,SL3,2,19,0,0,0,0,0,36,0,0,0,7,0,0,0,0,0,0,0,0,0,0,0,0,0,0,0,0
12/06/2021,am,SL3,3,143,8,0,0,0,0,58,0,0,0,8,1,0,0,0,0,0,0,0,0,0,2,0,0,0,0,0
12/06/2021,am,SL3,4,98,0,0,0,0,0,113,1,7,0,1,1,0,0,0,0,0,0,0,0,0,0,0,0,0,0,0
12/06/2021,am,SL3,5,119,0,0,0,0,0,152,1,2,0,11,2,0,0,0,0,0,0,0,0,0,0,0,0,0,0,0
16/06/2021,pm,SL3,1,0,0,0,0,0,0,10,0,0,0,31,0,0,0,0,0,0,0,0,0,0,0,0,0,0,0,0
16/06/2021,pm,SL3,2,0,0,0,0,0,0,1,0,1,0,10,0,0,0,0,0,0,0,0,0,0,0,0,0,0,0,0
16/06/2021,pm,SL3,3,7,0,0,0,0,0,25,1,2,0,21,0,0,0,0,0,0,0,0,0,0,0,0,0,0,0,0
16/06/2021,pm,SL3,4,0,0,0,0,0,0,71,1,8,0,17,0,0,0,0,0,0,0,0,0,0,0,0,0,0,0,0
16/06/2021,pm,SL3,5,2,0,0,0,0,0,37,1,9,0,3,1,0,0,0,0,0,0,0,0,0,0,0,0,0,0,0
21/08/2021,pm,SL3,1,0,0,0,0,0,0,0,0,0,0,0,0,0,0,0,0,0,0,0,0,0,0,0,0,0,0,0
21/08/2021,pm,SL3,2,0,0,0,0,0,0,0,0,0,0,0,0,0,0,0,0,0,0,0,0,0,0,0,0,0,0,0
21/08/2021,pm,SL3,3,6,0,0,0,0,0,121,3,4,0,0,0,0,3,0,0,0,0,0,0,0,0,0,0,0,0,0
21/08/2021,pm,SL3,4,1,0,0,0,0,0,4,1,0,0,1,0,0,0,0,0,0,0,0,0,0,0,0,0,0,0,0
21/08/2021,pm,SL3,5,1,0,0,0,0,0,56,0,3,0,0,0,0,0,0,0,0,0,0,0,0,0,0,0,0,0,0
26/08/2021,am,SL3,1,0,0,0,0,0,0,8,0,0,0,0,1,0,0,0,0,0,0,0,0,0,0,0,0,0,0,0
26/08/2021,am,SL3,2,0,0,0,0,0,0,1,0,0,0,0,0,0,0,0,0,0,0,0,0,0,0,0,0,0,0,0
26/08/2021,am,SL3,3,0,0,0,0,0,0,2,0,0,0,11,0,0,0,0,0,0,0,0,0,0,0,0,0,0,0,0
26/08/2021,am,SL3,4,0,0,0,0,0,0,50,1,2,0,4,0,0,0,0,0,0,0,0,0,0,0,0,0,0,0,0
26/08/2021,am,SL3,5,0,0,0,0,0,0,11,0,0,0,1,0,0,0,0,0,0,0,0,0,0,0,0,0,0,0,0
16/10/2021,am,SL3,1,0,0,0,0,0,0,0,0,1,0,0,0,0,0,0,0,0,0,0,0,0,0,0,0,0,0,0
16/10/2021,am,SL3,2,0,0,0,0,0,0,1,1,0,0,33,0,0,0,0,0,0,0,0,0,0,0,0,0,0,0,0
16/10/2021,am,SL3,3,0,0,0,0,0,0,1,2,0,0,7,0,0,0,0,0,0,0,0,0,0,0,0,0,0,0,0
16/10/2021,am,SL3,4,4,0,0,0,0,0,0,1,0,0,9,2,0,0,0,0,0,0,0,0,0,0,0,0,0,0,0
16/10/2021,am,SL3,5,2,0,0,0,0,0,1,1,1,4,11,0,0,0,0,0,0,0,0,0,0,0,0,0,0,0,0
19/10/2021,pm,SL3,1,0,0,0,0,0,0,1,0,0,0,2,1,0,1,0,0,0,0,0,1,0,0,0,0,0,0,0
19/10/2021,pm,SL3,2,0,0,0,0,0,0,1,1,1,0,3,0,0,0,0,0,0,0,0,0,0,0,0,0,0,0,0
19/10/2021,pm,SL3,3,0,0,0,0,0,0,6,2,7,0,1,0,0,0,0,0,0,0,0,0,0,0,0,0,0,0,0
19/10/2021,pm,SL3,4,1,0,0,0,0,0,0,0,0,2,4,0,0,0,0,0,0,0,0,0,0,0,0,0,0,0,0
19/10/2021,pm,SL3,5,3,0,0,0,0,0,0,0,0,0,9,0,0,0,0,0,0,0,0,4,0,0,0,0,0,0,0
4/12/2021,am,SL3,1,0,0,0,0,0,0,0,0,3,0,6,3,0,0,0,0,0,0,0,0,0,0,0,0,0,0,0
4/12/2021,am,SL3,2,0,0,0,0,0,0,0,0,3,0,17,0,0,8,0,0,0,0,0,0,0,0,0,0,0,0,0
4/12/2021,am,SL3,3,0,0,0,0,0,0,0,0,1,0,3,0,0,0,0,0,0,0,0,0,0,0,0,0,0,0,0
4/12/2021,am,SL3,4,0,0,0,0,0,0,0,0,4,3,2,1,0,2,0,0,0,0,0,0,0,0,0,0,0,0,0
4/12/2021,am,SL3,5,0,0,0,0,0,0,0,0,4,1,2,0,0,1,0,0,0,0,0,0,0,0,0,0,0,0,0
6/12/2021,pm,SL3,1,0,0,0,0,0,0,0,0,0,0,1,0,0,0,0,0,0,0,0,0,0,0,0,0,0,0,0
6/12/2021,pm,SL3,2,0,0,0,0,0,0,0,0,0,0,1,0,0,0,0,0,0,0,0,1,0,0,0,0,0,0,0
6/12/2021,pm,SL3,3,0,1,0,0,0,0,0,0,0,5,0,2,0,0,0,0,0,0,0,1,0,0,0,0,0,0,0
6/12/2021,pm,SL3,4,0,4,0,0,0,0,0,0,5,14,6,0,0,0,0,0,0,0,0,2,0,0,0,0,0,0,0
6/12/2021,pm,SL3,5,0,0,0,0,0,0,1,0,3,8,5,0,0,0,0,0,0,0,0,0,0,0,0,0,0,0,0
4/02/2022,pm,SL3,1,0,0,0,0,0,0,2,0,0,1,0,0,0,0,0,0,0,0,0,0,0,0,0,0,0,0,0
4/02/2022,pm,SL3,2,0,0,0,0,0,0,0,0,0,0,0,0,0,0,0,0,0,0,0,0,0,0,0,0,0,0,0
4/02/2022,pm,SL3,3,0,0,0,0,0,0,0,0,0,0,0,0,0,0,0,0,0,0,0,0,0,0,0,0,0,0,0
4/02/2022,pm,SL3,4,0,0,0,0,0,0,0,0,0,0,0,0,0,0,0,0,0,0,0,0,0,0,0,0,0,0,0
4/02/2022,pm,SL3,5,0,0,0,0,0,0,1,0,0,0,0,0,0,0,0,0,0,0,0,0,0,0,0,0,0,0,0
8/02/2022,am,SL3,1,0,0,0,0,0,0,1,0,0,0,0,0,0,0,0,0,0,0,0,0,0,0,0,0,0,0,0
8/02/2022,am,SL3,2,0,0,0,0,0,0,5,0,0,0,0,0,0,0,0,0,0,0,0,0,0,0,0,0,0,0,0
8/02/2022,am,SL3,3,0,0,0,0,0,0,0,0,0,0,0,0,0,0,0,0,0,0,0,0,0,0,0,0,0,0,0
8/02/2022,am,SL3,4,0,0,0,0,0,0,1,0,0,0,0,0,0,0,0,0,0,0,0,0,0,0,0,0,0,0,0
8/02/2022,am,SL3,5,0,0,0,0,0,0,9,0,0,1,2,0,0,0,0,0,0,0,0,0,0,0,0,0,0,0,0
8/03/2022,am,SL3,1,0,0,0,0,0,0,2,0,0,0,0,0,0,0,0,0,0,0,0,0,0,0,0,0,0,0,0
8/03/2022,am,SL3,2,0,0,0,0,0,0,5,0,0,0,0,0,0,0,0,0,0,0,0,0,0,0,0,0,0,0,0
8/03/2022,am,SL3,3,0,0,0,0,0,0,2,0,0,0,0,0,0,0,0,0,0,0,0,0,0,0,0,0,0,0,0
8/03/2022,am,SL3,4,0,0,0,0,0,0,0,0,0,0,0,0,0,0,0,0,0,0,0,0,0,0,0,0,0,0,0
8/03/2022,am,SL3,5,0,0,0,0,0,0,0,0,0,0,0,0,0,0,0,0,0,0,0,0,0,0,0,0,0,0,0
9/03/2022,pm,SL3,1,0,0,0,0,0,0,12,0,1,0,0,0,0,0,0,0,0,0,0,0,0,0,0,0,0,0,0
9/03/2022,pm,SL3,2,0,0,0,0,0,0,16,0,0,0,0,0,0,0,0,0,0,0,0,1,0,0,0,0,0,0,0
9/03/2022,pm,SL3,3,0,0,0,0,0,0,18,0,0,6,0,0,0,0,0,0,0,0,0,0,0,0,0,0,0,0,0
9/03/2022,pm,SL3,4,0,0,0,0,0,0,35,0,0,2,1,0,0,0,0,0,0,0,0,0,0,0,0,0,0,0,0
9/03/2022,pm,SL3,5,0,0,0,0,0,0,21,0,0,2,0,0,0,0,0,0,0,0,0,0,0,0,0,0,0,0,0
