Site,Date,Species,Time_sec,Pecks,Probes,Steps,Reason_incomplete,Difficulty
NC3,16/04/2021,REPL,78,22,2,207,NA,Low
NC3,15/06/2021,REPL,78,16,1,130,NA,Medium
NC3,13/06/2021,REPL,71,24,1,304,NA,Low
NC3,15/10/2021,REPL,70,10,1,115,NA,Low
NC3,3/02/2022,REPL,70,6,1,230,NA,Low
NC3,3/02/2022,REPL,70,14,2,165,NA,Low
NC3,4/12/2021,REPL,69,17,4,120,NA,Low
NC3,13/04/2021,REPL,68,23,7,135,NA,Low
NC3,9/03/2022,REPL,68,28,1,104,NA,Low
NC3,13/04/2021,REPL,67,15,5,122,NA,Low
NC3,16/04/2021,REPL,67,16,3,150,NA,Low
NC3,16/04/2021,REPL,67,3,0,126,NA,Medium
NC3,15/06/2021,REPL,66,21,1,103,NA,High
NC3,15/06/2021,REPL,66,21,6,174,NA,Low
NC3,25/08/2021,REPL,66,13,1,106,NA,Low
NC3,20/10/2021,REPL,66,20,1,110,NA,Medium
NC3,9/03/2022,REPL,66,14,2,97,NA,Low
NC3,16/04/2021,REPL,65,13,6,119,NA,Low
NC3,6/12/2021,REPL,65,17,5,95,NA,Low
NC3,6/12/2021,REPL,65,11,2,94,NA,Low
NC3,20/10/2021,REPL,64,34,3,146,NA,Low
NC3,4/12/2021,REPL,64,10,2,128,NA,Low
NC3,20/08/2021,REPL,63,46,4,209,NA,Low
NC3,15/10/2021,REPL,63,25,3,176,NA,Low
NC3,20/10/2021,REPL,63,20,3,93,NA,Low
NC3,20/10/2021,REPL,63,19,2,124,NA,Low
NC3,6/12/2021,REPL,63,21,2,99,NA,Low
NC3,6/12/2021,REPL,63,12,5,109,NA,Low
NC3,3/02/2022,REPL,63,5,0,170,NA,Low
NC3,20/08/2021,REPL,62,15,1,227,NA,Low
NC3,7/02/2022,REPL,62,8,1,150,NA,Low
NC3,7/02/2022,REPL,62,15,1,70,NA,Low
NC3,4/12/2021,REPL,61,16,5,108,NA,Low
NC3,7/02/2022,REPL,61,51,4,100,NA,Low
NC3,7/02/2022,REPL,61,55,2,94,NA,Low
NC3,7/02/2022,REPL,61,9,0,63,NA,Low
NC3,7/02/2022,REPL,61,23,3,104,NA,Low
NC3,7/03/2022,REPL,61,5,1,108,NA,Low
NC3,7/03/2022,REPL,60,13,1,139,NA,Low
NC3,20/08/2021,REPL,53,23,4,200,NA,Low
NC3,3/02/2022,REPL,47,14,1,214,Our of frame,Medium
NC3,9/03/2022,REPL,47,18,3,58,Flew,Low
NC3,6/12/2021,REPL,44,20,4,104,Out of frame,Low
NC3,7/03/2022,REPL,27,3,0,39,Out of frame,Low
NC3,25/08/2021,REPL,23,2,0,34,Out of frame,Low
SL1,13/04/2021,REPL,75,62,5,198,NA,Low
SL1,13/04/2021,REPL,67,43,3,149,NA,Low
SL1,15/06/2021,REPL,66,23,0,255,NA,Low
SL1,13/04/2021,REPL,63,25,3,121,NA,Low
SL1,15/06/2021,REPL,63,30,1,247,NA,Low
SL1,15/06/2021,REPL,62,24,1,215,NA,Low
SL1,8/02/2022,REPL,61,10,0,46,NA,Low
SL1,8/02/2022,REPL,61,4,0,147,NA,Low
SL2,8/12/2021,REPL,92,27,1,158,NA,Low
SL2,13/04/2021,REPL,75,25,0,216,NA,Medium
SL2,21/08/2021,REPL,69,19,0,56,NA,High
SL2,16/04/2021,REPL,67,30,4,210,NA,Low
SL2,12/06/2021,REPL,67,72,4,104,NA,Low
SL2,12/06/2021,REPL,65,45,9,187,NA,Low
SL2,5/02/2022,REPL,65,3,0,139,NA,Low
SL2,16/04/2021,REPL,64,17,3,232,NA,Low
SL2,13/04/2021,REPL,63,27,6,102,NA,Low
SL2,5/12/2021,REPL,63,32,4,141,NA,Low
SL2,5/02/2022,REPL,63,7,1,183,NA,Low
SL2,9/03/2022,REPL,63,25,2,93,NA,Low
SL2,21/10/2021,REPL,61,25,0,142,NA,Low
SL2,5/02/2022,REPL,61,20,2,83,NA,Low
SL2,9/03/2022,REPL,61,30,6,106,NA,Low
SL2,9/03/2022,REPL,61,57,1,70,NA,Low
SL2,12/06/2021,REPL,59,27,4,238,NA,Low
SL2,8/12/2021,REPL,59,26,1,106,NA,Low
SL2,8/12/2021,REPL,55,12,2,94,NA,Low
SL2,5/02/2022,REPL,51,9,0,109,NA,Low
SL2,8/12/2021,REPL,39,13,1,61,Out of frame,Low
SL2,5/02/2022,REPL,27,4,1,59,Out of frame,Low
SL3,14/04/2021,REPL,67,10,1,164,NA,Medium
SL3,17/04/2021,REPL,67,23,1,215,NA,Low
SL3,17/04/2021,REPL,67,21,3,77,NA,Low
SL3,14/04/2021,REPL,64,13,2,105,NA,Low
SL3,9/03/2022,REPL,62,20,1,81,NA,Low
SL3,8/03/2022,REPL,61,36,4,151,NA,Low
SL3,8/03/2022,REPL,61,46,3,127,NA,Low
SL3,14/04/2021,REPL,60,37,0,119,NA,Low
SL3,17/04/2021,REPL,47,11,2,178,Frame,Low
SL3,17/04/2021,REPL,28,26,3,114,NA,Low
SC,17/10/2021,REPL,69,49,0,68,NA,Low
SC,17/04/2021,REPL,67,11,3,261,NA,Low
SC,15/06/2021,REPL,66,15,2,145,NA,Low
SC,15/06/2021,REPL,66,13,2,121,NA,Medium
SC,17/04/2021,REPL,64,40,1,246,NA,Low
SC,17/04/2021,REPL,63,21,1,248,NA,Low
SC,15/06/2021,REPL,63,18,2,104,NA,Low
SC,17/04/2021,REPL,62,11,0,268,NA,Low
SC,17/10/2021,REPL,61,14,1,32,NA,Low
SC,17/10/2021,REPL,61,2,0,12,NA,Low
SC,17/04/2021,REPL,55,57,2,161,NA,Low
NC3,15/06/2021,REST,70,54,5,260,NA,Low
NC3,13/04/2021,REST,67,79,19,64,NA,Medium
NC3,13/04/2021,REST,67,45,14,63,NA,High
NC3,16/04/2021,REST,67,67,22,137,NA,Low
NC3,6/12/2021,REST,66,33,5,85,NA,Low
NC3,15/10/2021,REST,64,33,4,180,NA,Low
NC3,20/10/2021,REST,64,43,2,197,NA,Low
NC3,6/12/2021,REST,64,43,6,144,NA,Low
NC3,7/02/2022,REST,64,38,5,141,NA,Low
NC3,16/04/2021,REST,63,58,9,139,NA,Low
NC3,4/12/2021,REST,63,57,9,171,NA,Low
NC3,7/02/2022,REST,63,59,7,124,NA,Low
NC3,7/02/2022,REST,63,98,8,142,NA,Low
NC3,15/10/2021,REST,62,71,7,175,NA,Low
NC3,15/10/2021,REST,62,33,1,79,NA,Low
NC3,15/10/2021,REST,62,26,0,54,NA,Low
NC3,4/12/2021,REST,62,74,4,184,NA,Low
NC3,4/12/2021,REST,62,102,6,39,NA,Low
NC3,4/12/2021,REST,62,62,7,194,NA,Low
NC3,4/12/2021,REST,62,46,3,241,NA,Low
NC3,6/12/2021,REST,62,46,6,158,NA,Low
NC3,25/08/2021,REST,61,57,7,86,NA,Low
NC3,25/08/2021,REST,61,76,7,65,NA,Low
NC3,25/08/2021,REST,61,61,8,41,NA,Low
NC3,20/10/2021,REST,61,46,4,204,NA,Medium
NC3,4/12/2021,REST,61,50,4,143,NA,Low
NC3,25/08/2021,REST,60,57,8,77,NA,Low
NC3,25/08/2021,REST,60,110,20,55,NA,Low
NC3,20/10/2021,REST,60,37,4,268,NA,Low
NC3,7/02/2022,REST,60,37,3,144,NA,Low
NC3,7/02/2022,REST,59,52,4,151,NA,Low
NC3,13/04/2021,REST,57,54,14,121,Frame,Medium
NC3,25/08/2021,REST,53,41,7,154,Flew,Low
NC3,15/10/2021,REST,50,44,5,99,Flew,Low
NC3,4/12/2021,REST,49,44,5,115,Out of frame,Low
NC3,13/04/2021,REST,47,53,16,86,Flew,Low
NC3,4/12/2021,REST,41,31,5,97,Out of frame,Low
NC3,16/04/2021,REST,37,29,8,37,Obscured,Low
NC3,16/04/2021,REST,33,24,4,101,Flew,Low
NC3,7/03/2022,REST,32,19,3,77,Flew,Low
NC3,13/04/2021,REST,25,35,7,69,Frame,High
NC3,16/04/2021,REST,25,9,2,104,Flew,Low
NC3,13/04/2021,REST,22,24,5,41,Frame,Medium
NC3,25/08/2021,REST,20,17,2,30,Out of frame,Low
NC2,3/12/2021,REST,69,53,6,65,NA,Low
NC2,7/12/2021,REST,63,64,3,56,NA,Low
NC2,7/12/2021,REST,62,76,7,55,NA,Low
NC2,3/12/2021,REST,48,36,6,81,Out of frame,Low
NC1,10/03/2022,REST,62,72,8,15,NA,Low
NC1,10/03/2022,REST,62,102,14,13,NA,Low
NC1,10/03/2022,REST,61,38,5,28,NA,Low
SL1,13/04/2021,REST,69,83,13,119,NA,Low
SL1,13/04/2021,REST,68,84,8,198,NA,Low
SL1,13/04/2021,REST,67,82,12,129,NA,High
SL1,16/04/2021,REST,65,38,6,97,NA,Low
SL1,3/12/2021,REST,63,68,8,119,NA,Low
SL1,7/12/2021,REST,63,30,3,166,NA,Low
SL1,16/04/2021,REST,62,49,2,251,NA,Low
SL1,3/12/2021,REST,62,67,10,151,NA,Low
SL1,8/02/2022,REST,62,12,1,76,NA,Medium
SL1,3/12/2021,REST,61,87,13,134,NA,Low
SL1,3/12/2021,REST,61,63,11,179,NA,Low
SL1,7/12/2021,REST,61,69,3,98,NA,Low
SL1,7/12/2021,REST,61,48,3,141,NA,Low
SL1,8/02/2022,REST,61,38,3,50,NA,Low
SL1,3/12/2021,REST,60,64,4,123,NA,Low
SL1,13/04/2021,REST,59,54,9,206,Flew,Low
SL1,16/04/2021,REST,59,50,2,199,NA,Low
SL1,8/02/2022,REST,37,19,2,86,Out of frame,Low
SL1,7/12/2021,REST,34,26,1,64,NA,Low
SL1,16/04/2021,REST,32,17,5,91,Frame,Low
SL1,8/02/2022,REST,28,2,0,118,Stopped feeding,Low
SL2,5/12/2021,REST,61,48,4,244,NA,Low
SL2,16/04/2021,REST,68,39,2,266,NA,Low
SL2,12/06/2021,REST,66,54,8,222,NA,Low
SL2,21/08/2021,REST,65,51,7,31,NA,Medium
SL2,8/12/2021,REST,65,70,2,190,NA,Low
SL2,12/06/2021,REST,64,42,6,295,NA,Low
SL2,12/06/2021,REST,64,64,6,163,NA,Low
SL2,21/08/2021,REST,64,68,9,51,NA,Low
SL2,21/08/2021,REST,64,61,10,60,NA,Low
SL2,21/10/2021,REST,64,72,6,200,NA,Low
SL2,5/12/2021,REST,63,46,2,242,NA,Low
SL2,13/04/2021,REST,62,93,15,90,NA,Low
SL2,21/10/2021,REST,62,72,3,210,NA,Low
SL2,5/12/2021,REST,62,56,7,146,NA,Low
SL2,5/12/2021,REST,62,38,3,200,NA,Low
SL2,8/12/2021,REST,62,69,4,166,NA,Low
SL2,8/12/2021,REST,62,37,3,203,NA,Low
SL2,7/02/2022,REST,62,11,3,93,NA,Low
SL2,5/12/2021,REST,61,36,1,130,NA,Low
SL2,5/12/2021,REST,61,23,2,248,NA,Low
SL2,5/02/2022,REST,61,57,2,29,NA,Low
SL2,7/02/2022,REST,61,44,10,181,NA,Low
SL2,7/02/2022,REST,61,67,14,117,NA,Low
SL2,7/02/2022,REST,59,55,5,82,NA,Low
SL2,21/10/2021,REST,53,29,4,209,Behind flock,Low
SL2,13/04/2021,REST,50,61,9,121,Flew,Medium
SL2,13/04/2021,REST,50,67,10,125,Frame,High
SL3,14/04/2021,REST,84,70,12,186,NA,Low
SL3,14/04/2021,REST,70,61,6,81,NA,Low
SL3,17/04/2021,REST,67,76,9,223,NA,Low
SL3,17/04/2021,REST,67,74,5,236,NA,Low
SL3,17/04/2021,REST,67,61,3,258,NA,Low
SL3,14/04/2021,REST,65,38,4,95,NA,Low
SL3,14/04/2021,REST,64,50,7,116,NA,Medium
SL3,8/03/2022,REST,62,70,7,133,NA,Low
SL3,14/04/2021,REST,61,47,5,108,NA,Low
SL3,8/03/2022,REST,61,68,8,48,NA,Low
SL3,8/03/2022,REST,58,54,6,116,NA,Low
SL3,14/04/2021,REST,46,52,7,107,Frame,Medium
SL3,8/03/2022,REST,46,38,5,100,Flew,Low
SL3,17/04/2021,REST,29,24,5,40,Flew,Low
SL3,8/03/2022,REST,16,1,0,55,Out of frame,Low
SC,17/04/2021,REST,67,46,9,278,NA,Low
SC,17/04/2021,REST,67,48,6,261,NA,Low
SC,17/04/2021,REST,67,106,8,163,NA,Low
SC,17/04/2021,REST,67,71,9,131,NA,Low
SC,15/06/2021,REST,66,50,3,254,NA,Medium
SC,17/04/2021,REST,64,53,2,253,NA,Low
SC,17/04/2021,REST,62,77,3,218,NA,Low
SC,11/03/2022,REST,61,35,3,87,NA,Low
SC,11/03/2022,REST,61,62,7,115,NA,Low
