ID;session;place;gender;age;Betsileo_sp;life;archi;phylo;ferpo;leav;root;flo;fru;EAD;pheL;pheF;land;soil;nbsp_Fa;nbsp_Fl;use;eco;score
A1;1;A;F;15;Goavy;1;1;1;1;2;2;3;4;1;0;1;1;1;1;0;0;1;21
A1;1;A;F;15;Kilela;1;1;1;1;3;2;2;4;1;1;1;1;1;2;0;0;1;23
A1;1;A;F;15;Kilenga;1;1;1;1;3;2;3;0;1;1;0;1;1;0;0;0;1;17
A1;1;A;F;15;Voanaka;1;1;1;1;1;2;1;4;1;1;1;1;1;0;1;0;1;19
A1;1;A;F;15;Voaroifotsy;1;1;1;1;3;2;0;4;1;0;1;0;1;0;0;0;1;17
A3;3;A;F;13;Ara;1;0;0;1;1;1;0;1;1;1;0;1;0;1;0;0;1;10
A3;3;A;F;13;Goavy;1;0;0;1;1;1;0;1;0;0;0;1;0;1;0;0;1;8
A3;3;A;F;13;Rotsy;1;0;0;1;1;1;0;1;0;0;0;1;0;0;0;0;1;7
A3;3;A;F;13;Voafotsy;1;0;0;1;1;2;0;1;0;0;0;1;0;0;0;0;1;8
A3;3;A;F;13;Voanaka;0;0;0;0;1;0;0;2;0;0;0;0;0;0;0;1;1;5
A4;4;A;M;15;Goavy;1;1;1;1;3;0;0;3;0;1;0;1;1;1;0;0;1;15
A4;4;A;M;15;Manga;1;0;1;1;3;0;0;3;0;0;1;0;0;1;0;0;1;12
A4;4;A;M;15;Voafotsy;1;0;1;1;2;0;0;2;1;1;0;1;0;0;0;1;1;12
A4;4;A;M;15;Voatsitakajaza;1;0;1;1;3;1;0;1;0;1;0;1;1;2;0;0;1;14
A5;5;A;F;14;Anadraza;1;1;0;1;3;0;3;4;0;0;1;0;1;0;0;0;1;16
A5;5;A;F;14;Goavy;1;0;1;1;1;1;3;3;1;0;1;0;1;0;0;0;1;15
A5;5;A;F;14;Kilela;1;0;1;1;2;0;2;4;0;0;1;0;1;0;0;0;1;14
A5;5;A;F;14;Kisira kisira;1;0;0;0;0;0;0;0;0;0;0;0;0;0;0;0;1;2
A5;5;A;F;14;Magnesy;1;0;1;1;2;0;0;0;0;0;0;0;0;0;0;0;1;6
A5;5;A;F;14;Matanandro;1;0;0;0;0;0;0;0;0;0;0;0;0;0;0;0;1;2
A5;5;A;F;14;Melo hazo;1;0;1;1;1;0;0;1;0;0;0;0;1;0;0;0;1;7
A5;5;A;F;14;Nonoka;0;0;0;0;1;1;0;2;0;0;0;1;0;0;0;0;1;6
A5;5;A;F;14;Raketa;1;0;1;1;1;0;2;3;0;0;1;0;0;0;0;0;1;11
A5;5;A;F;14;Rotsy;0;0;0;1;1;0;0;1;0;0;0;0;1;0;0;0;1;5
A5;5;A;F;14;Seva;0;0;1;0;2;0;0;3;0;0;0;0;0;0;0;0;1;7
A5;5;A;F;14;Trakavola;1;0;1;1;2;0;0;2;0;0;0;0;1;0;0;0;1;9
A5;5;A;F;14;Tsipoaka;1;1;1;1;3;0;3;0;1;0;0;0;1;0;0;0;1;13
A5;5;A;F;14;Voanaka;1;0;0;1;3;0;2;3;0;0;1;0;1;0;0;0;1;13
A5;5;A;F;14;Voaroifotsy;1;0;1;1;3;0;0;2;0;0;1;0;0;0;0;0;1;10
A5;5;A;F;14;Voaroitsaka;1;0;0;1;1;1;0;3;0;0;0;0;1;0;0;0;1;9
A5;5;A;F;14;Voaroy;0;0;0;0;3;0;1;2;0;0;1;0;1;0;0;0;1;9
A5;5;A;F;14;Voatsitakajaza;1;0;1;1;1;0;0;1;0;0;0;0;0;0;0;0;1;6
B1;1;B;M;17;Kilenga;1;1;1;1;3;0;2;0;1;1;0;1;1;0;0;0;1;14
B1;1;B;M;17;Seva;1;0;0;0;1;1;2;0;0;0;0;1;0;0;0;0;1;7
B1;1;B;M;17;Sevafotsy;1;1;0;0;1;1;2;0;1;0;0;1;0;1;0;0;1;10
B1;1;B;M;17;Vahobe;1;1;1;1;3;0;2;0;1;0;0;1;0;0;0;0;1;12
B1;1;B;M;17;Voaroy;1;0;1;1;2;1;0;4;1;0;1;1;1;0;1;0;1;16
B2;2;B;M;16;Lamoty;1;1;0;1;2;2;0;3;0;1;0;1;1;2;2;0;1;18
B2;2;B;M;16;Lanary;1;0;0;1;2;1;0;3;0;1;0;1;1;1;2;0;1;15
B3;3;B;M;17;Akondro;1;1;1;1;3;0;3;4;1;0;1;0;1;0;0;0;1;18
B3;3;B;M;17;Ampalibe;1;0;0;1;2;0;0;4;1;0;0;0;1;0;0;0;1;11
B3;3;B;M;17;raketa;1;1;1;1;1;0;0;1;0;0;0;0;0;0;0;0;1;7
B3;3;B;M;17;Rotsy;1;1;0;1;3;0;0;2;0;0;0;1;1;0;0;0;1;11
B3;3;B;M;17;Voaroifotsy;1;0;0;1;1;0;0;0;0;0;0;0;0;0;0;0;1;4
B4;4;B;M;15;Goavy;1;0;0;0;0;0;0;3;0;0;0;0;1;0;0;0;1;6
B4;4;B;M;15;Hazota;1;0;1;1;0;0;0;2;0;0;0;0;1;0;0;0;1;7
B4;4;B;M;15;Lamoty;1;0;0;1;0;0;0;2;0;0;0;0;1;0;0;1;1;7
B4;4;B;M;15;Manga;0;0;0;1;0;0;0;3;0;0;0;0;1;0;0;0;1;6
B4;4;B;M;15;Seva;1;0;0;1;0;0;0;3;0;0;0;0;1;0;0;0;1;7
B4;4;B;M;15;Voafotsy;1;0;0;0;0;0;0;0;0;0;0;0;1;0;0;0;1;3
B4;4;B;M;15;Voanaka;1;0;0;1;0;0;0;4;0;0;0;0;1;0;0;0;1;8
B4;4;B;M;15;Voatsitakajaza;1;0;0;1;0;0;0;1;0;0;0;0;1;0;0;0;1;5
B5;5;B;F;13;Anadraza;1;0;0;1;3;1;0;3;0;0;1;0;1;0;0;0;1;12
B5;5;B;F;13;Goavy;0;0;0;0;1;1;1;1;0;0;1;0;1;0;0;0;1;7
B5;5;B;F;13;Kilela;1;0;1;1;3;0;0;2;1;0;0;0;1;0;0;0;1;11
B5;5;B;F;13;Raketa;1;0;1;1;1;1;1;3;0;0;1;0;1;0;0;0;1;12
B5;5;B;F;13;Tsipoaka;0;0;0;1;2;1;2;0;0;0;0;1;1;0;1;0;1;10
B5;5;B;F;13;Voafotsy;0;0;0;1;1;1;0;2;0;0;0;0;1;0;0;0;1;7
B5;5;B;F;13;Voanaka;1;0;0;1;2;1;0;1;0;0;0;0;1;0;0;0;1;8
B5;5;B;F;13;Voaroitsaka;0;0;0;1;1;1;1;1;0;0;1;0;1;0;0;0;1;8
C1;1;C;F;15;Anamamy;1;1;1;0;3;0;0;0;0;0;0;0;1;0;0;0;1;8
C1;1;C;F;15;Goavy;1;0;1;1;2;1;0;3;0;0;0;0;1;0;0;0;1;11
C1;1;C;F;15;Kilenga;1;1;0;1;2;0;2;0;0;0;0;1;1;0;0;0;1;10
C1;1;C;F;15;Trakavola;1;1;1;1;3;0;3;0;0;0;0;0;1;0;0;0;1;12
C1;1;C;F;15;Tsipoaka;1;1;1;1;3;0;0;0;1;1;0;0;1;0;0;0;1;11
C1;1;C;F;15;Voanaka;1;0;1;1;2;0;0;3;0;0;0;0;1;0;0;0;1;10
C1;1;C;F;15;Voaroifotsy;1;0;1;1;2;1;0;4;1;0;1;0;1;0;0;0;1;14
C1;1;C;F;15;Voatsitakajaza;1;1;0;1;3;0;0;3;0;0;0;0;1;0;0;0;1;11
C2;2;C;M;17;Goavy;1;0;0;1;1;0;0;4;0;0;1;0;0;0;0;0;1;9
C2;2;C;M;17;Rotsy;1;0;0;1;3;1;0;2;0;0;0;1;0;0;3;0;1;13
C2;2;C;M;17;Trakavola;1;0;0;1;0;1;2;4;0;0;1;1;0;0;2;0;1;14
C2;2;C;M;17;Voafotsy;1;1;1;1;2;2;0;4;0;0;1;0;0;0;0;0;1;14
C2;2;C;M;17;Voanaka;1;0;1;1;3;1;0;4;0;0;0;1;0;0;2;0;1;15
C3;3;C;F;17;Fopoho;1;0;0;1;0;0;0;2;0;0;0;0;1;0;0;0;1;6
C3;3;C;F;17;Goavy;1;0;0;1;3;0;0;1;0;0;0;0;1;0;0;0;1;8
C3;3;C;F;17;Menahy;1;0;0;1;2;0;0;3;1;1;0;0;1;0;0;0;0;10
C3;3;C;F;17;Rotsy;1;0;0;0;2;0;0;1;0;0;0;0;1;0;0;0;0;5
C3;3;C;F;17;Voafotsy;1;0;0;1;0;0;0;3;0;0;0;0;1;0;1;0;1;8
C3;3;C;F;17;Voanaka;1;0;0;0;0;0;0;3;0;0;0;0;0;0;0;0;1;5
C3;3;C;F;17;Voaroitsaka;1;0;0;1;0;0;0;1;1;0;0;0;1;0;0;0;1;6
C3;3;C;F;17;Voatsitakajaza;1;0;0;1;0;0;0;1;0;0;0;0;1;0;0;0;0;4
C4;4;C;M;13;Goavy;1;0;0;1;0;0;0;1;0;0;0;1;0;0;0;0;1;5
C4;4;C;M;13;Lanary;1;0;0;0;0;0;0;1;0;0;0;1;0;0;0;0;1;4
C4;4;C;M;13;Roimbosa;1;0;0;1;0;0;0;2;0;0;0;0;0;0;0;0;1;5
C4;4;C;M;13;Rotsy;0;0;1;0;0;0;0;1;0;0;0;1;0;0;0;0;1;4
C4;4;C;M;13;Voafotsy;1;0;0;1;0;0;0;1;0;0;0;1;0;0;0;0;1;5
C4;4;C;M;13;Voanaka;1;0;0;0;0;1;0;1;0;0;0;1;0;0;1;0;1;6
C4;4;C;M;13;Voatsitakajaza;1;0;0;1;0;0;0;1;0;0;0;0;0;0;0;0;1;4
C5;5;C;F;15;Goavy;1;0;1;0;1;1;0;1;0;0;0;0;1;0;0;0;1;7
C5;5;C;F;15;Kilela;1;0;1;1;2;1;0;1;0;0;0;0;1;0;0;0;1;9
C5;5;C;F;15;Lamoty;1;0;1;1;1;1;0;1;0;0;0;0;1;0;0;0;1;8
C5;5;C;F;15;Raketa;1;0;1;1;1;1;0;3;0;0;0;0;1;0;0;0;1;10
D1;1;D;M;17;Kilela;1;0;1;1;3;0;0;4;0;0;0;0;1;0;1;0;1;13
D1;1;D;M;17;Raketa;1;1;1;1;3;2;0;4;0;0;0;0;1;0;0;0;1;15
D1;1;D;M;17;Rotsy;1;1;0;1;1;0;0;2;0;0;0;0;1;0;0;0;1;8
D1;1;D;M;17;Seva;1;1;1;1;2;0;0;4;0;0;0;0;1;0;0;0;1;12
D1;1;D;M;17;Vahobe;1;1;1;1;3;0;2;0;0;0;0;0;1;0;0;0;1;11
D1;1;D;M;17;Voafotsy;1;0;0;1;2;1;0;4;0;0;0;0;1;0;0;0;1;11
D1;1;D;M;17;Voanaka;1;0;0;1;3;0;0;4;0;0;0;0;1;0;0;0;1;11
D2;2;D;M;15;Kimba;1;0;1;1;2;1;0;3;2;1;1;0;1;1;0;0;1;16
D2;2;D;M;15;Lamoty;1;0;0;0;3;0;0;0;1;1;0;0;0;0;0;0;1;7
D2;2;D;M;15;Voaloboka;1;0;0;1;1;0;0;4;1;1;1;0;0;0;0;0;1;11
D2;2;D;M;15;Voatsitakajaza;1;0;0;1;2;1;2;3;1;1;1;1;1;1;0;0;2;18
D3;3;D;F;15;Goavy;1;1;0;0;3;1;0;3;1;0;1;0;0;2;0;0;1;14
D3;3;D;F;15;Lanary;1;1;0;1;3;1;0;4;1;0;0;1;0;1;0;0;1;15
D3;3;D;F;15;Voanaka;1;0;0;1;3;0;2;3;0;0;1;0;0;0;0;1;1;13
D4;4;D;F;13;Goavy;1;0;1;1;2;0;0;3;0;0;1;0;0;0;0;0;1;10
D4;4;D;F;13;Kilela;1;0;0;1;2;0;0;4;0;0;1;0;0;0;0;0;1;10
D4;4;D;F;13;Raketa;1;1;0;1;3;0;2;2;0;0;1;0;0;0;0;0;1;12
D4;4;D;F;13;Sakoa;1;1;1;1;2;0;0;3;0;0;1;1;0;1;0;0;1;13
D4;4;D;F;13;Voaroitsaka;1;0;0;1;2;0;0;0;1;0;1;0;0;1;0;0;1;8
D5;5;D;F;15;Apomgambendanitra;1;0;0;1;0;1;2;2;0;0;0;0;1;0;0;0;1;9
D5;5;D;F;15;Goavy;1;0;0;1;1;1;0;2;0;1;1;0;0;0;0;0;1;9
D5;5;D;F;15;Kilela;1;0;1;1;1;1;1;2;1;0;1;0;0;0;0;0;1;11
D5;5;D;F;15;Lanary;0;0;0;0;0;1;0;1;0;0;0;0;1;0;0;0;1;4
D5;5;D;F;15;Raketa;1;0;0;1;1;1;0;2;0;0;1;0;1;0;0;0;1;9
D5;5;D;F;15;Voanaka;1;0;0;1;3;1;0;4;0;0;0;0;1;0;0;0;1;12
D5;5;D;F;15;Voaroitsaka;1;0;0;0;0;1;0;1;0;0;0;0;0;0;0;0;1;4
E1;1;E;M;17;Kilela;1;0;1;1;3;0;0;4;1;1;1;0;2;0;1;0;1;17
E1;1;E;M;17;Kitonda;1;1;1;1;2;0;3;4;1;0;1;1;2;0;0;0;1;19
E1;1;E;M;17;Rotsy;1;1;1;1;1;0;0;3;0;0;0;0;2;1;0;0;1;12
E1;1;E;M;17;Voaroy;1;0;0;0;1;0;0;4;1;0;0;0;2;0;3;0;1;13
E2;2;E;M;14;Lanary;1;1;0;1;0;1;0;4;0;1;1;0;1;1;0;0;1;13
E2;2;E;M;14;Rotsy bory;1;1;1;1;2;1;0;3;0;0;0;0;1;2;0;0;1;14
E2;2;E;M;14;Voanaka;1;0;1;1;3;1;0;3;0;0;0;0;1;0;0;0;1;12
E3;3;E;M;15;Goavy;1;1;1;1;2;0;2;4;1;0;1;1;1;1;0;1;1;19
E3;3;E;M;15;Kilela;1;0;1;1;1;0;0;2;0;0;0;1;1;0;0;0;1;9
E3;3;E;M;15;Raketa;1;1;0;1;3;0;2;3;1;0;1;0;1;0;0;0;1;15
E3;3;E;M;15;Rotsy;1;0;0;1;3;0;0;2;0;0;0;1;1;1;0;0;1;11
E4;4;E;F;13;Goavy;1;1;1;1;2;0;0;2;0;0;1;1;0;0;0;0;1;11
E4;4;E;F;13;Lanary;1;0;0;1;2;0;0;4;1;1;0;1;0;0;0;0;1;12
E4;4;E;F;13;Voafotsy;1;0;0;1;2;0;0;4;0;1;0;0;0;0;0;0;1;10
E4;4;E;F;13;Voaroitsaka;1;0;0;1;2;0;0;1;0;0;0;0;0;0;0;0;1;6
E5;5;E;F;14;Apomgambendanitra;0;0;0;0;1;1;3;2;0;0;1;0;1;0;0;0;1;10
E5;5;E;F;14;Goavy;0;0;0;1;1;1;2;2;0;0;1;0;1;2;0;0;1;12
E5;5;E;F;14;Kilela;1;0;1;1;1;1;1;2;0;0;1;0;1;0;0;0;1;11
E5;5;E;F;14;Kisira kisira;1;0;0;1;1;1;2;0;1;0;0;0;1;0;0;0;1;9
E5;5;E;F;14;Lanary;0;0;0;0;1;1;0;1;0;0;0;0;1;0;0;0;1;5
E5;5;E;F;14;Raketa;1;0;0;1;1;1;2;2;0;0;1;0;1;0;0;0;1;11
E5;5;E;F;14;Voafotsy;0;0;0;0;1;1;0;4;0;0;1;0;1;1;0;0;1;10
E5;5;E;F;14;Voanaka;1;0;0;0;3;1;0;3;0;0;0;0;1;0;0;0;1;10
E5;5;E;F;14;Voaroitsaka;1;0;0;0;1;2;0;1;1;0;0;0;1;0;0;0;1;8
F1;1;F;M;16;Kilela;1;0;1;1;2;0;0;2;1;0;1;1;0;1;1;0;1;13
F1;1;F;M;16;Kilenga;1;1;1;1;0;0;3;0;0;0;0;1;0;0;0;0;1;9
F1;1;F;M;16;Kindaindaivola;1;1;1;1;3;0;2;0;0;0;0;1;0;1;0;0;1;12
F1;1;F;M;16;Seva;1;1;0;1;0;0;0;4;0;0;0;1;0;0;0;0;1;9
F1;1;F;M;16;Vahobe;1;1;1;1;3;0;2;0;0;0;0;1;0;0;0;0;1;11
F1;1;F;M;16;Voamorondrano;0;0;0;1;0;0;0;3;0;0;0;1;0;0;0;0;1;6
F1;1;F;M;16;Voanaka;1;0;0;1;3;0;3;3;0;0;1;1;0;0;0;0;1;14
F1;1;F;M;16;Voaroy;0;0;1;1;0;0;0;2;0;0;0;1;0;0;0;0;1;6
F2;2;F;M;17;kimba;1;1;0;1;2;2;0;3;0;1;0;1;1;0;2;0;1;16
F2;2;F;M;17;Raketa;1;1;1;1;3;2;2;4;1;0;1;1;1;0;1;0;1;21
F2;2;F;M;17;Voanaka;1;0;1;1;3;2;0;4;1;1;1;1;1;0;1;0;1;19
F3;3;F;M;14;Grenadelle ala;1;1;1;1;3;0;1;3;1;1;0;1;0;0;0;0;1;15
F3;3;F;M;14;Kilela;1;1;1;1;3;0;0;3;1;1;0;1;0;1;0;1;1;16
F3;3;F;M;14;Raketa;1;1;1;1;2;0;2;3;0;0;0;1;0;0;0;0;1;13
F3;3;F;M;14;Voanaka;1;1;1;1;3;0;3;4;2;1;1;1;0;1;0;0;1;21
F3;3;F;M;14;Voaroitsaka;1;0;0;1;0;0;0;1;0;0;1;1;0;0;0;0;1;6
F5;5;F;F;14;Goavy;0;0;0;0;1;1;3;4;1;0;1;0;1;0;0;0;1;13
F5;5;F;F;14;Kilela;1;0;1;1;1;1;2;1;1;0;1;0;1;0;0;0;1;12
F5;5;F;F;14;Raketa;1;0;0;1;1;0;2;4;0;0;1;0;1;1;0;0;1;13
F5;5;F;F;14;Voafotsy;0;0;0;0;1;0;0;2;0;0;0;0;0;1;0;0;1;5
F5;5;F;F;14;Voanaka;0;0;0;0;1;1;0;3;0;0;0;0;0;0;0;0;1;6
G1;1;G;F;15;Goavy tsinahy;1;0;1;1;0;0;2;4;1;0;1;0;1;0;0;0;1;13
G1;1;G;F;15;Kilela;1;1;1;1;3;0;2;3;0;0;1;0;1;0;0;0;1;15
G1;1;G;F;15;Rotsy;1;0;1;1;3;0;0;3;0;0;0;0;1;0;0;0;1;11
G1;1;G;F;15;Trakavola;1;1;0;1;2;0;2;4;1;0;0;0;1;0;0;0;1;14
G1;1;G;F;15;Voafotsy;1;0;1;1;1;0;0;4;0;0;0;0;1;0;0;0;1;10
G1;1;G;F;15;Voanaka;1;1;1;1;3;0;3;4;1;1;1;0;1;0;0;0;1;19
G1;1;G;F;15;Voaroitsaka;1;0;1;1;1;0;0;4;0;0;0;0;1;0;0;0;1;10
G2;2;G;F;14;Goavy;1;0;0;0;2;0;0;3;1;0;0;1;0;0;0;1;1;10
G2;2;G;F;14;kilela;1;0;0;1;2;1;0;2;0;0;0;1;0;0;1;0;1;10
G2;2;G;F;14;Rotsy;1;0;0;1;3;1;0;1;0;0;0;1;0;0;1;0;1;10
G2;2;G;F;14;Voaroitsaka;1;0;0;0;2;1;0;3;1;0;0;1;0;0;0;1;1;11
G3;3;G;M;15;Ampalibe;1;0;0;1;1;0;0;3;1;0;1;1;1;0;0;1;1;12
G3;3;G;M;15;Goavy;0;0;0;0;1;0;0;1;0;0;0;1;1;0;0;0;1;5
G3;3;G;M;15;Lanary;1;0;0;0;1;0;0;1;0;0;0;1;1;1;0;0;1;7
G3;3;G;M;15;Rotsy;0;0;0;0;1;0;0;2;0;0;0;1;1;0;0;0;0;5
G3;3;G;M;15;Voafotsy;0;0;0;0;1;0;0;3;0;0;0;1;1;0;0;0;1;7
G3;3;G;M;15;Voalady;1;0;0;1;1;0;0;3;0;0;0;1;1;1;0;0;1;10
G3;3;G;M;15;Voanaka;0;0;0;1;1;0;1;2;0;0;1;0;1;0;0;1;1;9
G3;3;G;M;15;Voatsitakajaza;1;0;0;1;1;0;0;3;0;0;0;1;1;0;0;0;1;9
G4;4;G;F;12;Goavy;1;0;1;0;2;0;2;2;0;0;1;1;1;0;0;0;1;12
G4;4;G;F;12;Kilela;1;0;1;1;3;0;2;2;1;1;1;1;0;0;0;0;1;15
G4;4;G;F;12;Rotsy;1;0;1;1;1;0;0;2;0;0;0;0;1;0;0;0;1;8
G4;4;G;F;12;Voafotsy;1;0;1;1;2;0;0;2;0;0;0;0;1;0;0;0;1;9
G4;4;G;F;12;Voanaka;1;0;1;0;3;0;3;0;1;0;0;0;1;0;0;0;1;11
G4;4;G;F;12;Voaroitsaka;0;0;1;0;3;0;0;3;0;0;0;1;0;0;0;0;1;9
G5;5;G;F;12;Raketa;1;0;0;1;1;0;2;1;0;0;1;0;0;0;0;0;1;8
G5;5;G;F;12;Sakoa;1;0;0;1;1;0;0;1;0;0;1;0;0;0;0;0;1;6
H1;1;H;F;14;Goavy;1;1;0;1;1;0;0;4;1;1;0;0;1;0;0;0;1;12
H1;1;H;F;14;Kilela;1;0;0;1;3;0;0;3;0;0;1;0;1;0;0;0;1;11
H1;1;H;F;14;Kindaindaivola;1;1;1;1;3;0;3;0;0;0;0;0;1;0;0;0;1;12
H1;1;H;F;14;Longoza;1;1;1;1;3;0;0;4;1;1;0;0;1;0;0;0;1;15
H1;1;H;F;14;Rotsy;1;0;0;0;1;0;0;3;0;0;0;0;1;0;0;0;1;7
H1;1;H;F;14;Seva;1;0;0;0;2;0;0;2;0;0;0;0;1;0;0;0;1;7
H1;1;H;F;14;Voanaka;1;0;0;1;3;0;3;3;1;1;1;0;1;0;0;0;1;16
H1;1;H;F;14;Voaroitsaka;1;1;1;1;3;0;0;4;1;1;0;0;1;0;0;0;1;15
H2;2;H;F;13;Goavy;1;0;0;1;3;1;0;4;1;0;0;1;0;0;0;0;1;13
H2;2;H;F;13;Kilela;0;0;0;0;3;1;0;4;1;0;0;0;0;0;0;0;1;10
H2;2;H;F;13;Rotsy;1;0;0;1;3;1;0;4;1;0;0;0;0;0;0;0;1;12
H2;2;H;F;13;Voaroitsaka;1;0;0;1;3;1;0;4;1;0;0;0;0;0;0;0;1;12
H3;3;H;F;15;Goavy;0;0;0;1;2;0;2;3;1;0;1;0;1;0;0;0;1;12
H3;3;H;F;15;Kilela;1;0;0;1;1;0;1;2;0;0;1;0;1;0;1;0;1;10
H3;3;H;F;15;Roimbosa;1;0;0;1;1;0;0;2;0;0;1;0;0;0;0;0;1;7
H3;3;H;F;15;Voanaka;1;0;0;1;3;0;2;4;1;0;1;0;1;0;0;0;1;15
H3;3;H;F;15;Voaroifotsy;0;0;0;1;1;0;1;2;0;0;1;0;1;0;0;0;1;8
H3;3;H;F;15;Voaroitsaka;1;0;1;1;1;0;1;3;0;1;1;0;0;0;0;0;0;10
H3;3;H;F;15;Voatsitakajaza;1;0;0;1;1;0;0;1;0;0;1;0;1;0;0;0;1;7
H4;4;H;F;14;Kilela;1;0;1;1;0;0;0;0;0;0;0;0;0;0;0;0;1;4
H4;4;H;F;14;Koaky;1;0;0;0;0;0;0;1;0;0;0;0;0;0;0;1;1;4
H4;4;H;F;14;Rotsy;1;0;1;0;0;1;0;1;0;0;0;1;0;0;0;0;1;6
H4;4;H;F;14;Sakoa;1;0;0;0;0;1;0;1;0;0;0;0;0;0;0;0;1;4
H4;4;H;F;14;Voaloboka;1;0;0;1;0;1;0;2;0;0;1;1;0;0;0;0;1;8
H4;4;H;F;14;Voanaka;1;0;0;1;0;0;1;3;0;0;0;1;0;0;0;0;1;8
H4;4;H;F;14;Voaroy;1;0;1;1;0;1;0;3;1;1;0;1;0;1;0;0;1;12
H5;5;H;F;12;Raketa;1;0;0;1;1;0;2;1;0;0;1;0;0;0;0;0;1;8
H5;5;H;F;12;Rotsy;1;0;0;1;1;1;0;1;0;0;1;0;0;0;0;0;1;7
H5;5;H;F;12;Sakoa;1;0;0;1;1;1;0;1;0;0;1;0;0;1;0;0;1;8
I1;1;I;M;18;Kilela;1;0;1;1;2;2;0;2;0;0;0;1;0;0;0;0;1;11
I1;1;I;M;18;Kindaindaivola;1;1;0;1;3;2;3;0;1;1;0;1;0;0;0;0;1;15
I1;1;I;M;18;Rotsy;1;0;0;1;3;1;0;1;1;0;0;1;1;0;0;0;1;11
I1;1;I;M;18;Singilofo;1;1;1;1;3;2;3;0;1;1;0;1;1;0;0;0;1;17
I1;1;I;M;18;Voaroifotsy;1;0;0;1;0;2;0;3;1;0;1;1;1;0;0;0;1;12
I2;2;I;F;14;Goavy;1;0;1;1;3;1;0;3;1;1;0;0;0;0;0;0;1;13
I2;2;I;F;14;Kilela;0;0;0;0;0;0;0;2;0;0;0;0;0;0;0;0;1;3
I2;2;I;F;14;Paoma;0;0;0;0;0;0;0;2;0;0;0;0;0;0;0;0;1;3
I2;2;I;F;14;Rotsy;1;0;0;2;3;1;0;3;0;0;0;0;0;0;0;0;1;11
I2;2;I;F;14;Voaroitsaka;0;0;0;1;3;1;0;3;1;1;0;0;0;0;0;0;1;11
I3;3;I;M;12;Goavy;0;0;0;1;1;1;0;1;0;0;0;0;0;0;0;0;1;5
I3;3;I;M;12;Kilela;1;0;0;1;0;2;0;1;0;0;0;0;0;0;0;0;1;6
I3;3;I;M;12;Lamoty;1;0;0;1;1;1;0;1;0;0;0;0;0;0;0;0;1;6
I3;3;I;M;12;Lanary;1;0;0;1;1;1;0;1;0;0;1;0;0;0;0;0;1;7
I3;3;I;M;12;Rotsy;1;0;1;1;2;1;0;1;0;0;0;0;0;0;0;0;1;8
I3;3;I;M;12;Voafotsy;1;0;0;1;1;0;0;0;0;0;0;0;0;0;0;0;1;4
I3;3;I;M;12;Voanaka;1;0;0;0;1;1;0;1;0;0;0;0;0;0;0;0;1;5
I3;3;I;M;12;Voarafy;1;0;0;1;1;1;0;1;0;0;0;0;0;0;0;0;1;6
I3;3;I;M;12;Voatsitakajaza;1;0;0;1;1;1;0;1;0;0;0;1;0;1;0;0;1;8
I4;4;I;F;14;Goavy;1;0;0;0;1;1;0;4;1;0;1;1;0;1;0;0;1;12
I4;4;I;F;14;Voaroifotsy;1;0;0;0;2;1;0;3;1;0;0;1;0;0;0;0;1;10
I4;4;I;F;14;Voatabiahazo;1;0;0;0;3;1;0;4;0;0;0;1;0;0;0;0;1;11
I5;5;I;F;14;Goavy;0;0;1;0;1;2;0;1;0;0;0;0;1;0;0;0;1;7
I5;5;I;F;14;Raketa;1;0;0;1;1;0;2;1;0;0;1;0;1;0;0;0;1;9
I5;5;I;F;14;Roimbosa;0;1;1;1;1;1;1;2;1;1;1;0;1;0;0;0;1;13
I5;5;I;F;14;Sakoa;1;0;0;1;1;1;0;1;0;0;1;0;0;1;0;0;1;8
J3;3;J;F;15;Kilela;1;1;1;1;3;0;2;2;1;1;1;1;1;1;0;0;1;18
J3;3;J;F;15;Rotsy;1;1;1;1;2;0;0;2;1;0;1;1;1;5;0;0;1;18
J3;3;J;F;15;Voanaka;1;0;1;1;3;1;2;4;1;1;1;1;1;1;0;0;1;20
J3;3;J;F;15;Voaroitsaka;1;0;1;1;1;0;0;2;1;0;1;1;1;0;0;0;1;11
J3;3;J;F;15;Voatsitakajaza;1;1;0;1;1;0;0;2;1;0;1;1;1;2;0;0;1;13
J4;4;J;F;14;Lanary;1;0;0;1;0;1;0;4;0;0;0;1;0;1;0;0;1;10
J4;4;J;F;14;Voanaka;0;0;0;1;1;1;0;4;0;0;0;0;0;0;0;0;1;8
J4;4;J;F;14;Voaroitsaka;0;0;0;0;3;1;0;3;0;0;0;0;0;0;0;0;1;8
J4;4;J;F;14;Voatabiahazo;0;0;0;1;0;1;0;3;0;0;0;0;0;0;0;0;1;6
J5;5;J;F;13;Goavy;1;1;1;0;1;1;0;2;0;0;0;0;1;0;0;0;1;9
J5;5;J;F;13;Sakoa;1;1;1;0;1;1;0;2;0;0;0;0;1;1;0;0;1;10
J5;5;J;F;13;Voanaka;0;1;1;0;2;1;0;3;0;0;0;0;1;0;0;0;1;10
J5;5;J;F;13;Voaroitsaka;0;1;1;0;1;1;0;2;1;0;0;0;1;0;0;0;1;9
K1;1;K;M;14;Goavy;1;0;1;1;2;2;0;4;1;0;0;0;1;0;0;0;1;14
K1;1;K;M;14;Kilela;1;0;1;1;3;0;0;4;1;0;1;0;0;0;0;0;1;13
K1;1;K;M;14;Voaloboka;1;1;0;1;3;0;0;4;1;0;0;0;1;0;0;0;1;13
K1;1;K;M;14;Voaroitsaka;1;0;1;1;3;2;0;4;1;0;1;0;1;0;0;0;1;16
K1;1;K;M;14;Voatsitakajaza;1;0;1;1;2;0;0;3;0;0;0;0;1;0;0;0;1;10
K2;2;K;M;15;Goavy;1;1;0;1;2;0;0;2;0;1;1;0;0;0;0;0;1;10
K2;2;K;M;15;Lanary;0;0;0;0;3;0;0;0;1;1;0;0;0;0;0;0;1;6
K2;2;K;M;15;Paoma;0;0;0;0;0;0;0;2;0;0;0;0;0;0;0;0;1;3
K2;2;K;M;15;Voafotsy;1;0;0;1;2;0;0;3;0;0;0;1;0;0;0;0;1;9
K2;2;K;M;15;Voanaka;1;0;0;0;2;0;0;2;0;0;0;1;0;0;1;0;1;8
K2;2;K;M;15;Voaroitsaka;1;1;0;1;2;0;0;1;0;1;0;1;0;0;0;0;1;9
K3;3;K;F;16;Ampalibe;0;0;0;0;3;1;0;4;0;0;0;0;0;0;0;0;1;9
K3;3;K;F;16;Goavy;0;0;0;0;0;1;0;2;0;0;0;0;0;0;0;0;1;4
K3;3;K;F;16;Roimbosa;0;0;0;1;0;0;0;3;0;0;0;0;0;0;0;0;1;5
K3;3;K;F;16;Rotsy;0;0;0;1;2;1;0;4;0;0;0;0;0;0;0;0;1;9
K3;3;K;F;16;Voanaka;0;0;0;0;0;0;0;4;2;0;1;0;0;0;0;0;1;8
K3;3;K;F;16;Voaroy;1;0;0;0;0;1;0;1;0;0;0;0;0;0;0;0;1;4
K3;3;K;F;16;Voatsitakajaza;1;0;0;1;1;1;0;4;1;0;1;0;0;0;0;0;1;11
K4;4;K;M;14;Goavy;1;0;1;0;0;1;0;1;0;0;0;0;0;1;0;0;1;6
K4;4;K;M;14;Lamoty;1;1;0;1;0;1;0;1;0;0;0;1;0;3;0;1;1;11
K4;4;K;M;14;Lanary;0;0;0;0;0;0;0;2;0;0;0;0;0;1;0;0;1;4
K4;4;K;M;14;Rotsy;1;0;0;1;0;1;0;1;0;0;0;0;0;0;0;0;1;5
K4;4;K;M;14;Voanaka;1;0;0;1;0;1;0;1;0;0;0;0;0;0;0;0;1;5
K4;4;K;M;14;Voatsitakajaza;1;0;0;1;3;2;0;1;1;0;0;0;0;0;0;0;1;10
L1;1;L;M;17;Goavy;1;0;0;1;1;1;0;2;0;0;0;1;1;0;3;0;1;12
L1;1;L;M;17;Kilela;1;0;1;1;2;1;0;4;1;1;1;1;1;0;3;0;1;19
L1;1;L;M;17;Rotsy;1;1;0;1;3;0;0;4;0;0;0;0;1;0;0;0;1;12
L1;1;L;M;17;Seva;1;0;0;1;2;1;0;4;0;0;0;1;1;0;3;0;1;15
L1;1;L;M;17;Voatsitakajaza;1;0;0;1;1;1;0;3;0;1;0;1;1;0;3;0;1;14
L2;2;L;F;14;Kilela;1;0;1;1;3;0;0;3;0;0;0;0;0;0;0;0;1;10
L2;2;L;F;14;Rotsy;1;0;0;0;1;1;0;1;0;0;0;0;0;0;0;0;1;5
L2;2;L;F;14;Tsitsitrotroka;1;0;1;1;3;0;0;3;0;0;0;0;0;0;0;1;1;11
L2;2;L;F;14;Voanaka;1;0;0;0;0;0;2;0;0;0;0;0;0;0;0;0;1;4
L2;2;L;F;14;Voaroitsaka;0;0;0;1;0;0;0;2;0;1;0;0;0;0;0;0;1;5
L2;2;L;F;14;Zamborizany;0;0;0;1;3;0;0;4;0;0;0;0;0;0;0;0;1;9
L3;3;L;F;13;Goavy;1;0;0;1;3;0;0;4;1;0;1;0;0;0;0;0;1;12
L3;3;L;F;13;Kilela;0;0;1;1;0;0;0;2;0;0;0;0;1;0;0;0;1;6
L3;3;L;F;13;Roimbosa;0;0;1;1;0;0;0;4;0;0;0;0;0;1;0;0;1;8
L3;3;L;F;13;Rotsy bory;0;0;0;0;0;0;0;2;0;0;0;0;0;0;0;0;1;3
L3;3;L;F;13;Voanaka;0;0;1;1;3;0;0;4;0;0;0;0;0;0;0;0;1;10
L3;3;L;F;13;Voaroy;0;0;1;1;0;0;0;3;0;0;1;0;0;1;0;0;1;8
L3;3;L;F;13;Voatsitakajaza;0;0;0;0;0;0;0;2;0;0;0;0;0;0;0;0;0;2
L4;4;L;M;14;Kilela;1;0;0;0;0;0;0;0;0;0;0;0;0;0;1;0;1;3
L4;4;L;M;14;Lanary;1;0;0;1;0;0;0;4;0;0;0;1;0;1;0;0;1;9
L4;4;L;M;14;Roimbosa;0;0;0;1;0;1;0;3;1;0;0;1;0;1;0;0;1;9
L4;4;L;M;14;Rotsy;1;0;0;0;0;1;0;1;0;0;1;1;0;0;0;0;1;6
L4;4;L;M;14;Voatabiahazo;0;0;0;0;0;1;0;3;0;0;0;1;0;0;0;0;1;6
L5;5;L;M;14;Goavy;1;1;0;1;2;2;0;1;0;0;0;1;1;0;0;0;1;11
L5;5;L;M;14;Voafotsy;1;1;0;1;1;2;0;2;1;0;0;0;1;0;0;0;1;11
L5;5;L;M;14;Voanaka;1;0;0;1;2;2;0;2;0;0;0;0;1;0;0;0;1;10
L5;5;L;M;14;Voaroitsaka;1;0;0;1;1;2;0;2;0;0;1;0;1;0;0;0;1;10
L5;5;L;M;14;Voatsitakajaza;1;0;0;1;1;2;0;1;1;0;0;1;1;2;0;0;1;12
M1;1;M;F;15;Raketa;1;0;0;1;0;0;1;2;0;0;1;0;0;0;0;0;1;7
M1;1;M;F;15;Rotsy;1;0;0;0;0;0;0;4;0;0;1;0;1;0;0;0;1;8
M1;1;M;F;15;Voanaka;1;0;0;1;3;0;0;4;1;0;0;0;1;0;0;0;1;12
M1;1;M;F;15;Voaroy;0;0;0;0;0;0;0;4;1;0;1;0;0;0;0;0;1;7
M1;1;M;F;15;Voatsitakajaza;1;1;1;1;2;0;0;2;0;0;0;0;1;0;0;0;1;10
M2;2;M;F;15;Ana;0;0;0;1;3;0;0;3;0;0;0;0;0;0;0;0;1;8
M2;2;M;F;15;Goavy;0;0;0;1;2;0;0;2;0;0;0;0;0;0;0;0;1;6
M2;2;M;F;15;Kilela;1;0;1;1;3;0;0;3;0;0;0;0;0;0;0;0;1;10
M2;2;M;F;15;Tsitsitrotroka;1;0;1;1;3;0;0;3;0;0;0;0;0;0;0;0;1;10
M2;2;M;F;15;Voaroitsaka;0;0;0;1;0;0;0;2;0;0;0;0;0;0;0;0;1;4
M2;2;M;F;15;Zamborizany;0;0;0;1;3;0;0;4;0;0;0;0;0;0;0;0;1;9
M3;3;M;F;15;Goavy;1;0;0;0;2;1;0;2;0;0;1;0;0;0;0;0;1;8
M3;3;M;F;15;Kilela;1;0;0;1;0;1;0;2;0;0;1;1;0;0;0;0;1;8
M3;3;M;F;15;Lamoty;1;0;0;0;0;0;0;1;0;0;0;0;0;0;0;0;1;3
M3;3;M;F;15;Roimbosa;1;0;0;1;1;0;0;2;0;0;1;0;0;0;0;0;1;7
M3;3;M;F;15;Rotsy;1;0;1;1;1;0;0;2;0;0;0;0;0;0;0;0;1;7
M3;3;M;F;15;Voafotsy;1;1;0;1;1;0;0;1;0;0;0;0;0;0;0;0;1;6
M3;3;M;F;15;Voanaka;1;1;1;0;1;1;0;2;0;0;0;0;0;0;0;0;1;8
M3;3;M;F;15;Voaroitsaka;1;0;0;1;1;1;0;2;0;0;1;0;0;0;0;0;1;8
M3;3;M;F;15;Voatsitakajaza;1;0;0;1;1;1;0;1;0;0;0;0;0;0;0;0;1;6
M3;3;M;F;15;Zamborizany;1;0;0;1;1;1;0;2;0;1;0;0;0;0;0;0;1;8
M4;4;M;M;13;Kilela;1;0;0;0;0;0;0;0;0;0;0;0;0;0;1;0;1;3
M4;4;M;M;13;Lanary;1;0;0;1;0;0;0;4;0;0;0;1;0;1;0;0;1;9
M4;4;M;M;13;Rotsy;1;0;0;0;0;1;0;1;0;0;0;0;0;0;0;0;1;4
M4;4;M;M;13;Voatabiahazo;0;0;0;0;0;1;0;3;0;0;0;1;0;0;0;0;1;6
M5;5;M;M;15;Goavy;1;0;0;1;0;1;0;2;0;0;0;0;0;0;0;0;1;6
M5;5;M;M;15;Kilela;1;0;0;1;2;1;0;2;0;0;1;0;0;0;0;0;1;9
M5;5;M;M;15;Rotsy;1;0;0;0;0;1;0;1;0;0;1;1;0;0;0;0;1;6
M5;5;M;M;15;Voafotsy;1;1;0;1;0;1;0;1;0;0;0;0;0;0;0;0;1;6
M5;5;M;M;15;Voatsitakajaza;1;1;0;1;0;1;0;1;0;0;0;1;0;0;0;0;1;7
N3;3;N;F;16;Goavy;1;0;0;1;1;1;0;3;0;0;1;1;0;0;0;0;1;10
N3;3;N;F;16;Kilela;1;0;1;1;1;1;0;2;0;1;1;1;0;0;0;0;1;11
N3;3;N;F;16;Rotsy;1;0;0;1;2;1;0;2;0;0;0;0;0;0;0;0;1;8
N3;3;N;F;16;Voafotsy;1;0;0;1;1;1;0;2;0;0;1;1;0;0;2;0;1;11
N3;3;N;F;16;Voanaka;1;0;1;1;2;0;0;3;1;1;0;1;0;0;1;0;1;13
N3;3;N;F;16;Voaroitsaka;1;0;0;1;1;1;0;2;0;0;1;0;0;0;0;0;1;8
N3;3;N;F;16;Voatsitakajaza;1;1;0;1;1;1;0;3;1;0;0;1;0;0;0;0;1;11
O1;1;O;F;16;Goavy;1;0;0;1;1;0;2;3;1;0;1;0;0;1;0;0;1;12
O1;1;O;F;16;Kilela;1;0;1;1;3;2;0;4;1;0;1;0;0;0;0;0;1;15
O1;1;O;F;16;Petity;0;0;0;0;0;0;0;2;1;0;0;0;0;0;0;0;1;4
O1;1;O;F;16;Voanaka;1;1;1;1;3;0;2;2;0;0;1;0;0;0;0;0;1;13
O1;1;O;F;16;Voaroitsaka;1;0;0;1;0;0;0;4;0;0;0;0;0;0;0;0;1;7
O2;2;O;F;17;Kilela;1;1;1;1;3;0;3;3;3;1;1;0;0;1;0;0;1;20
O2;2;O;F;17;Manga;0;0;0;0;0;0;0;2;0;0;0;0;0;0;0;0;1;3
O2;2;O;F;17;Paiso;1;0;0;1;3;0;0;3;0;0;0;1;0;3;0;0;1;13
O2;2;O;F;17;Paoma;0;0;0;0;0;0;0;2;1;0;1;0;0;0;0;0;1;5
O2;2;O;F;17;Voaloboka;1;1;1;1;2;0;0;4;1;1;0;0;0;0;0;0;1;13
O3;3;O;F;16;Goavy;0;1;1;0;1;1;0;1;0;0;0;0;0;0;0;0;0;5
O3;3;O;F;16;Kilela;1;1;0;0;1;1;0;1;0;0;1;0;0;0;1;0;1;8
O3;3;O;F;16;Lamoty;1;1;1;1;1;1;0;1;0;1;0;0;0;1;0;0;1;10
O3;3;O;F;16;Petity;1;1;0;0;1;1;0;1;1;0;0;0;0;0;0;0;1;7
O3;3;O;F;16;Roimbosa;1;1;1;1;1;1;1;1;1;0;1;0;0;0;0;0;1;11
O3;3;O;F;16;Rotsy;1;1;0;0;1;0;0;1;0;0;0;0;0;1;0;0;1;6
O3;3;O;F;16;Voanaka;1;1;1;1;1;1;0;1;0;0;0;0;0;0;0;0;1;8
O3;3;O;F;16;Voarafy;1;1;0;1;1;1;0;1;0;0;0;0;0;0;0;0;1;7
O3;3;O;F;16;Voaroitsaka;1;1;0;0;1;0;0;1;0;0;0;0;0;0;0;0;1;5
O3;3;O;F;16;Voatsitakajaza;1;1;0;1;1;1;0;1;0;0;0;0;0;0;0;0;0;6
O4;4;O;F;13;Goavy;1;0;0;0;1;1;0;4;0;0;0;1;0;0;0;0;1;9
O4;4;O;F;13;Lanary;1;0;0;0;1;1;0;4;0;0;0;1;0;0;0;0;1;9
O4;4;O;F;13;Rosty;1;0;0;0;1;1;0;2;0;0;0;1;0;0;0;0;1;7
O4;4;O;F;13;Voatabiahazo;1;0;0;0;1;1;0;1;0;0;0;1;0;0;0;0;1;6
O5;5;O;F;13;Goavy;1;0;0;0;0;1;0;1;0;0;1;0;0;0;0;0;1;5
O5;5;O;F;13;Kilela;0;0;0;0;0;1;0;0;0;0;0;0;0;0;0;0;1;2
O5;5;O;F;13;Kilenga;1;1;1;1;2;1;0;3;0;0;0;0;0;0;0;0;1;11
O5;5;O;F;13;Lamoty;1;0;0;0;0;1;0;2;0;0;0;0;0;1;0;0;1;6
O5;5;O;F;13;Nakasimba;0;0;0;0;3;1;0;3;1;1;0;0;0;0;0;0;1;10
O5;5;O;F;13;Petity;0;0;0;0;0;1;0;3;0;0;0;0;0;0;0;0;1;5
O5;5;O;F;13;Voanaka;1;0;0;0;0;1;0;3;0;0;0;0;0;0;0;0;1;6
P1;1;P;F;12;Kilela;1;0;1;1;3;2;3;4;1;0;1;0;1;1;0;0;1;20
P1;1;P;F;12;Petity;0;0;0;0;0;0;0;2;1;0;0;0;0;0;0;0;1;4
P1;1;P;F;12;Raketa;1;0;0;1;3;0;0;4;1;0;1;0;0;0;0;0;1;12
P1;1;P;F;12;Rotsy bory;1;0;0;1;1;0;0;4;1;0;1;0;0;0;0;0;1;10
P1;1;P;F;12;Voanaka;1;0;1;1;3;2;0;4;1;0;1;0;0;0;0;0;1;15
P1;1;P;F;12;Voaroitsaka;1;0;1;1;1;0;0;4;1;0;1;0;0;0;0;0;1;11
P2;2;P;F;17;Goavy;0;0;0;0;0;0;0;3;0;0;0;0;0;0;0;0;1;4
P2;2;P;F;17;Manga;0;0;0;0;0;0;0;2;0;0;0;0;0;0;0;0;1;3
P2;2;P;F;17;Paiso;0;0;0;0;0;0;0;0;1;0;0;0;0;0;0;0;1;2
P2;2;P;F;17;Voanaka;0;0;0;0;0;0;0;2;0;0;0;0;0;0;0;0;1;3
P2;2;P;F;17;Voaroihazo;0;0;0;0;0;0;0;4;0;0;1;0;0;0;0;0;1;6
P2;2;P;F;17;Voaroitsaka;0;0;0;0;0;0;0;4;0;0;1;0;0;0;0;0;1;6
P2;2;P;F;17;Voatsitakajaza;0;0;0;0;0;0;0;3;0;0;0;0;0;0;0;0;1;4
P3;3;P;F;13;Goavy;0;0;1;0;1;1;0;2;0;0;0;0;0;0;0;0;1;6
P3;3;P;F;13;Kilela;1;0;1;1;3;1;0;3;0;0;1;0;0;0;0;0;1;12
P3;3;P;F;13;Petity;1;0;1;0;2;1;0;2;1;0;0;0;0;0;0;0;1;9
P3;3;P;F;13;Roimbosa;1;0;0;1;1;1;0;4;0;0;0;0;0;0;0;0;1;9
P3;3;P;F;13;Rotsy;1;1;1;1;3;1;0;2;0;0;1;0;0;0;0;0;1;12
P3;3;P;F;13;Voafotsy;0;0;1;0;1;1;0;2;0;0;0;0;0;0;0;0;1;6
P3;3;P;F;13;Voanaka;1;0;0;0;1;1;0;3;0;0;0;0;0;0;0;0;1;7
P3;3;P;F;13;Voaroitsaka;1;0;1;1;1;1;0;2;1;0;0;0;0;0;0;0;1;9
P5;5;P;F;12;Goavy;1;0;1;0;0;1;1;2;0;1;1;0;0;0;0;0;1;9
P5;5;P;F;12;Kilela;1;0;0;0;0;1;0;2;0;0;1;1;0;0;0;0;1;7
P5;5;P;F;12;Kilenga;1;0;1;0;2;0;0;0;0;0;0;0;0;0;0;0;1;5
P5;5;P;F;12;Rotsy bory;1;0;0;0;0;0;0;1;0;0;1;1;0;0;0;0;1;5
P5;5;P;F;12;Voanaka;1;0;0;0;0;0;0;4;0;0;1;0;0;0;0;0;1;7
P5;5;P;F;12;Voaroy;1;0;0;1;0;1;0;4;1;0;1;1;0;0;2;0;1;13
P5;5;P;F;12;Voatsitakajaza;1;0;0;0;0;1;0;1;0;0;0;1;0;0;0;0;1;5
Q1;1;Q;F;14;Kilela;1;0;1;1;3;0;3;4;1;0;1;0;0;1;0;0;1;17
Q1;1;Q;F;14;Lamoty;1;0;0;0;3;1;0;3;0;0;0;0;0;0;0;0;1;9
Q1;1;Q;F;14;Petity;0;0;0;0;0;0;0;2;1;0;0;0;0;0;0;0;1;4
Q1;1;Q;F;14;Voaroitsaka;1;0;1;1;3;1;0;4;1;0;0;0;0;0;0;0;1;13
Q1;1;Q;F;14;Voatsitakajaza;1;0;0;1;1;1;0;3;1;0;1;0;0;1;0;0;1;11
Q2;2;Q;F;17;Goavy;0;0;0;0;0;0;0;2;0;0;0;0;0;0;0;0;1;3
Q2;2;Q;F;17;Goavy tsinahy;0;0;0;0;0;0;0;2;0;0;0;0;0;0;0;0;1;3
Q2;2;Q;F;17;Kilela;1;0;0;1;3;0;0;3;0;0;0;0;1;1;0;0;1;11
Q2;2;Q;F;17;Manga;0;0;0;0;0;0;0;2;0;0;0;0;0;0;0;0;1;3
Q2;2;Q;F;17;Paiso;1;0;0;0;1;0;0;2;0;0;0;0;0;2;0;0;1;7
Q2;2;Q;F;17;Paoma;0;0;0;0;0;0;0;2;0;0;0;0;0;0;0;0;1;3
Q2;2;Q;F;17;Rotsy;0;0;0;0;0;1;0;3;0;0;0;1;0;0;0;0;1;6
Q2;2;Q;F;17;Voaloboka;0;0;0;0;0;0;0;2;0;0;0;0;0;0;0;0;1;3
Q2;2;Q;F;17;Voanaka;0;0;0;0;0;0;0;2;0;0;0;0;0;0;0;0;1;3
Q2;2;Q;F;17;Voaroitsaka;0;0;0;0;0;0;0;4;0;0;0;1;0;0;0;0;1;6
Q2;2;Q;F;17;Voaroy;1;0;0;0;1;0;0;2;0;0;0;1;0;0;0;0;1;6
Q3;3;Q;F;14;Goavy;0;0;0;1;2;1;0;1;0;0;0;0;0;0;0;0;1;6
Q3;3;Q;F;14;Kilela;1;0;0;1;2;1;0;3;0;0;1;0;0;0;0;0;1;10
Q3;3;Q;F;14;Lamoty;1;0;1;1;2;1;0;3;0;0;1;1;0;0;0;0;1;12
Q3;3;Q;F;14;Petity;1;0;0;1;2;1;0;1;1;1;0;0;0;0;0;0;1;9
Q3;3;Q;F;14;Rotsy bory;1;0;0;1;2;1;0;3;0;0;1;0;0;0;0;0;1;10
Q3;3;Q;F;14;Tsipoaka;1;1;1;1;3;1;2;4;1;0;1;1;1;0;0;0;1;19
Q3;3;Q;F;14;Voanaka;1;0;0;1;0;1;0;3;0;0;0;1;0;0;0;0;1;8
Q3;3;Q;F;14;Voaroy;1;0;0;1;1;0;0;2;0;0;0;0;0;0;0;0;1;6
R1;1;R;F;14;Goavy;1;0;0;1;1;1;3;3;0;0;1;0;1;0;0;0;1;13
R1;1;R;F;14;Kilela;1;0;1;1;3;0;3;3;0;0;1;0;1;0;0;0;1;15
R1;1;R;F;14;Raketa;1;0;0;1;0;0;1;2;0;0;1;0;0;0;0;0;1;7
R1;1;R;F;14;Rotsy bory;0;0;0;0;1;0;0;3;0;0;0;0;0;0;0;0;0;4
R1;1;R;F;14;Sevafotsy;0;0;1;0;1;0;0;4;0;0;0;0;0;0;0;0;0;6
R1;1;R;F;14;Voaroitsaka;0;0;0;0;0;0;0;4;1;0;1;0;0;0;0;0;1;7
R1;1;R;F;14;Voatsitakajaza;1;1;1;0;3;1;0;2;0;0;0;0;1;0;0;0;1;11
R2;2;R;M;17;Goavy;1;0;0;0;3;1;0;4;1;0;1;0;0;2;0;0;1;14
R3;3;R;F;15;Goavy;1;0;0;1;0;1;0;1;0;0;0;1;0;0;0;0;1;6
R3;3;R;F;15;Kilela;1;0;0;1;0;1;0;1;0;0;0;1;0;0;0;0;1;6
R3;3;R;F;15;Lamoty;1;0;0;1;0;0;0;1;0;0;0;0;0;0;0;0;1;4
R3;3;R;F;15;Petity;1;0;0;1;0;1;0;1;0;0;0;0;0;0;0;0;1;5
R3;3;R;F;15;Voafotsy;1;0;0;1;0;1;0;1;0;0;0;0;0;0;0;0;1;5
R3;3;R;F;15;Voanaka;1;0;0;1;0;1;0;3;0;0;0;0;0;0;0;0;1;7
R3;3;R;F;15;Voarafy;1;0;0;1;0;1;0;2;0;0;0;0;0;0;0;0;1;6
R3;3;R;F;15;Voaroy;1;0;0;1;0;1;0;1;0;0;0;0;0;0;0;0;1;5
R3;3;R;F;15;Voatsitakajaza;1;0;0;1;0;1;0;1;0;0;0;0;0;0;0;0;1;5
R5;5;R;M;17;Goavy;1;1;1;1;3;1;2;3;1;1;1;0;0;0;0;0;1;17
R5;5;R;M;17;Kilela;1;0;1;1;1;1;3;3;0;0;1;0;0;0;0;0;1;13
R5;5;R;M;17;Nonoka;1;1;0;1;1;1;0;3;1;0;1;0;0;0;0;0;1;11
R5;5;R;M;17;Raketa;1;1;1;1;1;1;3;4;1;0;1;0;0;0;0;0;1;16
R5;5;R;M;17;Rotsy;1;1;1;1;2;1;0;3;0;0;1;0;0;0;0;0;1;12
R5;5;R;M;17;Voaroitsaka;1;1;1;1;3;1;0;3;1;0;1;0;0;0;0;0;1;14
R5;5;R;M;17;Voatsitakajaza;1;0;1;1;3;2;0;3;1;0;1;0;0;0;0;0;1;14
S1;1;S;F;15;Kilela;1;1;1;1;3;0;3;3;1;0;1;0;1;0;0;0;1;17
S1;1;S;F;15;Petity;1;0;0;1;1;0;3;3;1;0;1;0;1;0;0;0;1;13
S1;1;S;F;15;Raketa;1;0;0;1;3;0;3;4;0;0;1;0;0;0;0;0;1;14
S1;1;S;F;15;Rotsy;0;0;0;1;0;0;0;4;0;0;0;0;1;0;0;0;0;6
S1;1;S;F;15;Sevafotsy;0;0;1;0;1;0;0;4;0;0;0;0;0;0;0;0;0;6
S1;1;S;F;15;Voaroitsaka;1;0;1;1;0;0;0;2;0;0;0;0;1;0;0;0;0;6
S2;2;S;M;15;Kimba;1;0;0;1;1;0;0;3;1;1;1;1;0;1;2;1;1;15
S3;3;S;F;13;Goavy;1;0;0;0;1;1;0;3;0;0;0;0;0;0;0;0;1;7
S3;3;S;F;13;Kilela;1;0;1;1;3;1;0;3;0;0;0;0;0;0;0;0;1;11
S3;3;S;F;13;Roimbosa;1;1;0;1;2;1;3;4;1;1;1;0;0;0;0;0;1;17
S3;3;S;F;13;Voafotsy;1;0;0;0;2;1;0;4;1;0;0;0;0;0;0;0;1;10
S3;3;S;F;13;Voanaka;1;0;0;0;3;1;0;3;1;0;1;0;0;0;0;0;1;11
S3;3;S;F;13;Voaroitsaka;1;1;0;1;2;1;0;1;1;0;0;0;0;0;0;0;1;9
S5;5;S;M;17;Akondro;1;1;0;1;3;1;3;3;1;0;1;0;0;0;0;0;1;16
S5;5;S;M;17;Goavy;1;0;1;0;1;1;0;1;0;0;0;0;0;0;0;0;1;6
S5;5;S;M;17;Kilela;1;0;1;1;1;1;0;1;0;0;0;0;0;0;0;0;1;7
S5;5;S;M;17;Raketa;1;1;1;1;3;1;0;3;1;1;0;0;0;0;0;0;1;14
S5;5;S;M;17;Rotsy;1;0;0;0;1;1;0;3;0;0;0;0;0;0;0;0;1;7
S5;5;S;M;17;Voanaka;1;0;0;0;1;1;0;3;0;0;0;0;0;0;0;0;1;7
S5;5;S;M;17;Voatsitakajaza;1;0;0;0;1;1;0;1;0;0;0;0;0;0;0;0;1;5
T1;1;T;F;14;Goavy;1;0;0;0;0;0;0;3;0;0;1;0;1;0;0;0;1;7
T1;1;T;F;14;Kilela;1;0;0;0;0;2;0;4;0;0;1;0;1;0;0;0;1;10
T1;1;T;F;14;Rotsy;1;0;0;1;3;0;0;4;0;0;0;0;1;0;0;0;1;11
T1;1;T;F;14;Voaroitsaka;1;0;1;1;0;0;0;4;0;1;1;0;1;0;0;0;1;11
T2;2;T;F;17;Kilela;1;0;0;1;0;0;0;1;0;0;0;1;0;0;0;1;1;6
T2;2;T;F;17;Manga;0;0;0;0;0;0;0;2;0;0;0;0;0;0;0;0;1;3
T2;2;T;F;17;Paoma;0;0;0;0;0;0;0;2;0;0;0;0;0;0;0;0;1;3
T2;2;T;F;17;Pibas;1;0;0;1;3;0;0;2;1;1;0;0;0;0;0;0;1;10
T2;2;T;F;17;Voaloboka;1;0;0;1;1;0;0;3;0;0;0;0;0;1;0;0;1;8
T2;2;T;F;17;Voanaka;1;0;0;1;1;0;0;0;0;0;0;0;0;0;0;0;1;4
T2;2;T;F;17;Voaroitsaka;1;0;0;1;0;0;0;3;0;0;0;0;0;1;0;0;1;7
T2;2;T;F;17;Voasary;1;0;0;1;1;0;0;2;0;0;0;1;0;0;0;1;1;8
T2;2;T;F;17;Voatsitakajaza;1;0;0;1;0;0;0;3;0;0;0;0;0;0;0;0;1;6
T3;3;T;F;15;Anamamy;1;0;0;0;3;0;0;0;0;0;0;0;0;0;0;0;1;5
T3;3;T;F;15;Fopoho;0;0;0;1;1;1;0;2;0;0;0;1;0;0;0;0;1;7
T3;3;T;F;15;Goavy;0;0;0;0;1;1;0;3;1;0;0;0;0;0;0;0;1;7
T3;3;T;F;15;Kilela;1;1;1;1;3;0;0;4;1;0;0;0;0;0;0;0;1;13
T3;3;T;F;15;Kilenga;1;0;0;0;1;1;0;0;0;0;0;1;0;0;0;0;1;5
T3;3;T;F;15;Rotsy;1;0;0;1;1;0;0;4;0;0;0;0;0;0;0;0;1;8
T3;3;T;F;15;Trakavola;1;0;1;0;1;0;0;0;0;0;0;0;0;0;0;0;1;4
T3;3;T;F;15;Tsipoaka;1;1;1;1;3;0;0;0;1;0;0;1;0;0;0;0;1;10
T3;3;T;F;15;Voanaka;1;0;0;0;1;0;0;2;0;0;0;0;0;0;0;0;1;5
T3;3;T;F;15;Voarafy;0;0;0;1;1;0;0;3;1;1;0;0;0;0;0;0;1;8
T3;3;T;F;15;Voaroy;1;0;0;1;2;1;0;1;0;1;0;0;0;0;0;0;1;8
T5;5;T;M;15;Goavy;1;0;0;1;1;2;0;1;0;0;1;0;1;0;0;0;1;9
T5;5;T;M;15;Kilela;1;0;0;0;0;2;0;1;0;0;0;0;0;0;0;0;1;5
T5;5;T;M;15;Kitonda;1;0;0;1;1;2;0;4;1;0;1;0;1;0;0;0;1;13
T5;5;T;M;15;Raketa;1;1;0;1;3;2;3;4;1;0;1;0;1;0;0;0;1;19
T5;5;T;M;15;Rotsy;1;1;0;1;3;2;0;4;1;0;1;0;1;0;0;0;1;16
T5;5;T;M;15;Voanaka;1;0;0;0;1;2;0;2;0;0;0;0;0;0;0;0;1;7
T5;5;T;M;15;Voaroitsaka;1;0;0;0;1;2;0;1;0;0;0;0;0;0;0;0;1;6
T5;5;T;M;15;Voatsitakajaza;1;0;0;1;1;2;0;1;0;0;1;0;1;0;0;0;1;9